SaleID,ProductID,CustomerID,Quantity,SaleDate
1,22,35,16,1/1/2024 0:00
2,171,271,9,1/1/2024 1:00
3,165,449,10,1/1/2024 2:00
4,189,474,6,1/1/2024 3:00
5,97,227,5,1/1/2024 4:00
6,184,25,2,1/1/2024 5:00
7,3,234,11,1/1/2024 6:00
8,191,59,9,1/1/2024 7:00
9,118,251,6,1/1/2024 8:00
10,19,335,8,1/1/2024 9:00
11,23,86,9,1/1/2024 10:00
12,157,251,9,1/1/2024 11:00
13,30,390,8,1/1/2024 12:00
14,39,180,12,1/1/2024 13:00
15,108,207,8,1/1/2024 14:00
16,111,344,3,1/1/2024 15:00
17,25,149,13,1/1/2024 16:00
18,128,71,19,1/1/2024 17:00
19,111,121,2,1/1/2024 18:00
20,136,253,17,1/1/2024 19:00
21,106,93,16,1/1/2024 20:00
22,186,256,4,1/1/2024 21:00
23,144,254,18,1/1/2024 22:00
24,72,352,14,1/1/2024 23:00
25,129,288,2,1/2/2024 0:00
26,108,309,13,1/2/2024 1:00
27,5,59,17,1/2/2024 2:00
28,3,69,15,1/2/2024 3:00
29,193,446,5,1/2/2024 4:00
30,132,388,7,1/2/2024 5:00
31,104,86,18,1/2/2024 6:00
32,64,274,11,1/2/2024 7:00
33,106,227,18,1/2/2024 8:00
34,98,81,5,1/2/2024 9:00
35,10,498,13,1/2/2024 10:00
36,149,114,18,1/2/2024 11:00
37,128,184,2,1/2/2024 12:00
38,46,280,4,1/2/2024 13:00
39,155,322,13,1/2/2024 14:00
40,66,397,16,1/2/2024 15:00
41,169,318,6,1/2/2024 16:00
42,112,54,8,1/2/2024 17:00
43,13,399,16,1/2/2024 18:00
44,137,197,13,1/2/2024 19:00
45,164,387,4,1/2/2024 20:00
46,86,293,2,1/2/2024 21:00
47,90,293,9,1/2/2024 22:00
48,58,485,18,1/2/2024 23:00
49,54,387,17,1/3/2024 0:00
50,12,447,8,1/3/2024 1:00
51,14,291,15,1/3/2024 2:00
52,121,180,9,1/3/2024 3:00
53,162,471,17,1/3/2024 4:00
54,181,380,2,1/3/2024 5:00
55,121,412,6,1/3/2024 6:00
56,20,222,5,1/3/2024 7:00
57,75,274,17,1/3/2024 8:00
58,144,378,2,1/3/2024 9:00
59,70,244,18,1/3/2024 10:00
60,56,420,10,1/3/2024 11:00
61,101,417,10,1/3/2024 12:00
62,186,448,6,1/3/2024 13:00
63,132,154,12,1/3/2024 14:00
64,111,304,17,1/3/2024 15:00
65,125,424,13,1/3/2024 16:00
66,132,273,16,1/3/2024 17:00
67,20,424,10,1/3/2024 18:00
68,138,135,2,1/3/2024 19:00
69,24,313,2,1/3/2024 20:00
70,154,8,7,1/3/2024 21:00
71,37,128,6,1/3/2024 22:00
72,54,373,1,1/3/2024 23:00
73,103,56,12,1/4/2024 0:00
74,149,126,13,1/4/2024 1:00
75,38,159,12,1/4/2024 2:00
76,174,59,19,1/4/2024 3:00
77,4,58,9,1/4/2024 4:00
78,188,140,10,1/4/2024 5:00
79,57,176,17,1/4/2024 6:00
80,173,415,18,1/4/2024 7:00
81,20,108,8,1/4/2024 8:00
82,17,211,7,1/4/2024 9:00
83,119,447,9,1/4/2024 10:00
84,71,74,10,1/4/2024 11:00
85,4,167,12,1/4/2024 12:00
86,14,460,15,1/4/2024 13:00
87,3,404,15,1/4/2024 14:00
88,80,357,4,1/4/2024 15:00
89,186,304,4,1/4/2024 16:00
90,55,233,1,1/4/2024 17:00
91,132,327,12,1/4/2024 18:00
92,120,372,2,1/4/2024 19:00
93,24,182,15,1/4/2024 20:00
94,162,122,17,1/4/2024 21:00
95,158,334,7,1/4/2024 22:00
96,82,203,6,1/4/2024 23:00
97,147,455,12,1/5/2024 0:00
98,159,29,19,1/5/2024 1:00
99,188,202,1,1/5/2024 2:00
100,60,93,14,1/5/2024 3:00
101,147,329,4,1/5/2024 4:00
102,49,356,5,1/5/2024 5:00
103,63,176,1,1/5/2024 6:00
104,110,330,1,1/5/2024 7:00
105,150,211,6,1/5/2024 8:00
106,152,184,5,1/5/2024 9:00
107,109,95,2,1/5/2024 10:00
108,76,273,5,1/5/2024 11:00
109,30,137,9,1/5/2024 12:00
110,58,237,19,1/5/2024 13:00
111,117,353,15,1/5/2024 14:00
112,159,418,13,1/5/2024 15:00
113,100,429,12,1/5/2024 16:00
114,192,472,5,1/5/2024 17:00
115,19,265,2,1/5/2024 18:00
116,176,135,4,1/5/2024 19:00
117,173,144,18,1/5/2024 20:00
118,94,19,10,1/5/2024 21:00
119,183,231,13,1/5/2024 22:00
120,113,134,12,1/5/2024 23:00
121,183,114,2,1/6/2024 0:00
122,146,499,15,1/6/2024 1:00
123,63,139,14,1/6/2024 2:00
124,116,125,10,1/6/2024 3:00
125,113,204,8,1/6/2024 4:00
126,47,61,15,1/6/2024 5:00
127,57,250,13,1/6/2024 6:00
128,118,298,8,1/6/2024 7:00
129,45,13,14,1/6/2024 8:00
130,161,396,1,1/6/2024 9:00
131,145,255,13,1/6/2024 10:00
132,198,85,8,1/6/2024 11:00
133,4,458,18,1/6/2024 12:00
134,148,20,9,1/6/2024 13:00
135,47,50,13,1/6/2024 14:00
136,143,164,3,1/6/2024 15:00
137,198,92,18,1/6/2024 16:00
138,47,88,10,1/6/2024 17:00
139,78,69,5,1/6/2024 18:00
140,124,37,6,1/6/2024 19:00
141,75,253,8,1/6/2024 20:00
142,103,252,7,1/6/2024 21:00
143,137,140,18,1/6/2024 22:00
144,90,355,14,1/6/2024 23:00
145,144,381,15,1/7/2024 0:00
146,69,168,10,1/7/2024 1:00
147,61,54,12,1/7/2024 2:00
148,138,386,7,1/7/2024 3:00
149,50,178,7,1/7/2024 4:00
150,3,297,11,1/7/2024 5:00
151,107,301,13,1/7/2024 6:00
152,113,359,15,1/7/2024 7:00
153,94,106,18,1/7/2024 8:00
154,118,137,7,1/7/2024 9:00
155,198,190,6,1/7/2024 10:00
156,81,128,11,1/7/2024 11:00
157,109,342,8,1/7/2024 12:00
158,51,47,1,1/7/2024 13:00
159,147,5,8,1/7/2024 14:00
160,170,460,8,1/7/2024 15:00
161,35,257,19,1/7/2024 16:00
162,46,300,3,1/7/2024 17:00
163,154,150,5,1/7/2024 18:00
164,69,294,3,1/7/2024 19:00
165,93,243,15,1/7/2024 20:00
166,64,275,14,1/7/2024 21:00
167,165,208,15,1/7/2024 22:00
168,49,415,17,1/7/2024 23:00
169,149,115,18,1/8/2024 0:00
170,74,195,2,1/8/2024 1:00
171,192,343,12,1/8/2024 2:00
172,5,170,16,1/8/2024 3:00
173,100,379,4,1/8/2024 4:00
174,70,82,2,1/8/2024 5:00
175,90,154,14,1/8/2024 6:00
176,4,141,11,1/8/2024 7:00
177,126,314,13,1/8/2024 8:00
178,39,146,7,1/8/2024 9:00
179,163,323,10,1/8/2024 10:00
180,129,122,1,1/8/2024 11:00
181,24,252,4,1/8/2024 12:00
182,57,343,18,1/8/2024 13:00
183,100,387,6,1/8/2024 14:00
184,70,311,2,1/8/2024 15:00
185,41,89,3,1/8/2024 16:00
186,182,475,14,1/8/2024 17:00
187,174,58,8,1/8/2024 18:00
188,60,492,16,1/8/2024 19:00
189,108,63,19,1/8/2024 20:00
190,188,347,18,1/8/2024 21:00
191,57,308,6,1/8/2024 22:00
192,31,487,14,1/8/2024 23:00
193,84,473,3,1/9/2024 0:00
194,152,382,16,1/9/2024 1:00
195,36,280,1,1/9/2024 2:00
196,158,72,12,1/9/2024 3:00
197,152,9,14,1/9/2024 4:00
198,108,366,19,1/9/2024 5:00
199,106,421,19,1/9/2024 6:00
200,158,94,9,1/9/2024 7:00
201,86,373,7,1/9/2024 8:00
202,135,339,14,1/9/2024 9:00
203,163,437,5,1/9/2024 10:00
204,183,336,18,1/9/2024 11:00
205,14,152,9,1/9/2024 12:00
206,120,492,7,1/9/2024 13:00
207,138,405,9,1/9/2024 14:00
208,80,356,4,1/9/2024 15:00
209,144,40,17,1/9/2024 16:00
210,182,359,12,1/9/2024 17:00
211,106,495,6,1/9/2024 18:00
212,70,62,18,1/9/2024 19:00
213,44,254,8,1/9/2024 20:00
214,73,454,15,1/9/2024 21:00
215,45,69,3,1/9/2024 22:00
216,184,398,2,1/9/2024 23:00
217,107,245,9,1/10/2024 0:00
218,84,365,8,1/10/2024 1:00
219,82,170,4,1/10/2024 2:00
220,107,178,2,1/10/2024 3:00
221,185,189,14,1/10/2024 4:00
222,21,260,2,1/10/2024 5:00
223,196,72,2,1/10/2024 6:00
224,178,472,7,1/10/2024 7:00
225,161,459,12,1/10/2024 8:00
226,7,17,6,1/10/2024 9:00
227,70,370,18,1/10/2024 10:00
228,127,341,4,1/10/2024 11:00
229,143,57,19,1/10/2024 12:00
230,160,218,13,1/10/2024 13:00
231,148,107,2,1/10/2024 14:00
232,143,304,8,1/10/2024 15:00
233,176,428,19,1/10/2024 16:00
234,199,173,9,1/10/2024 17:00
235,149,219,4,1/10/2024 18:00
236,170,464,16,1/10/2024 19:00
237,154,247,19,1/10/2024 20:00
238,120,218,10,1/10/2024 21:00
239,128,373,6,1/10/2024 22:00
240,142,417,16,1/10/2024 23:00
241,57,31,10,1/11/2024 0:00
242,165,368,13,1/11/2024 1:00
243,58,47,9,1/11/2024 2:00
244,21,134,7,1/11/2024 3:00
245,82,108,4,1/11/2024 4:00
246,69,72,19,1/11/2024 5:00
247,131,327,4,1/11/2024 6:00
248,87,418,19,1/11/2024 7:00
249,165,108,19,1/11/2024 8:00
250,49,309,12,1/11/2024 9:00
251,147,398,13,1/11/2024 10:00
252,115,272,4,1/11/2024 11:00
253,89,171,10,1/11/2024 12:00
254,85,116,7,1/11/2024 13:00
255,128,329,5,1/11/2024 14:00
256,140,74,17,1/11/2024 15:00
257,189,256,18,1/11/2024 16:00
258,169,81,11,1/11/2024 17:00
259,161,268,15,1/11/2024 18:00
260,178,128,7,1/11/2024 19:00
261,117,326,18,1/11/2024 20:00
262,196,403,6,1/11/2024 21:00
263,127,235,18,1/11/2024 22:00
264,71,41,16,1/11/2024 23:00
265,86,181,2,1/12/2024 0:00
266,33,157,19,1/12/2024 1:00
267,81,454,1,1/12/2024 2:00
268,152,59,11,1/12/2024 3:00
269,61,345,5,1/12/2024 4:00
270,61,249,16,1/12/2024 5:00
271,98,192,1,1/12/2024 6:00
272,28,24,19,1/12/2024 7:00
273,186,473,14,1/12/2024 8:00
274,43,400,3,1/12/2024 9:00
275,169,436,2,1/12/2024 10:00
276,167,80,5,1/12/2024 11:00
277,86,134,17,1/12/2024 12:00
278,177,421,18,1/12/2024 13:00
279,17,213,1,1/12/2024 14:00
280,98,388,15,1/12/2024 15:00
281,198,482,9,1/12/2024 16:00
282,198,348,5,1/12/2024 17:00
283,98,166,13,1/12/2024 18:00
284,65,425,19,1/12/2024 19:00
285,74,348,10,1/12/2024 20:00
286,85,337,14,1/12/2024 21:00
287,5,398,12,1/12/2024 22:00
288,2,71,11,1/12/2024 23:00
289,22,214,7,1/13/2024 0:00
290,112,435,17,1/13/2024 1:00
291,57,65,18,1/13/2024 2:00
292,66,221,7,1/13/2024 3:00
293,74,308,6,1/13/2024 4:00
294,98,479,11,1/13/2024 5:00
295,144,286,12,1/13/2024 6:00
296,112,185,16,1/13/2024 7:00
297,179,207,19,1/13/2024 8:00
298,125,466,19,1/13/2024 9:00
299,167,99,11,1/13/2024 10:00
300,86,242,16,1/13/2024 11:00
301,76,158,12,1/13/2024 12:00
302,88,98,8,1/13/2024 13:00
303,168,42,3,1/13/2024 14:00
304,38,139,2,1/13/2024 15:00
305,188,283,6,1/13/2024 16:00
306,59,408,16,1/13/2024 17:00
307,138,227,15,1/13/2024 18:00
308,99,423,14,1/13/2024 19:00
309,192,72,2,1/13/2024 20:00
310,63,243,18,1/13/2024 21:00
311,49,18,14,1/13/2024 22:00
312,192,77,18,1/13/2024 23:00
313,32,45,2,1/14/2024 0:00
314,135,472,1,1/14/2024 1:00
315,21,371,2,1/14/2024 2:00
316,20,343,9,1/14/2024 3:00
317,154,140,9,1/14/2024 4:00
318,127,177,16,1/14/2024 5:00
319,68,222,11,1/14/2024 6:00
320,110,415,6,1/14/2024 7:00
321,116,92,12,1/14/2024 8:00
322,143,22,3,1/14/2024 9:00
323,120,172,12,1/14/2024 10:00
324,79,92,1,1/14/2024 11:00
325,116,192,9,1/14/2024 12:00
326,92,77,6,1/14/2024 13:00
327,14,281,11,1/14/2024 14:00
328,155,364,3,1/14/2024 15:00
329,125,179,4,1/14/2024 16:00
330,168,238,10,1/14/2024 17:00
331,58,135,19,1/14/2024 18:00
332,28,365,6,1/14/2024 19:00
333,26,390,1,1/14/2024 20:00
334,113,280,8,1/14/2024 21:00
335,191,19,8,1/14/2024 22:00
336,66,83,6,1/14/2024 23:00
337,153,228,17,1/15/2024 0:00
338,131,371,19,1/15/2024 1:00
339,200,265,1,1/15/2024 2:00
340,44,112,15,1/15/2024 3:00
341,97,251,13,1/15/2024 4:00
342,42,164,3,1/15/2024 5:00
343,6,358,2,1/15/2024 6:00
344,167,168,3,1/15/2024 7:00
345,180,221,9,1/15/2024 8:00
346,23,408,16,1/15/2024 9:00
347,89,304,13,1/15/2024 10:00
348,123,191,19,1/15/2024 11:00
349,178,325,18,1/15/2024 12:00
350,171,437,12,1/15/2024 13:00
351,147,438,12,1/15/2024 14:00
352,197,170,1,1/15/2024 15:00
353,51,375,8,1/15/2024 16:00
354,11,45,17,1/15/2024 17:00
355,12,381,7,1/15/2024 18:00
356,74,474,9,1/15/2024 19:00
357,8,14,17,1/15/2024 20:00
358,152,231,10,1/15/2024 21:00
359,41,157,4,1/15/2024 22:00
360,164,500,7,1/15/2024 23:00
361,85,134,7,1/16/2024 0:00
362,72,391,8,1/16/2024 1:00
363,55,37,8,1/16/2024 2:00
364,137,53,16,1/16/2024 3:00
365,47,18,12,1/16/2024 4:00
366,143,471,15,1/16/2024 5:00
367,176,492,8,1/16/2024 6:00
368,104,38,9,1/16/2024 7:00
369,42,187,3,1/16/2024 8:00
370,60,385,16,1/16/2024 9:00
371,198,196,15,1/16/2024 10:00
372,12,243,4,1/16/2024 11:00
373,130,300,16,1/16/2024 12:00
374,7,303,10,1/16/2024 13:00
375,80,35,11,1/16/2024 14:00
376,131,215,5,1/16/2024 15:00
377,109,219,11,1/16/2024 16:00
378,3,316,13,1/16/2024 17:00
379,27,90,15,1/16/2024 18:00
380,114,308,6,1/16/2024 19:00
381,107,252,16,1/16/2024 20:00
382,40,8,15,1/16/2024 21:00
383,161,256,11,1/16/2024 22:00
384,129,363,2,1/16/2024 23:00
385,8,208,2,1/17/2024 0:00
386,101,425,12,1/17/2024 1:00
387,160,131,16,1/17/2024 2:00
388,124,224,19,1/17/2024 3:00
389,176,197,2,1/17/2024 4:00
390,107,468,17,1/17/2024 5:00
391,101,142,14,1/17/2024 6:00
392,4,252,16,1/17/2024 7:00
393,198,96,5,1/17/2024 8:00
394,110,26,10,1/17/2024 9:00
395,19,111,17,1/17/2024 10:00
396,32,454,13,1/17/2024 11:00
397,137,123,16,1/17/2024 12:00
398,12,186,9,1/17/2024 13:00
399,139,484,4,1/17/2024 14:00
400,46,168,16,1/17/2024 15:00
401,119,51,11,1/17/2024 16:00
402,16,379,7,1/17/2024 17:00
403,129,5,17,1/17/2024 18:00
404,63,77,13,1/17/2024 19:00
405,109,160,4,1/17/2024 20:00
406,119,208,14,1/17/2024 21:00
407,21,257,10,1/17/2024 22:00
408,158,205,10,1/17/2024 23:00
409,13,255,10,1/18/2024 0:00
410,162,438,12,1/18/2024 1:00
411,4,11,2,1/18/2024 2:00
412,156,437,9,1/18/2024 3:00
413,102,8,5,1/18/2024 4:00
414,59,409,8,1/18/2024 5:00
415,128,424,14,1/18/2024 6:00
416,27,32,7,1/18/2024 7:00
417,69,472,7,1/18/2024 8:00
418,25,28,9,1/18/2024 9:00
419,131,206,3,1/18/2024 10:00
420,97,493,14,1/18/2024 11:00
421,196,387,17,1/18/2024 12:00
422,25,228,18,1/18/2024 13:00
423,148,128,12,1/18/2024 14:00
424,162,255,14,1/18/2024 15:00
425,154,475,13,1/18/2024 16:00
426,126,212,14,1/18/2024 17:00
427,133,239,9,1/18/2024 18:00
428,189,207,19,1/18/2024 19:00
429,9,318,2,1/18/2024 20:00
430,116,283,11,1/18/2024 21:00
431,178,245,17,1/18/2024 22:00
432,134,45,2,1/18/2024 23:00
433,60,105,19,1/19/2024 0:00
434,172,348,7,1/19/2024 1:00
435,121,281,18,1/19/2024 2:00
436,139,234,13,1/19/2024 3:00
437,194,189,5,1/19/2024 4:00
438,175,44,18,1/19/2024 5:00
439,108,494,16,1/19/2024 6:00
440,108,225,15,1/19/2024 7:00
441,131,430,8,1/19/2024 8:00
442,76,142,15,1/19/2024 9:00
443,30,136,1,1/19/2024 10:00
444,21,176,17,1/19/2024 11:00
445,156,142,15,1/19/2024 12:00
446,190,449,14,1/19/2024 13:00
447,161,80,14,1/19/2024 14:00
448,163,82,10,1/19/2024 15:00
449,180,135,2,1/19/2024 16:00
450,34,207,6,1/19/2024 17:00
451,41,344,17,1/19/2024 18:00
452,51,177,5,1/19/2024 19:00
453,175,383,5,1/19/2024 20:00
454,82,243,15,1/19/2024 21:00
455,58,55,15,1/19/2024 22:00
456,75,141,11,1/19/2024 23:00
457,185,457,5,1/20/2024 0:00
458,23,440,1,1/20/2024 1:00
459,176,56,11,1/20/2024 2:00
460,128,15,11,1/20/2024 3:00
461,150,185,6,1/20/2024 4:00
462,17,314,8,1/20/2024 5:00
463,69,419,2,1/20/2024 6:00
464,108,88,15,1/20/2024 7:00
465,139,97,9,1/20/2024 8:00
466,94,144,15,1/20/2024 9:00
467,15,8,8,1/20/2024 10:00
468,91,477,16,1/20/2024 11:00
469,163,215,14,1/20/2024 12:00
470,33,173,15,1/20/2024 13:00
471,125,223,13,1/20/2024 14:00
472,16,40,9,1/20/2024 15:00
473,162,497,1,1/20/2024 16:00
474,66,182,6,1/20/2024 17:00
475,168,270,8,1/20/2024 18:00
476,156,187,18,1/20/2024 19:00
477,47,245,18,1/20/2024 20:00
478,167,478,17,1/20/2024 21:00
479,198,309,16,1/20/2024 22:00
480,148,231,13,1/20/2024 23:00
481,124,383,4,1/21/2024 0:00
482,1,155,4,1/21/2024 1:00
483,200,175,14,1/21/2024 2:00
484,87,336,5,1/21/2024 3:00
485,128,115,16,1/21/2024 4:00
486,191,390,14,1/21/2024 5:00
487,67,311,14,1/21/2024 6:00
488,4,481,14,1/21/2024 7:00
489,186,300,14,1/21/2024 8:00
490,153,18,19,1/21/2024 9:00
491,47,272,3,1/21/2024 10:00
492,38,12,17,1/21/2024 11:00
493,143,404,14,1/21/2024 12:00
494,191,301,10,1/21/2024 13:00
495,21,192,13,1/21/2024 14:00
496,57,232,4,1/21/2024 15:00
497,117,443,11,1/21/2024 16:00
498,181,93,15,1/21/2024 17:00
499,46,478,15,1/21/2024 18:00
500,142,218,2,1/21/2024 19:00
501,145,278,11,1/21/2024 20:00
502,39,353,2,1/21/2024 21:00
503,137,487,5,1/21/2024 22:00
504,99,303,13,1/21/2024 23:00
505,77,29,1,1/22/2024 0:00
506,115,470,7,1/22/2024 1:00
507,134,301,7,1/22/2024 2:00
508,151,77,10,1/22/2024 3:00
509,187,9,6,1/22/2024 4:00
510,91,24,12,1/22/2024 5:00
511,98,15,13,1/22/2024 6:00
512,120,164,11,1/22/2024 7:00
513,46,13,18,1/22/2024 8:00
514,38,347,2,1/22/2024 9:00
515,142,172,16,1/22/2024 10:00
516,100,357,2,1/22/2024 11:00
517,72,327,19,1/22/2024 12:00
518,190,200,6,1/22/2024 13:00
519,35,485,1,1/22/2024 14:00
520,147,489,11,1/22/2024 15:00
521,30,462,18,1/22/2024 16:00
522,78,378,10,1/22/2024 17:00
523,84,76,18,1/22/2024 18:00
524,113,164,1,1/22/2024 19:00
525,25,372,19,1/22/2024 20:00
526,168,61,16,1/22/2024 21:00
527,88,488,7,1/22/2024 22:00
528,14,465,15,1/22/2024 23:00
529,154,424,1,1/23/2024 0:00
530,102,245,9,1/23/2024 1:00
531,150,477,2,1/23/2024 2:00
532,176,382,17,1/23/2024 3:00
533,83,155,10,1/23/2024 4:00
534,110,257,6,1/23/2024 5:00
535,179,244,5,1/23/2024 6:00
536,131,162,8,1/23/2024 7:00
537,170,68,8,1/23/2024 8:00
538,19,344,5,1/23/2024 9:00
539,28,277,12,1/23/2024 10:00
540,173,161,7,1/23/2024 11:00
541,71,391,13,1/23/2024 12:00
542,63,449,13,1/23/2024 13:00
543,73,489,17,1/23/2024 14:00
544,124,259,4,1/23/2024 15:00
545,119,492,18,1/23/2024 16:00
546,121,307,10,1/23/2024 17:00
547,19,335,3,1/23/2024 18:00
548,175,95,12,1/23/2024 19:00
549,142,438,1,1/23/2024 20:00
550,120,464,11,1/23/2024 21:00
551,166,458,18,1/23/2024 22:00
552,181,246,13,1/23/2024 23:00
553,61,221,17,1/24/2024 0:00
554,164,123,8,1/24/2024 1:00
555,168,187,19,1/24/2024 2:00
556,30,262,17,1/24/2024 3:00
557,9,413,2,1/24/2024 4:00
558,64,273,3,1/24/2024 5:00
559,161,373,3,1/24/2024 6:00
560,120,60,6,1/24/2024 7:00
561,52,406,10,1/24/2024 8:00
562,89,408,18,1/24/2024 9:00
563,142,125,18,1/24/2024 10:00
564,53,337,14,1/24/2024 11:00
565,187,341,16,1/24/2024 12:00
566,78,51,7,1/24/2024 13:00
567,41,178,1,1/24/2024 14:00
568,196,139,17,1/24/2024 15:00
569,68,440,5,1/24/2024 16:00
570,8,327,1,1/24/2024 17:00
571,2,170,17,1/24/2024 18:00
572,105,39,10,1/24/2024 19:00
573,125,69,12,1/24/2024 20:00
574,110,236,2,1/24/2024 21:00
575,86,48,16,1/24/2024 22:00
576,169,381,15,1/24/2024 23:00
577,120,57,13,1/25/2024 0:00
578,127,277,18,1/25/2024 1:00
579,183,338,14,1/25/2024 2:00
580,16,99,18,1/25/2024 3:00
581,62,404,2,1/25/2024 4:00
582,113,15,2,1/25/2024 5:00
583,176,325,3,1/25/2024 6:00
584,158,461,5,1/25/2024 7:00
585,12,179,16,1/25/2024 8:00
586,35,332,15,1/25/2024 9:00
587,11,62,12,1/25/2024 10:00
588,64,119,9,1/25/2024 11:00
589,50,469,14,1/25/2024 12:00
590,149,37,16,1/25/2024 13:00
591,69,134,11,1/25/2024 14:00
592,48,455,6,1/25/2024 15:00
593,20,26,10,1/25/2024 16:00
594,101,490,8,1/25/2024 17:00
595,195,496,16,1/25/2024 18:00
596,172,8,3,1/25/2024 19:00
597,161,457,2,1/25/2024 20:00
598,189,475,16,1/25/2024 21:00
599,137,4,19,1/25/2024 22:00
600,68,21,9,1/25/2024 23:00
601,35,415,16,1/26/2024 0:00
602,65,149,4,1/26/2024 1:00
603,8,488,10,1/26/2024 2:00
604,45,25,19,1/26/2024 3:00
605,87,487,13,1/26/2024 4:00
606,175,143,18,1/26/2024 5:00
607,168,245,15,1/26/2024 6:00
608,76,419,4,1/26/2024 7:00
609,182,433,9,1/26/2024 8:00
610,76,43,4,1/26/2024 9:00
611,174,425,16,1/26/2024 10:00
612,47,293,15,1/26/2024 11:00
613,15,185,2,1/26/2024 12:00
614,105,42,14,1/26/2024 13:00
615,147,431,3,1/26/2024 14:00
616,26,92,4,1/26/2024 15:00
617,52,317,1,1/26/2024 16:00
618,93,398,9,1/26/2024 17:00
619,150,324,17,1/26/2024 18:00
620,21,53,14,1/26/2024 19:00
621,51,84,17,1/26/2024 20:00
622,38,34,1,1/26/2024 21:00
623,20,76,10,1/26/2024 22:00
624,157,353,16,1/26/2024 23:00
625,179,408,19,1/27/2024 0:00
626,132,404,3,1/27/2024 1:00
627,55,197,12,1/27/2024 2:00
628,199,486,3,1/27/2024 3:00
629,92,286,15,1/27/2024 4:00
630,28,88,17,1/27/2024 5:00
631,4,235,18,1/27/2024 6:00
632,150,232,7,1/27/2024 7:00
633,76,7,19,1/27/2024 8:00
634,173,292,7,1/27/2024 9:00
635,67,38,5,1/27/2024 10:00
636,86,464,8,1/27/2024 11:00
637,194,52,16,1/27/2024 12:00
638,162,143,16,1/27/2024 13:00
639,91,430,19,1/27/2024 14:00
640,183,407,15,1/27/2024 15:00
641,105,396,7,1/27/2024 16:00
642,1,221,5,1/27/2024 17:00
643,72,428,11,1/27/2024 18:00
644,87,240,10,1/27/2024 19:00
645,166,143,9,1/27/2024 20:00
646,6,349,1,1/27/2024 21:00
647,153,493,1,1/27/2024 22:00
648,145,363,8,1/27/2024 23:00
649,61,382,3,1/28/2024 0:00
650,12,49,2,1/28/2024 1:00
651,6,277,4,1/28/2024 2:00
652,27,271,19,1/28/2024 3:00
653,136,14,11,1/28/2024 4:00
654,124,298,5,1/28/2024 5:00
655,106,492,10,1/28/2024 6:00
656,193,464,8,1/28/2024 7:00
657,185,15,13,1/28/2024 8:00
658,93,234,5,1/28/2024 9:00
659,109,63,12,1/28/2024 10:00
660,99,196,13,1/28/2024 11:00
661,168,27,8,1/28/2024 12:00
662,142,471,15,1/28/2024 13:00
663,35,93,13,1/28/2024 14:00
664,176,105,1,1/28/2024 15:00
665,84,309,6,1/28/2024 16:00
666,56,52,11,1/28/2024 17:00
667,177,319,13,1/28/2024 18:00
668,141,457,1,1/28/2024 19:00
669,189,181,11,1/28/2024 20:00
670,49,57,11,1/28/2024 21:00
671,46,120,8,1/28/2024 22:00
672,113,308,3,1/28/2024 23:00
673,190,363,19,1/29/2024 0:00
674,136,43,12,1/29/2024 1:00
675,43,135,6,1/29/2024 2:00
676,148,373,8,1/29/2024 3:00
677,124,426,5,1/29/2024 4:00
678,97,260,10,1/29/2024 5:00
679,90,197,16,1/29/2024 6:00
680,39,133,12,1/29/2024 7:00
681,85,459,17,1/29/2024 8:00
682,177,255,6,1/29/2024 9:00
683,192,489,9,1/29/2024 10:00
684,62,220,10,1/29/2024 11:00
685,106,336,14,1/29/2024 12:00
686,107,41,14,1/29/2024 13:00
687,54,478,17,1/29/2024 14:00
688,126,388,16,1/29/2024 15:00
689,9,255,4,1/29/2024 16:00
690,88,2,2,1/29/2024 17:00
691,37,494,16,1/29/2024 18:00
692,49,195,1,1/29/2024 19:00
693,41,242,3,1/29/2024 20:00
694,17,149,11,1/29/2024 21:00
695,88,198,16,1/29/2024 22:00
696,21,299,18,1/29/2024 23:00
697,51,245,15,1/30/2024 0:00
698,59,338,9,1/30/2024 1:00
699,167,108,12,1/30/2024 2:00
700,183,453,18,1/30/2024 3:00
701,41,393,5,1/30/2024 4:00
702,39,212,8,1/30/2024 5:00
703,141,156,3,1/30/2024 6:00
704,192,26,2,1/30/2024 7:00
705,11,82,19,1/30/2024 8:00
706,147,83,8,1/30/2024 9:00
707,139,131,2,1/30/2024 10:00
708,77,329,19,1/30/2024 11:00
709,127,100,1,1/30/2024 12:00
710,46,256,13,1/30/2024 13:00
711,45,479,17,1/30/2024 14:00
712,1,49,3,1/30/2024 15:00
713,168,401,9,1/30/2024 16:00
714,108,63,5,1/30/2024 17:00
715,19,311,6,1/30/2024 18:00
716,76,407,4,1/30/2024 19:00
717,72,290,17,1/30/2024 20:00
718,200,105,16,1/30/2024 21:00
719,189,105,16,1/30/2024 22:00
720,109,325,11,1/30/2024 23:00
721,12,15,2,1/31/2024 0:00
722,189,175,17,1/31/2024 1:00
723,161,259,15,1/31/2024 2:00
724,45,211,18,1/31/2024 3:00
725,90,412,10,1/31/2024 4:00
726,103,259,6,1/31/2024 5:00
727,197,102,16,1/31/2024 6:00
728,8,260,5,1/31/2024 7:00
729,153,344,12,1/31/2024 8:00
730,91,159,6,1/31/2024 9:00
731,174,45,14,1/31/2024 10:00
732,87,443,16,1/31/2024 11:00
733,158,301,7,1/31/2024 12:00
734,175,251,2,1/31/2024 13:00
735,177,331,6,1/31/2024 14:00
736,175,165,9,1/31/2024 15:00
737,84,193,7,1/31/2024 16:00
738,82,9,2,1/31/2024 17:00
739,146,401,19,1/31/2024 18:00
740,194,374,8,1/31/2024 19:00
741,68,65,11,1/31/2024 20:00
742,161,387,4,1/31/2024 21:00
743,127,495,16,1/31/2024 22:00
744,164,282,18,1/31/2024 23:00
745,82,181,13,2/1/2024 0:00
746,147,415,5,2/1/2024 1:00
747,156,282,2,2/1/2024 2:00
748,168,279,11,2/1/2024 3:00
749,84,30,1,2/1/2024 4:00
750,113,266,13,2/1/2024 5:00
751,76,328,5,2/1/2024 6:00
752,122,492,18,2/1/2024 7:00
753,143,217,14,2/1/2024 8:00
754,41,320,13,2/1/2024 9:00
755,167,406,7,2/1/2024 10:00
756,2,399,8,2/1/2024 11:00
757,191,379,18,2/1/2024 12:00
758,29,105,7,2/1/2024 13:00
759,105,184,17,2/1/2024 14:00
760,194,330,16,2/1/2024 15:00
761,51,148,11,2/1/2024 16:00
762,75,105,19,2/1/2024 17:00
763,10,47,1,2/1/2024 18:00
764,142,87,8,2/1/2024 19:00
765,51,309,1,2/1/2024 20:00
766,118,437,9,2/1/2024 21:00
767,121,129,19,2/1/2024 22:00
768,39,258,9,2/1/2024 23:00
769,28,314,10,2/2/2024 0:00
770,3,147,11,2/2/2024 1:00
771,84,446,1,2/2/2024 2:00
772,198,462,8,2/2/2024 3:00
773,155,72,12,2/2/2024 4:00
774,117,486,1,2/2/2024 5:00
775,2,140,10,2/2/2024 6:00
776,93,410,4,2/2/2024 7:00
777,166,27,15,2/2/2024 8:00
778,131,29,19,2/2/2024 9:00
779,144,271,6,2/2/2024 10:00
780,94,174,5,2/2/2024 11:00
781,40,253,5,2/2/2024 12:00
782,2,385,18,2/2/2024 13:00
783,81,60,3,2/2/2024 14:00
784,169,107,2,2/2/2024 15:00
785,12,220,4,2/2/2024 16:00
786,163,441,18,2/2/2024 17:00
787,65,259,9,2/2/2024 18:00
788,55,371,19,2/2/2024 19:00
789,45,146,10,2/2/2024 20:00
790,101,52,15,2/2/2024 21:00
791,62,60,1,2/2/2024 22:00
792,49,34,11,2/2/2024 23:00
793,127,96,14,2/3/2024 0:00
794,153,477,10,2/3/2024 1:00
795,23,89,19,2/3/2024 2:00
796,152,316,16,2/3/2024 3:00
797,38,410,8,2/3/2024 4:00
798,28,231,2,2/3/2024 5:00
799,21,456,7,2/3/2024 6:00
800,182,275,19,2/3/2024 7:00
801,107,246,7,2/3/2024 8:00
802,146,111,15,2/3/2024 9:00
803,164,234,8,2/3/2024 10:00
804,99,278,14,2/3/2024 11:00
805,173,477,1,2/3/2024 12:00
806,119,417,13,2/3/2024 13:00
807,73,166,3,2/3/2024 14:00
808,181,128,6,2/3/2024 15:00
809,122,237,19,2/3/2024 16:00
810,30,494,15,2/3/2024 17:00
811,188,291,4,2/3/2024 18:00
812,108,107,3,2/3/2024 19:00
813,98,128,4,2/3/2024 20:00
814,32,195,5,2/3/2024 21:00
815,195,339,18,2/3/2024 22:00
816,195,394,10,2/3/2024 23:00
817,156,475,8,2/4/2024 0:00
818,172,143,12,2/4/2024 1:00
819,79,395,3,2/4/2024 2:00
820,41,111,18,2/4/2024 3:00
821,63,90,8,2/4/2024 4:00
822,23,251,1,2/4/2024 5:00
823,104,280,14,2/4/2024 6:00
824,75,333,13,2/4/2024 7:00
825,48,224,12,2/4/2024 8:00
826,160,101,3,2/4/2024 9:00
827,57,132,18,2/4/2024 10:00
828,118,13,13,2/4/2024 11:00
829,100,457,15,2/4/2024 12:00
830,124,441,10,2/4/2024 13:00
831,161,497,1,2/4/2024 14:00
832,152,98,6,2/4/2024 15:00
833,167,120,9,2/4/2024 16:00
834,34,293,10,2/4/2024 17:00
835,184,304,15,2/4/2024 18:00
836,156,199,9,2/4/2024 19:00
837,165,1,14,2/4/2024 20:00
838,7,60,11,2/4/2024 21:00
839,196,250,7,2/4/2024 22:00
840,165,140,2,2/4/2024 23:00
841,56,149,14,2/5/2024 0:00
842,65,395,6,2/5/2024 1:00
843,193,44,5,2/5/2024 2:00
844,47,371,5,2/5/2024 3:00
845,148,186,19,2/5/2024 4:00
846,19,108,19,2/5/2024 5:00
847,157,44,6,2/5/2024 6:00
848,188,78,10,2/5/2024 7:00
849,146,226,14,2/5/2024 8:00
850,163,162,17,2/5/2024 9:00
851,171,281,3,2/5/2024 10:00
852,126,253,1,2/5/2024 11:00
853,139,132,10,2/5/2024 12:00
854,49,448,3,2/5/2024 13:00
855,113,372,5,2/5/2024 14:00
856,38,375,19,2/5/2024 15:00
857,64,474,10,2/5/2024 16:00
858,69,144,16,2/5/2024 17:00
859,136,266,1,2/5/2024 18:00
860,162,109,6,2/5/2024 19:00
861,176,194,9,2/5/2024 20:00
862,116,35,5,2/5/2024 21:00
863,184,467,14,2/5/2024 22:00
864,65,390,10,2/5/2024 23:00
865,31,275,2,2/6/2024 0:00
866,132,187,5,2/6/2024 1:00
867,113,437,1,2/6/2024 2:00
868,109,500,10,2/6/2024 3:00
869,178,243,9,2/6/2024 4:00
870,69,264,3,2/6/2024 5:00
871,158,462,15,2/6/2024 6:00
872,120,10,4,2/6/2024 7:00
873,88,451,13,2/6/2024 8:00
874,187,166,6,2/6/2024 9:00
875,67,29,17,2/6/2024 10:00
876,75,271,5,2/6/2024 11:00
877,45,87,15,2/6/2024 12:00
878,4,23,8,2/6/2024 13:00
879,154,210,5,2/6/2024 14:00
880,155,46,13,2/6/2024 15:00
881,174,467,1,2/6/2024 16:00
882,107,28,1,2/6/2024 17:00
883,192,26,7,2/6/2024 18:00
884,51,266,5,2/6/2024 19:00
885,50,175,14,2/6/2024 20:00
886,6,4,15,2/6/2024 21:00
887,59,311,17,2/6/2024 22:00
888,125,322,18,2/6/2024 23:00
889,143,67,7,2/7/2024 0:00
890,30,135,18,2/7/2024 1:00
891,170,55,19,2/7/2024 2:00
892,122,464,7,2/7/2024 3:00
893,125,31,8,2/7/2024 4:00
894,37,74,13,2/7/2024 5:00
895,170,19,18,2/7/2024 6:00
896,124,156,11,2/7/2024 7:00
897,101,337,9,2/7/2024 8:00
898,35,156,1,2/7/2024 9:00
899,87,147,8,2/7/2024 10:00
900,134,485,12,2/7/2024 11:00
901,196,87,2,2/7/2024 12:00
902,18,20,15,2/7/2024 13:00
903,113,269,18,2/7/2024 14:00
904,29,333,17,2/7/2024 15:00
905,77,43,15,2/7/2024 16:00
906,59,395,9,2/7/2024 17:00
907,175,432,3,2/7/2024 18:00
908,126,399,19,2/7/2024 19:00
909,145,401,18,2/7/2024 20:00
910,109,438,8,2/7/2024 21:00
911,22,306,1,2/7/2024 22:00
912,68,28,15,2/7/2024 23:00
913,69,467,19,2/8/2024 0:00
914,165,260,10,2/8/2024 1:00
915,49,22,12,2/8/2024 2:00
916,141,470,6,2/8/2024 3:00
917,162,375,13,2/8/2024 4:00
918,109,101,4,2/8/2024 5:00
919,86,39,13,2/8/2024 6:00
920,53,290,17,2/8/2024 7:00
921,123,353,1,2/8/2024 8:00
922,87,300,5,2/8/2024 9:00
923,179,170,17,2/8/2024 10:00
924,131,296,18,2/8/2024 11:00
925,42,353,7,2/8/2024 12:00
926,98,396,16,2/8/2024 13:00
927,160,130,8,2/8/2024 14:00
928,109,156,12,2/8/2024 15:00
929,51,74,14,2/8/2024 16:00
930,85,342,19,2/8/2024 17:00
931,174,465,11,2/8/2024 18:00
932,127,90,12,2/8/2024 19:00
933,21,67,13,2/8/2024 20:00
934,44,455,8,2/8/2024 21:00
935,139,236,1,2/8/2024 22:00
936,103,200,9,2/8/2024 23:00
937,68,468,2,2/9/2024 0:00
938,129,332,14,2/9/2024 1:00
939,92,227,13,2/9/2024 2:00
940,191,465,16,2/9/2024 3:00
941,24,348,2,2/9/2024 4:00
942,125,233,4,2/9/2024 5:00
943,141,266,12,2/9/2024 6:00
944,111,86,16,2/9/2024 7:00
945,98,102,10,2/9/2024 8:00
946,139,441,3,2/9/2024 9:00
947,179,481,4,2/9/2024 10:00
948,17,214,6,2/9/2024 11:00
949,99,108,5,2/9/2024 12:00
950,82,165,18,2/9/2024 13:00
951,104,461,3,2/9/2024 14:00
952,152,91,10,2/9/2024 15:00
953,19,192,11,2/9/2024 16:00
954,165,335,19,2/9/2024 17:00
955,85,86,14,2/9/2024 18:00
956,8,222,11,2/9/2024 19:00
957,28,363,4,2/9/2024 20:00
958,5,424,6,2/9/2024 21:00
959,145,101,17,2/9/2024 22:00
960,101,226,19,2/9/2024 23:00
961,164,364,13,2/10/2024 0:00
962,118,60,10,2/10/2024 1:00
963,147,482,11,2/10/2024 2:00
964,64,250,6,2/10/2024 3:00
965,91,48,2,2/10/2024 4:00
966,117,117,1,2/10/2024 5:00
967,98,227,11,2/10/2024 6:00
968,11,362,16,2/10/2024 7:00
969,54,403,3,2/10/2024 8:00
970,173,456,5,2/10/2024 9:00
971,47,487,15,2/10/2024 10:00
972,140,33,15,2/10/2024 11:00
973,149,44,4,2/10/2024 12:00
974,139,476,4,2/10/2024 13:00
975,5,165,8,2/10/2024 14:00
976,184,368,7,2/10/2024 15:00
977,20,345,17,2/10/2024 16:00
978,169,292,15,2/10/2024 17:00
979,46,337,5,2/10/2024 18:00
980,12,344,13,2/10/2024 19:00
981,70,405,4,2/10/2024 20:00
982,17,386,17,2/10/2024 21:00
983,115,287,17,2/10/2024 22:00
984,147,364,14,2/10/2024 23:00
985,154,225,14,2/11/2024 0:00
986,48,286,17,2/11/2024 1:00
987,108,204,8,2/11/2024 2:00
988,52,172,2,2/11/2024 3:00
989,96,12,13,2/11/2024 4:00
990,70,307,16,2/11/2024 5:00
991,183,121,16,2/11/2024 6:00
992,102,433,6,2/11/2024 7:00
993,75,244,4,2/11/2024 8:00
994,161,152,3,2/11/2024 9:00
995,190,152,6,2/11/2024 10:00
996,151,188,4,2/11/2024 11:00
997,143,395,18,2/11/2024 12:00
998,155,13,6,2/11/2024 13:00
999,192,91,5,2/11/2024 14:00
1000,179,200,9,2/11/2024 15:00
1001,181,74,11,2/11/2024 16:00
1002,82,256,6,2/11/2024 17:00
1003,92,456,16,2/11/2024 18:00
1004,179,448,19,2/11/2024 19:00
1005,175,276,11,2/11/2024 20:00
1006,4,328,15,2/11/2024 21:00
1007,135,329,9,2/11/2024 22:00
1008,109,71,19,2/11/2024 23:00
1009,163,78,19,2/12/2024 0:00
1010,48,284,9,2/12/2024 1:00
1011,73,130,4,2/12/2024 2:00
1012,72,377,10,2/12/2024 3:00
1013,116,43,9,2/12/2024 4:00
1014,173,8,19,2/12/2024 5:00
1015,81,13,15,2/12/2024 6:00
1016,81,213,19,2/12/2024 7:00
1017,113,111,2,2/12/2024 8:00
1018,96,476,10,2/12/2024 9:00
1019,72,291,19,2/12/2024 10:00
1020,147,23,17,2/12/2024 11:00
1021,63,302,2,2/12/2024 12:00
1022,38,254,19,2/12/2024 13:00
1023,67,15,17,2/12/2024 14:00
1024,187,130,18,2/12/2024 15:00
1025,69,61,17,2/12/2024 16:00
1026,13,115,2,2/12/2024 17:00
1027,175,460,19,2/12/2024 18:00
1028,189,320,1,2/12/2024 19:00
1029,31,308,11,2/12/2024 20:00
1030,114,420,10,2/12/2024 21:00
1031,22,451,5,2/12/2024 22:00
1032,93,325,16,2/12/2024 23:00
1033,171,67,5,2/13/2024 0:00
1034,67,249,12,2/13/2024 1:00
1035,54,175,4,2/13/2024 2:00
1036,138,339,6,2/13/2024 3:00
1037,42,2,19,2/13/2024 4:00
1038,64,172,9,2/13/2024 5:00
1039,126,485,12,2/13/2024 6:00
1040,21,448,15,2/13/2024 7:00
1041,194,465,16,2/13/2024 8:00
1042,169,334,13,2/13/2024 9:00
1043,152,284,7,2/13/2024 10:00
1044,35,475,4,2/13/2024 11:00
1045,184,54,11,2/13/2024 12:00
1046,30,458,8,2/13/2024 13:00
1047,57,67,6,2/13/2024 14:00
1048,47,420,10,2/13/2024 15:00
1049,163,102,7,2/13/2024 16:00
1050,19,120,7,2/13/2024 17:00
1051,114,191,4,2/13/2024 18:00
1052,8,409,3,2/13/2024 19:00
1053,26,470,7,2/13/2024 20:00
1054,113,304,4,2/13/2024 21:00
1055,71,423,13,2/13/2024 22:00
1056,30,47,17,2/13/2024 23:00
1057,135,222,7,2/14/2024 0:00
1058,67,21,17,2/14/2024 1:00
1059,65,158,4,2/14/2024 2:00
1060,36,348,11,2/14/2024 3:00
1061,25,159,3,2/14/2024 4:00
1062,37,377,11,2/14/2024 5:00
1063,1,372,3,2/14/2024 6:00
1064,143,410,12,2/14/2024 7:00
1065,37,235,1,2/14/2024 8:00
1066,141,150,4,2/14/2024 9:00
1067,136,405,14,2/14/2024 10:00
1068,133,257,1,2/14/2024 11:00
1069,188,165,14,2/14/2024 12:00
1070,128,77,13,2/14/2024 13:00
1071,127,85,13,2/14/2024 14:00
1072,1,46,15,2/14/2024 15:00
1073,164,393,17,2/14/2024 16:00
1074,35,401,12,2/14/2024 17:00
1075,194,47,14,2/14/2024 18:00
1076,191,213,12,2/14/2024 19:00
1077,104,479,18,2/14/2024 20:00
1078,23,487,4,2/14/2024 21:00
1079,9,59,14,2/14/2024 22:00
1080,34,54,19,2/14/2024 23:00
1081,174,342,13,2/15/2024 0:00
1082,128,12,18,2/15/2024 1:00
1083,4,192,11,2/15/2024 2:00
1084,158,6,6,2/15/2024 3:00
1085,102,309,9,2/15/2024 4:00
1086,75,144,12,2/15/2024 5:00
1087,99,346,19,2/15/2024 6:00
1088,72,261,14,2/15/2024 7:00
1089,3,73,15,2/15/2024 8:00
1090,142,174,11,2/15/2024 9:00
1091,188,232,6,2/15/2024 10:00
1092,173,270,14,2/15/2024 11:00
1093,34,428,3,2/15/2024 12:00
1094,45,447,19,2/15/2024 13:00
1095,61,362,11,2/15/2024 14:00
1096,83,222,17,2/15/2024 15:00
1097,123,52,17,2/15/2024 16:00
1098,102,116,3,2/15/2024 17:00
1099,16,26,14,2/15/2024 18:00
1100,66,53,7,2/15/2024 19:00
1101,168,365,19,2/15/2024 20:00
1102,145,29,3,2/15/2024 21:00
1103,119,19,2,2/15/2024 22:00
1104,162,303,17,2/15/2024 23:00
1105,124,392,9,2/16/2024 0:00
1106,144,279,6,2/16/2024 1:00
1107,102,117,9,2/16/2024 2:00
1108,188,106,5,2/16/2024 3:00
1109,66,419,2,2/16/2024 4:00
1110,194,479,15,2/16/2024 5:00
1111,13,309,9,2/16/2024 6:00
1112,184,227,19,2/16/2024 7:00
1113,111,352,10,2/16/2024 8:00
1114,159,186,4,2/16/2024 9:00
1115,34,261,10,2/16/2024 10:00
1116,39,16,8,2/16/2024 11:00
1117,195,273,13,2/16/2024 12:00
1118,136,160,7,2/16/2024 13:00
1119,120,358,7,2/16/2024 14:00
1120,126,250,4,2/16/2024 15:00
1121,55,224,15,2/16/2024 16:00
1122,27,256,12,2/16/2024 17:00
1123,118,180,16,2/16/2024 18:00
1124,53,20,6,2/16/2024 19:00
1125,39,112,9,2/16/2024 20:00
1126,65,120,3,2/16/2024 21:00
1127,145,194,8,2/16/2024 22:00
1128,158,468,7,2/16/2024 23:00
1129,181,111,4,2/17/2024 0:00
1130,13,210,13,2/17/2024 1:00
1131,21,1,19,2/17/2024 2:00
1132,147,58,7,2/17/2024 3:00
1133,53,93,10,2/17/2024 4:00
1134,19,221,12,2/17/2024 5:00
1135,57,211,3,2/17/2024 6:00
1136,25,428,12,2/17/2024 7:00
1137,31,232,19,2/17/2024 8:00
1138,81,262,15,2/17/2024 9:00
1139,183,364,8,2/17/2024 10:00
1140,23,103,12,2/17/2024 11:00
1141,32,50,6,2/17/2024 12:00
1142,190,374,10,2/17/2024 13:00
1143,74,110,2,2/17/2024 14:00
1144,10,456,13,2/17/2024 15:00
1145,200,88,7,2/17/2024 16:00
1146,54,20,8,2/17/2024 17:00
1147,52,14,16,2/17/2024 18:00
1148,148,133,11,2/17/2024 19:00
1149,160,425,4,2/17/2024 20:00
1150,114,296,17,2/17/2024 21:00
1151,14,34,16,2/17/2024 22:00
1152,178,380,19,2/17/2024 23:00
1153,156,208,11,2/18/2024 0:00
1154,110,301,7,2/18/2024 1:00
1155,53,199,13,2/18/2024 2:00
1156,152,80,19,2/18/2024 3:00
1157,79,71,17,2/18/2024 4:00
1158,22,155,13,2/18/2024 5:00
1159,30,78,12,2/18/2024 6:00
1160,191,78,7,2/18/2024 7:00
1161,4,172,1,2/18/2024 8:00
1162,59,289,1,2/18/2024 9:00
1163,8,33,14,2/18/2024 10:00
1164,12,300,15,2/18/2024 11:00
1165,119,276,11,2/18/2024 12:00
1166,159,367,9,2/18/2024 13:00
1167,34,420,17,2/18/2024 14:00
1168,82,7,4,2/18/2024 15:00
1169,98,160,19,2/18/2024 16:00
1170,127,240,7,2/18/2024 17:00
1171,75,451,1,2/18/2024 18:00
1172,105,423,9,2/18/2024 19:00
1173,49,477,13,2/18/2024 20:00
1174,79,24,2,2/18/2024 21:00
1175,185,214,2,2/18/2024 22:00
1176,93,70,15,2/18/2024 23:00
1177,154,368,17,2/19/2024 0:00
1178,18,216,13,2/19/2024 1:00
1179,96,104,7,2/19/2024 2:00
1180,38,215,9,2/19/2024 3:00
1181,87,54,12,2/19/2024 4:00
1182,88,294,3,2/19/2024 5:00
1183,50,330,15,2/19/2024 6:00
1184,8,336,7,2/19/2024 7:00
1185,169,203,1,2/19/2024 8:00
1186,134,288,14,2/19/2024 9:00
1187,69,45,19,2/19/2024 10:00
1188,172,317,16,2/19/2024 11:00
1189,121,198,10,2/19/2024 12:00
1190,64,216,1,2/19/2024 13:00
1191,157,481,5,2/19/2024 14:00
1192,156,309,3,2/19/2024 15:00
1193,139,384,17,2/19/2024 16:00
1194,121,435,18,2/19/2024 17:00
1195,65,332,19,2/19/2024 18:00
1196,107,184,18,2/19/2024 19:00
1197,147,27,16,2/19/2024 20:00
1198,137,166,2,2/19/2024 21:00
1199,155,318,15,2/19/2024 22:00
1200,162,274,13,2/19/2024 23:00
1201,172,383,13,2/20/2024 0:00
1202,196,365,16,2/20/2024 1:00
1203,100,103,8,2/20/2024 2:00
1204,82,448,11,2/20/2024 3:00
1205,143,333,8,2/20/2024 4:00
1206,51,373,10,2/20/2024 5:00
1207,141,104,1,2/20/2024 6:00
1208,83,414,12,2/20/2024 7:00
1209,177,245,9,2/20/2024 8:00
1210,198,305,5,2/20/2024 9:00
1211,112,169,9,2/20/2024 10:00
1212,56,116,16,2/20/2024 11:00
1213,179,141,18,2/20/2024 12:00
1214,165,418,8,2/20/2024 13:00
1215,145,356,11,2/20/2024 14:00
1216,186,478,19,2/20/2024 15:00
1217,157,125,4,2/20/2024 16:00
1218,161,25,10,2/20/2024 17:00
1219,60,194,13,2/20/2024 18:00
1220,120,384,14,2/20/2024 19:00
1221,183,100,2,2/20/2024 20:00
1222,138,402,4,2/20/2024 21:00
1223,175,5,7,2/20/2024 22:00
1224,23,19,19,2/20/2024 23:00
1225,149,170,17,2/21/2024 0:00
1226,13,274,16,2/21/2024 1:00
1227,101,254,13,2/21/2024 2:00
1228,161,121,18,2/21/2024 3:00
1229,24,32,12,2/21/2024 4:00
1230,108,149,1,2/21/2024 5:00
1231,11,266,15,2/21/2024 6:00
1232,17,37,3,2/21/2024 7:00
1233,196,177,6,2/21/2024 8:00
1234,175,342,14,2/21/2024 9:00
1235,25,13,6,2/21/2024 10:00
1236,94,183,1,2/21/2024 11:00
1237,21,145,6,2/21/2024 12:00
1238,84,265,8,2/21/2024 13:00
1239,140,88,15,2/21/2024 14:00
1240,37,428,14,2/21/2024 15:00
1241,42,462,16,2/21/2024 16:00
1242,145,46,16,2/21/2024 17:00
1243,101,392,19,2/21/2024 18:00
1244,48,119,1,2/21/2024 19:00
1245,103,421,4,2/21/2024 20:00
1246,28,19,10,2/21/2024 21:00
1247,41,447,18,2/21/2024 22:00
1248,99,220,2,2/21/2024 23:00
1249,47,430,4,2/22/2024 0:00
1250,146,233,15,2/22/2024 1:00
1251,105,94,4,2/22/2024 2:00
1252,124,455,16,2/22/2024 3:00
1253,199,251,15,2/22/2024 4:00
1254,13,250,18,2/22/2024 5:00
1255,141,282,7,2/22/2024 6:00
1256,100,232,15,2/22/2024 7:00
1257,31,46,11,2/22/2024 8:00
1258,130,374,19,2/22/2024 9:00
1259,16,46,8,2/22/2024 10:00
1260,137,459,1,2/22/2024 11:00
1261,73,14,3,2/22/2024 12:00
1262,166,85,5,2/22/2024 13:00
1263,54,319,18,2/22/2024 14:00
1264,184,328,12,2/22/2024 15:00
1265,100,3,12,2/22/2024 16:00
1266,109,28,19,2/22/2024 17:00
1267,87,381,9,2/22/2024 18:00
1268,173,157,11,2/22/2024 19:00
1269,162,343,17,2/22/2024 20:00
1270,137,402,16,2/22/2024 21:00
1271,8,419,4,2/22/2024 22:00
1272,7,333,10,2/22/2024 23:00
1273,36,332,15,2/23/2024 0:00
1274,18,175,19,2/23/2024 1:00
1275,3,114,3,2/23/2024 2:00
1276,28,389,5,2/23/2024 3:00
1277,70,487,11,2/23/2024 4:00
1278,172,331,5,2/23/2024 5:00
1279,149,250,7,2/23/2024 6:00
1280,28,59,6,2/23/2024 7:00
1281,54,203,13,2/23/2024 8:00
1282,182,315,2,2/23/2024 9:00
1283,65,239,19,2/23/2024 10:00
1284,100,234,11,2/23/2024 11:00
1285,21,303,5,2/23/2024 12:00
1286,13,95,9,2/23/2024 13:00
1287,57,479,6,2/23/2024 14:00
1288,49,141,17,2/23/2024 15:00
1289,118,334,19,2/23/2024 16:00
1290,54,113,8,2/23/2024 17:00
1291,138,109,7,2/23/2024 18:00
1292,53,362,5,2/23/2024 19:00
1293,44,345,15,2/23/2024 20:00
1294,47,289,10,2/23/2024 21:00
1295,53,97,16,2/23/2024 22:00
1296,74,446,9,2/23/2024 23:00
1297,46,335,7,2/24/2024 0:00
1298,13,16,11,2/24/2024 1:00
1299,165,44,9,2/24/2024 2:00
1300,102,442,17,2/24/2024 3:00
1301,24,376,9,2/24/2024 4:00
1302,2,230,3,2/24/2024 5:00
1303,81,390,8,2/24/2024 6:00
1304,100,108,19,2/24/2024 7:00
1305,142,217,16,2/24/2024 8:00
1306,138,399,7,2/24/2024 9:00
1307,163,260,7,2/24/2024 10:00
1308,153,312,13,2/24/2024 11:00
1309,131,320,3,2/24/2024 12:00
1310,111,196,12,2/24/2024 13:00
1311,102,478,8,2/24/2024 14:00
1312,17,418,13,2/24/2024 15:00
1313,12,475,16,2/24/2024 16:00
1314,182,95,7,2/24/2024 17:00
1315,116,56,4,2/24/2024 18:00
1316,24,32,12,2/24/2024 19:00
1317,29,492,17,2/24/2024 20:00
1318,171,231,1,2/24/2024 21:00
1319,153,372,17,2/24/2024 22:00
1320,122,9,2,2/24/2024 23:00
1321,188,191,6,2/25/2024 0:00
1322,90,361,12,2/25/2024 1:00
1323,65,200,11,2/25/2024 2:00
1324,84,334,11,2/25/2024 3:00
1325,119,161,18,2/25/2024 4:00
1326,156,87,8,2/25/2024 5:00
1327,16,21,7,2/25/2024 6:00
1328,175,311,14,2/25/2024 7:00
1329,104,76,16,2/25/2024 8:00
1330,92,441,12,2/25/2024 9:00
1331,186,386,9,2/25/2024 10:00
1332,27,141,16,2/25/2024 11:00
1333,181,126,19,2/25/2024 12:00
1334,170,251,16,2/25/2024 13:00
1335,187,388,9,2/25/2024 14:00
1336,175,84,13,2/25/2024 15:00
1337,162,434,5,2/25/2024 16:00
1338,165,371,19,2/25/2024 17:00
1339,134,48,10,2/25/2024 18:00
1340,135,379,7,2/25/2024 19:00
1341,153,78,9,2/25/2024 20:00
1342,33,30,14,2/25/2024 21:00
1343,55,285,15,2/25/2024 22:00
1344,186,136,13,2/25/2024 23:00
1345,7,140,10,2/26/2024 0:00
1346,57,41,14,2/26/2024 1:00
1347,126,486,12,2/26/2024 2:00
1348,12,282,19,2/26/2024 3:00
1349,16,50,6,2/26/2024 4:00
1350,43,258,12,2/26/2024 5:00
1351,117,311,13,2/26/2024 6:00
1352,135,360,8,2/26/2024 7:00
1353,111,440,16,2/26/2024 8:00
1354,51,270,2,2/26/2024 9:00
1355,160,134,7,2/26/2024 10:00
1356,75,234,12,2/26/2024 11:00
1357,8,128,7,2/26/2024 12:00
1358,200,104,19,2/26/2024 13:00
1359,45,254,14,2/26/2024 14:00
1360,59,95,9,2/26/2024 15:00
1361,132,337,18,2/26/2024 16:00
1362,104,217,11,2/26/2024 17:00
1363,195,61,16,2/26/2024 18:00
1364,157,480,19,2/26/2024 19:00
1365,157,268,11,2/26/2024 20:00
1366,98,241,18,2/26/2024 21:00
1367,156,13,11,2/26/2024 22:00
1368,79,147,4,2/26/2024 23:00
1369,124,428,18,2/27/2024 0:00
1370,172,240,19,2/27/2024 1:00
1371,4,89,13,2/27/2024 2:00
1372,90,95,4,2/27/2024 3:00
1373,104,315,10,2/27/2024 4:00
1374,137,293,5,2/27/2024 5:00
1375,119,25,3,2/27/2024 6:00
1376,133,272,16,2/27/2024 7:00
1377,56,166,8,2/27/2024 8:00
1378,96,427,7,2/27/2024 9:00
1379,178,497,19,2/27/2024 10:00
1380,75,250,14,2/27/2024 11:00
1381,143,87,15,2/27/2024 12:00
1382,32,142,17,2/27/2024 13:00
1383,28,134,1,2/27/2024 14:00
1384,22,473,6,2/27/2024 15:00
1385,17,279,15,2/27/2024 16:00
1386,59,126,12,2/27/2024 17:00
1387,90,316,2,2/27/2024 18:00
1388,199,491,5,2/27/2024 19:00
1389,106,396,9,2/27/2024 20:00
1390,185,141,14,2/27/2024 21:00
1391,26,356,18,2/27/2024 22:00
1392,25,103,8,2/27/2024 23:00
1393,138,226,2,2/28/2024 0:00
1394,45,390,9,2/28/2024 1:00
1395,83,63,7,2/28/2024 2:00
1396,11,294,18,2/28/2024 3:00
1397,181,384,16,2/28/2024 4:00
1398,200,306,5,2/28/2024 5:00
1399,104,254,15,2/28/2024 6:00
1400,68,180,5,2/28/2024 7:00
1401,95,40,11,2/28/2024 8:00
1402,156,264,14,2/28/2024 9:00
1403,65,189,19,2/28/2024 10:00
1404,49,8,3,2/28/2024 11:00
1405,175,104,10,2/28/2024 12:00
1406,52,225,6,2/28/2024 13:00
1407,102,34,3,2/28/2024 14:00
1408,182,236,2,2/28/2024 15:00
1409,188,463,13,2/28/2024 16:00
1410,57,228,18,2/28/2024 17:00
1411,47,188,2,2/28/2024 18:00
1412,159,313,15,2/28/2024 19:00
1413,174,483,5,2/28/2024 20:00
1414,26,430,15,2/28/2024 21:00
1415,114,22,17,2/28/2024 22:00
1416,5,343,2,2/28/2024 23:00
1417,84,40,18,2/29/2024 0:00
1418,52,173,15,2/29/2024 1:00
1419,105,439,3,2/29/2024 2:00
1420,54,179,5,2/29/2024 3:00
1421,161,86,11,2/29/2024 4:00
1422,178,133,9,2/29/2024 5:00
1423,166,351,5,2/29/2024 6:00
1424,155,13,1,2/29/2024 7:00
1425,15,28,14,2/29/2024 8:00
1426,61,84,5,2/29/2024 9:00
1427,122,481,8,2/29/2024 10:00
1428,21,464,14,2/29/2024 11:00
1429,46,318,16,2/29/2024 12:00
1430,197,349,6,2/29/2024 13:00
1431,134,343,8,2/29/2024 14:00
1432,38,280,2,2/29/2024 15:00
1433,62,354,19,2/29/2024 16:00
1434,86,263,9,2/29/2024 17:00
1435,190,166,5,2/29/2024 18:00
1436,78,293,5,2/29/2024 19:00
1437,46,68,19,2/29/2024 20:00
1438,141,226,4,2/29/2024 21:00
1439,3,170,16,2/29/2024 22:00
1440,6,86,16,2/29/2024 23:00
1441,93,133,16,3/1/2024 0:00
1442,8,448,7,3/1/2024 1:00
1443,172,178,18,3/1/2024 2:00
1444,108,490,1,3/1/2024 3:00
1445,161,343,3,3/1/2024 4:00
1446,75,252,8,3/1/2024 5:00
1447,77,15,1,3/1/2024 6:00
1448,50,223,7,3/1/2024 7:00
1449,11,379,7,3/1/2024 8:00
1450,95,201,8,3/1/2024 9:00
1451,156,107,19,3/1/2024 10:00
1452,70,250,17,3/1/2024 11:00
1453,169,437,11,3/1/2024 12:00
1454,16,409,15,3/1/2024 13:00
1455,68,89,9,3/1/2024 14:00
1456,99,125,17,3/1/2024 15:00
1457,48,113,11,3/1/2024 16:00
1458,184,469,6,3/1/2024 17:00
1459,64,137,9,3/1/2024 18:00
1460,187,247,18,3/1/2024 19:00
1461,90,496,2,3/1/2024 20:00
1462,190,166,4,3/1/2024 21:00
1463,76,150,18,3/1/2024 22:00
1464,139,363,1,3/1/2024 23:00
1465,101,343,11,3/2/2024 0:00
1466,89,433,3,3/2/2024 1:00
1467,18,68,8,3/2/2024 2:00
1468,19,221,5,3/2/2024 3:00
1469,55,271,5,3/2/2024 4:00
1470,102,321,11,3/2/2024 5:00
1471,118,310,12,3/2/2024 6:00
1472,154,414,9,3/2/2024 7:00
1473,134,349,13,3/2/2024 8:00
1474,4,20,3,3/2/2024 9:00
1475,108,289,13,3/2/2024 10:00
1476,115,489,11,3/2/2024 11:00
1477,29,492,11,3/2/2024 12:00
1478,59,100,7,3/2/2024 13:00
1479,125,252,17,3/2/2024 14:00
1480,98,470,16,3/2/2024 15:00
1481,17,77,14,3/2/2024 16:00
1482,107,135,1,3/2/2024 17:00
1483,43,392,11,3/2/2024 18:00
1484,80,412,13,3/2/2024 19:00
1485,194,173,1,3/2/2024 20:00
1486,162,363,2,3/2/2024 21:00
1487,8,201,9,3/2/2024 22:00
1488,141,217,13,3/2/2024 23:00
1489,106,376,5,3/3/2024 0:00
1490,8,208,9,3/3/2024 1:00
1491,96,74,13,3/3/2024 2:00
1492,94,11,5,3/3/2024 3:00
1493,65,287,15,3/3/2024 4:00
1494,171,256,7,3/3/2024 5:00
1495,39,12,14,3/3/2024 6:00
1496,81,380,16,3/3/2024 7:00
1497,187,479,6,3/3/2024 8:00
1498,84,78,2,3/3/2024 9:00
1499,88,435,16,3/3/2024 10:00
1500,86,172,19,3/3/2024 11:00
1501,93,96,5,3/3/2024 12:00
1502,86,306,4,3/3/2024 13:00
1503,44,373,14,3/3/2024 14:00
1504,137,273,6,3/3/2024 15:00
1505,165,419,8,3/3/2024 16:00
1506,74,385,3,3/3/2024 17:00
1507,36,413,4,3/3/2024 18:00
1508,101,179,1,3/3/2024 19:00
1509,156,64,2,3/3/2024 20:00
1510,170,132,13,3/3/2024 21:00
1511,171,343,9,3/3/2024 22:00
1512,170,412,12,3/3/2024 23:00
1513,104,272,10,3/4/2024 0:00
1514,66,319,10,3/4/2024 1:00
1515,55,332,18,3/4/2024 2:00
1516,200,437,12,3/4/2024 3:00
1517,176,341,16,3/4/2024 4:00
1518,91,109,6,3/4/2024 5:00
1519,22,273,10,3/4/2024 6:00
1520,101,168,15,3/4/2024 7:00
1521,155,397,9,3/4/2024 8:00
1522,121,180,2,3/4/2024 9:00
1523,93,58,18,3/4/2024 10:00
1524,195,480,12,3/4/2024 11:00
1525,108,421,3,3/4/2024 12:00
1526,141,498,7,3/4/2024 13:00
1527,173,79,9,3/4/2024 14:00
1528,10,460,8,3/4/2024 15:00
1529,9,61,6,3/4/2024 16:00
1530,182,369,1,3/4/2024 17:00
1531,155,121,14,3/4/2024 18:00
1532,34,207,16,3/4/2024 19:00
1533,129,34,16,3/4/2024 20:00
1534,160,70,4,3/4/2024 21:00
1535,89,17,6,3/4/2024 22:00
1536,93,496,15,3/4/2024 23:00
1537,71,497,8,3/5/2024 0:00
1538,67,20,1,3/5/2024 1:00
1539,148,457,13,3/5/2024 2:00
1540,117,315,18,3/5/2024 3:00
1541,94,69,18,3/5/2024 4:00
1542,163,215,13,3/5/2024 5:00
1543,99,161,14,3/5/2024 6:00
1544,113,102,11,3/5/2024 7:00
1545,103,376,7,3/5/2024 8:00
1546,91,206,18,3/5/2024 9:00
1547,90,145,4,3/5/2024 10:00
1548,17,57,17,3/5/2024 11:00
1549,18,83,19,3/5/2024 12:00
1550,173,481,14,3/5/2024 13:00
1551,116,385,10,3/5/2024 14:00
1552,93,269,6,3/5/2024 15:00
1553,181,494,18,3/5/2024 16:00
1554,91,411,4,3/5/2024 17:00
1555,82,454,11,3/5/2024 18:00
1556,68,187,13,3/5/2024 19:00
1557,193,6,8,3/5/2024 20:00
1558,114,353,10,3/5/2024 21:00
1559,1,350,11,3/5/2024 22:00
1560,58,110,3,3/5/2024 23:00
1561,154,483,15,3/6/2024 0:00
1562,109,407,8,3/6/2024 1:00
1563,148,138,18,3/6/2024 2:00
1564,116,51,1,3/6/2024 3:00
1565,87,403,8,3/6/2024 4:00
1566,10,51,3,3/6/2024 5:00
1567,59,476,1,3/6/2024 6:00
1568,41,87,16,3/6/2024 7:00
1569,105,68,9,3/6/2024 8:00
1570,133,84,17,3/6/2024 9:00
1571,122,467,16,3/6/2024 10:00
1572,193,42,6,3/6/2024 11:00
1573,145,219,7,3/6/2024 12:00
1574,22,57,16,3/6/2024 13:00
1575,98,226,8,3/6/2024 14:00
1576,169,196,10,3/6/2024 15:00
1577,68,248,14,3/6/2024 16:00
1578,197,166,11,3/6/2024 17:00
1579,139,62,2,3/6/2024 18:00
1580,56,263,12,3/6/2024 19:00
1581,179,112,13,3/6/2024 20:00
1582,149,253,15,3/6/2024 21:00
1583,99,199,12,3/6/2024 22:00
1584,76,178,13,3/6/2024 23:00
1585,26,436,8,3/7/2024 0:00
1586,115,26,16,3/7/2024 1:00
1587,147,410,3,3/7/2024 2:00
1588,109,246,13,3/7/2024 3:00
1589,188,19,12,3/7/2024 4:00
1590,199,265,19,3/7/2024 5:00
1591,47,317,2,3/7/2024 6:00
1592,71,20,1,3/7/2024 7:00
1593,154,106,8,3/7/2024 8:00
1594,40,237,9,3/7/2024 9:00
1595,133,306,8,3/7/2024 10:00
1596,149,464,17,3/7/2024 11:00
1597,132,246,9,3/7/2024 12:00
1598,23,81,6,3/7/2024 13:00
1599,106,150,15,3/7/2024 14:00
1600,84,397,13,3/7/2024 15:00
1601,143,396,12,3/7/2024 16:00
1602,116,10,13,3/7/2024 17:00
1603,109,321,7,3/7/2024 18:00
1604,136,224,18,3/7/2024 19:00
1605,41,414,14,3/7/2024 20:00
1606,112,264,11,3/7/2024 21:00
1607,147,149,14,3/7/2024 22:00
1608,112,278,17,3/7/2024 23:00
1609,103,274,2,3/8/2024 0:00
1610,46,194,19,3/8/2024 1:00
1611,156,432,16,3/8/2024 2:00
1612,68,172,10,3/8/2024 3:00
1613,122,265,8,3/8/2024 4:00
1614,15,451,5,3/8/2024 5:00
1615,165,310,7,3/8/2024 6:00
1616,129,26,13,3/8/2024 7:00
1617,195,469,16,3/8/2024 8:00
1618,111,350,5,3/8/2024 9:00
1619,24,476,16,3/8/2024 10:00
1620,27,356,15,3/8/2024 11:00
1621,40,26,9,3/8/2024 12:00
1622,191,34,12,3/8/2024 13:00
1623,189,264,8,3/8/2024 14:00
1624,164,138,13,3/8/2024 15:00
1625,24,304,5,3/8/2024 16:00
1626,24,183,14,3/8/2024 17:00
1627,4,363,16,3/8/2024 18:00
1628,67,242,11,3/8/2024 19:00
1629,34,54,12,3/8/2024 20:00
1630,185,462,15,3/8/2024 21:00
1631,177,168,12,3/8/2024 22:00
1632,181,119,9,3/8/2024 23:00
1633,116,143,1,3/9/2024 0:00
1634,23,81,3,3/9/2024 1:00
1635,109,245,12,3/9/2024 2:00
1636,69,402,13,3/9/2024 3:00
1637,95,352,6,3/9/2024 4:00
1638,181,358,10,3/9/2024 5:00
1639,62,407,10,3/9/2024 6:00
1640,169,62,16,3/9/2024 7:00
1641,57,46,1,3/9/2024 8:00
1642,188,87,16,3/9/2024 9:00
1643,54,99,4,3/9/2024 10:00
1644,70,295,6,3/9/2024 11:00
1645,101,399,19,3/9/2024 12:00
1646,57,53,2,3/9/2024 13:00
1647,138,472,18,3/9/2024 14:00
1648,168,192,10,3/9/2024 15:00
1649,135,447,4,3/9/2024 16:00
1650,103,476,1,3/9/2024 17:00
1651,166,80,15,3/9/2024 18:00
1652,85,16,10,3/9/2024 19:00
1653,61,360,18,3/9/2024 20:00
1654,3,487,16,3/9/2024 21:00
1655,128,326,13,3/9/2024 22:00
1656,179,194,15,3/9/2024 23:00
1657,86,141,2,3/10/2024 0:00
1658,47,108,4,3/10/2024 1:00
1659,196,303,1,3/10/2024 2:00
1660,76,265,7,3/10/2024 3:00
1661,38,447,11,3/10/2024 4:00
1662,164,290,10,3/10/2024 5:00
1663,169,209,1,3/10/2024 6:00
1664,197,475,11,3/10/2024 7:00
1665,141,413,10,3/10/2024 8:00
1666,87,165,14,3/10/2024 9:00
1667,58,427,14,3/10/2024 10:00
1668,50,342,7,3/10/2024 11:00
1669,30,371,11,3/10/2024 12:00
1670,190,320,4,3/10/2024 13:00
1671,101,152,2,3/10/2024 14:00
1672,25,455,7,3/10/2024 15:00
1673,112,290,19,3/10/2024 16:00
1674,155,432,14,3/10/2024 17:00
1675,179,268,19,3/10/2024 18:00
1676,185,151,7,3/10/2024 19:00
1677,126,207,12,3/10/2024 20:00
1678,123,255,3,3/10/2024 21:00
1679,47,353,15,3/10/2024 22:00
1680,118,377,5,3/10/2024 23:00
1681,39,141,8,3/11/2024 0:00
1682,16,343,14,3/11/2024 1:00
1683,22,358,4,3/11/2024 2:00
1684,54,96,7,3/11/2024 3:00
1685,149,429,7,3/11/2024 4:00
1686,200,370,18,3/11/2024 5:00
1687,16,227,14,3/11/2024 6:00
1688,59,193,8,3/11/2024 7:00
1689,31,303,12,3/11/2024 8:00
1690,170,314,10,3/11/2024 9:00
1691,32,493,14,3/11/2024 10:00
1692,187,389,9,3/11/2024 11:00
1693,162,377,6,3/11/2024 12:00
1694,9,461,5,3/11/2024 13:00
1695,139,118,1,3/11/2024 14:00
1696,10,5,1,3/11/2024 15:00
1697,17,444,17,3/11/2024 16:00
1698,68,352,11,3/11/2024 17:00
1699,48,243,12,3/11/2024 18:00
1700,180,21,3,3/11/2024 19:00
1701,111,152,6,3/11/2024 20:00
1702,153,128,11,3/11/2024 21:00
1703,123,124,13,3/11/2024 22:00
1704,149,146,11,3/11/2024 23:00
1705,101,277,8,3/12/2024 0:00
1706,102,310,10,3/12/2024 1:00
1707,65,394,2,3/12/2024 2:00
1708,191,152,14,3/12/2024 3:00
1709,51,360,16,3/12/2024 4:00
1710,36,111,17,3/12/2024 5:00
1711,81,469,11,3/12/2024 6:00
1712,127,473,2,3/12/2024 7:00
1713,88,116,5,3/12/2024 8:00
1714,194,188,16,3/12/2024 9:00
1715,104,57,16,3/12/2024 10:00
1716,15,251,2,3/12/2024 11:00
1717,96,384,16,3/12/2024 12:00
1718,167,407,5,3/12/2024 13:00
1719,123,150,8,3/12/2024 14:00
1720,198,452,14,3/12/2024 15:00
1721,1,162,10,3/12/2024 16:00
1722,151,120,2,3/12/2024 17:00
1723,122,70,3,3/12/2024 18:00
1724,167,412,18,3/12/2024 19:00
1725,126,351,2,3/12/2024 20:00
1726,57,99,9,3/12/2024 21:00
1727,81,167,2,3/12/2024 22:00
1728,162,298,7,3/12/2024 23:00
1729,169,151,7,3/13/2024 0:00
1730,73,326,14,3/13/2024 1:00
1731,141,464,5,3/13/2024 2:00
1732,70,2,8,3/13/2024 3:00
1733,6,152,18,3/13/2024 4:00
1734,84,401,6,3/13/2024 5:00
1735,52,365,14,3/13/2024 6:00
1736,3,65,18,3/13/2024 7:00
1737,81,326,17,3/13/2024 8:00
1738,63,69,9,3/13/2024 9:00
1739,49,121,13,3/13/2024 10:00
1740,76,109,16,3/13/2024 11:00
1741,112,316,10,3/13/2024 12:00
1742,175,247,10,3/13/2024 13:00
1743,109,434,4,3/13/2024 14:00
1744,183,93,12,3/13/2024 15:00
1745,192,268,8,3/13/2024 16:00
1746,65,103,15,3/13/2024 17:00
1747,81,431,19,3/13/2024 18:00
1748,195,451,15,3/13/2024 19:00
1749,15,112,8,3/13/2024 20:00
1750,100,321,8,3/13/2024 21:00
1751,32,411,19,3/13/2024 22:00
1752,96,304,9,3/13/2024 23:00
1753,128,344,17,3/14/2024 0:00
1754,196,62,8,3/14/2024 1:00
1755,146,300,12,3/14/2024 2:00
1756,113,403,15,3/14/2024 3:00
1757,83,443,4,3/14/2024 4:00
1758,43,136,6,3/14/2024 5:00
1759,116,55,16,3/14/2024 6:00
1760,163,108,5,3/14/2024 7:00
1761,78,303,13,3/14/2024 8:00
1762,58,258,15,3/14/2024 9:00
1763,33,253,17,3/14/2024 10:00
1764,14,222,5,3/14/2024 11:00
1765,162,478,19,3/14/2024 12:00
1766,189,369,7,3/14/2024 13:00
1767,132,167,3,3/14/2024 14:00
1768,59,429,13,3/14/2024 15:00
1769,157,160,14,3/14/2024 16:00
1770,83,449,16,3/14/2024 17:00
1771,134,166,13,3/14/2024 18:00
1772,121,205,2,3/14/2024 19:00
1773,177,267,14,3/14/2024 20:00
1774,168,138,7,3/14/2024 21:00
1775,83,368,5,3/14/2024 22:00
1776,193,443,14,3/14/2024 23:00
1777,197,346,9,3/15/2024 0:00
1778,27,248,10,3/15/2024 1:00
1779,80,55,7,3/15/2024 2:00
1780,134,404,14,3/15/2024 3:00
1781,13,209,14,3/15/2024 4:00
1782,64,17,2,3/15/2024 5:00
1783,190,68,17,3/15/2024 6:00
1784,147,133,4,3/15/2024 7:00
1785,80,188,13,3/15/2024 8:00
1786,123,407,18,3/15/2024 9:00
1787,43,430,3,3/15/2024 10:00
1788,89,308,19,3/15/2024 11:00
1789,148,138,5,3/15/2024 12:00
1790,95,174,1,3/15/2024 13:00
1791,196,412,9,3/15/2024 14:00
1792,172,97,8,3/15/2024 15:00
1793,151,171,3,3/15/2024 16:00
1794,2,154,2,3/15/2024 17:00
1795,120,183,1,3/15/2024 18:00
1796,22,242,12,3/15/2024 19:00
1797,115,304,13,3/15/2024 20:00
1798,57,285,10,3/15/2024 21:00
1799,72,27,17,3/15/2024 22:00
1800,7,402,11,3/15/2024 23:00
1801,184,360,5,3/16/2024 0:00
1802,119,60,9,3/16/2024 1:00
1803,195,202,13,3/16/2024 2:00
1804,114,250,11,3/16/2024 3:00
1805,16,362,4,3/16/2024 4:00
1806,83,69,11,3/16/2024 5:00
1807,179,458,9,3/16/2024 6:00
1808,72,370,7,3/16/2024 7:00
1809,124,21,16,3/16/2024 8:00
1810,113,152,5,3/16/2024 9:00
1811,12,102,6,3/16/2024 10:00
1812,126,387,19,3/16/2024 11:00
1813,53,488,1,3/16/2024 12:00
1814,75,95,16,3/16/2024 13:00
1815,133,446,18,3/16/2024 14:00
1816,27,361,13,3/16/2024 15:00
1817,140,229,1,3/16/2024 16:00
1818,145,125,10,3/16/2024 17:00
1819,134,258,7,3/16/2024 18:00
1820,97,322,5,3/16/2024 19:00
1821,5,487,13,3/16/2024 20:00
1822,57,369,16,3/16/2024 21:00
1823,156,426,14,3/16/2024 22:00
1824,78,236,11,3/16/2024 23:00
1825,69,162,19,3/17/2024 0:00
1826,118,42,2,3/17/2024 1:00
1827,120,276,8,3/17/2024 2:00
1828,59,353,13,3/17/2024 3:00
1829,33,68,7,3/17/2024 4:00
1830,62,173,12,3/17/2024 5:00
1831,50,492,8,3/17/2024 6:00
1832,112,331,16,3/17/2024 7:00
1833,19,125,18,3/17/2024 8:00
1834,197,170,19,3/17/2024 9:00
1835,123,47,4,3/17/2024 10:00
1836,194,261,12,3/17/2024 11:00
1837,47,217,16,3/17/2024 12:00
1838,167,305,17,3/17/2024 13:00
1839,196,124,4,3/17/2024 14:00
1840,33,293,9,3/17/2024 15:00
1841,141,162,5,3/17/2024 16:00
1842,84,201,17,3/17/2024 17:00
1843,182,454,17,3/17/2024 18:00
1844,135,402,2,3/17/2024 19:00
1845,79,462,2,3/17/2024 20:00
1846,14,275,7,3/17/2024 21:00
1847,147,206,4,3/17/2024 22:00
1848,128,40,13,3/17/2024 23:00
1849,54,273,11,3/18/2024 0:00
1850,148,188,3,3/18/2024 1:00
1851,29,355,2,3/18/2024 2:00
1852,24,93,16,3/18/2024 3:00
1853,82,42,3,3/18/2024 4:00
1854,63,465,15,3/18/2024 5:00
1855,105,379,17,3/18/2024 6:00
1856,57,107,16,3/18/2024 7:00
1857,136,328,7,3/18/2024 8:00
1858,62,65,16,3/18/2024 9:00
1859,157,365,5,3/18/2024 10:00
1860,17,309,2,3/18/2024 11:00
1861,66,484,1,3/18/2024 12:00
1862,6,135,13,3/18/2024 13:00
1863,58,494,16,3/18/2024 14:00
1864,69,389,5,3/18/2024 15:00
1865,156,24,3,3/18/2024 16:00
1866,62,28,15,3/18/2024 17:00
1867,169,62,16,3/18/2024 18:00
1868,197,491,11,3/18/2024 19:00
1869,82,273,19,3/18/2024 20:00
1870,169,229,18,3/18/2024 21:00
1871,177,20,9,3/18/2024 22:00
1872,177,3,8,3/18/2024 23:00
1873,71,421,19,3/19/2024 0:00
1874,131,218,5,3/19/2024 1:00
1875,10,399,17,3/19/2024 2:00
1876,98,307,5,3/19/2024 3:00
1877,89,432,14,3/19/2024 4:00
1878,35,136,7,3/19/2024 5:00
1879,2,397,9,3/19/2024 6:00
1880,124,432,17,3/19/2024 7:00
1881,24,3,3,3/19/2024 8:00
1882,74,193,8,3/19/2024 9:00
1883,166,73,13,3/19/2024 10:00
1884,22,415,16,3/19/2024 11:00
1885,154,361,10,3/19/2024 12:00
1886,171,118,18,3/19/2024 13:00
1887,183,154,3,3/19/2024 14:00
1888,39,209,12,3/19/2024 15:00
1889,157,440,16,3/19/2024 16:00
1890,20,34,18,3/19/2024 17:00
1891,41,137,17,3/19/2024 18:00
1892,182,318,7,3/19/2024 19:00
1893,148,120,19,3/19/2024 20:00
1894,108,115,8,3/19/2024 21:00
1895,147,13,17,3/19/2024 22:00
1896,84,69,7,3/19/2024 23:00
1897,111,425,1,3/20/2024 0:00
1898,66,333,8,3/20/2024 1:00
1899,158,257,19,3/20/2024 2:00
1900,53,89,10,3/20/2024 3:00
1901,34,47,12,3/20/2024 4:00
1902,150,260,1,3/20/2024 5:00
1903,67,228,4,3/20/2024 6:00
1904,134,447,4,3/20/2024 7:00
1905,27,180,9,3/20/2024 8:00
1906,10,10,15,3/20/2024 9:00
1907,73,284,15,3/20/2024 10:00
1908,96,377,7,3/20/2024 11:00
1909,48,126,12,3/20/2024 12:00
1910,70,134,3,3/20/2024 13:00
1911,187,155,9,3/20/2024 14:00
1912,100,248,14,3/20/2024 15:00
1913,59,140,13,3/20/2024 16:00
1914,2,318,12,3/20/2024 17:00
1915,157,436,1,3/20/2024 18:00
1916,196,176,19,3/20/2024 19:00
1917,65,323,16,3/20/2024 20:00
1918,83,174,12,3/20/2024 21:00
1919,154,481,10,3/20/2024 22:00
1920,10,74,2,3/20/2024 23:00
1921,53,351,18,3/21/2024 0:00
1922,79,143,13,3/21/2024 1:00
1923,59,455,6,3/21/2024 2:00
1924,150,292,12,3/21/2024 3:00
1925,179,398,4,3/21/2024 4:00
1926,48,112,1,3/21/2024 5:00
1927,149,206,11,3/21/2024 6:00
1928,123,131,8,3/21/2024 7:00
1929,22,369,2,3/21/2024 8:00
1930,100,110,2,3/21/2024 9:00
1931,98,370,16,3/21/2024 10:00
1932,158,67,1,3/21/2024 11:00
1933,25,382,4,3/21/2024 12:00
1934,28,86,6,3/21/2024 13:00
1935,193,275,14,3/21/2024 14:00
1936,113,227,15,3/21/2024 15:00
1937,45,460,7,3/21/2024 16:00
1938,68,438,7,3/21/2024 17:00
1939,7,325,18,3/21/2024 18:00
1940,49,10,2,3/21/2024 19:00
1941,137,489,15,3/21/2024 20:00
1942,164,417,1,3/21/2024 21:00
1943,83,397,17,3/21/2024 22:00
1944,129,384,13,3/21/2024 23:00
1945,138,355,12,3/22/2024 0:00
1946,164,435,15,3/22/2024 1:00
1947,73,288,5,3/22/2024 2:00
1948,46,459,7,3/22/2024 3:00
1949,106,112,8,3/22/2024 4:00
1950,160,486,14,3/22/2024 5:00
1951,32,24,4,3/22/2024 6:00
1952,6,291,14,3/22/2024 7:00
1953,176,339,10,3/22/2024 8:00
1954,166,326,16,3/22/2024 9:00
1955,145,168,11,3/22/2024 10:00
1956,74,438,14,3/22/2024 11:00
1957,114,109,14,3/22/2024 12:00
1958,27,428,2,3/22/2024 13:00
1959,54,190,13,3/22/2024 14:00
1960,178,490,3,3/22/2024 15:00
1961,163,355,18,3/22/2024 16:00
1962,85,196,4,3/22/2024 17:00
1963,127,33,19,3/22/2024 18:00
1964,153,205,16,3/22/2024 19:00
1965,156,312,4,3/22/2024 20:00
1966,111,420,19,3/22/2024 21:00
1967,15,182,15,3/22/2024 22:00
1968,132,491,1,3/22/2024 23:00
1969,93,147,16,3/23/2024 0:00
1970,123,427,15,3/23/2024 1:00
1971,73,268,16,3/23/2024 2:00
1972,155,11,1,3/23/2024 3:00
1973,154,70,17,3/23/2024 4:00
1974,147,256,5,3/23/2024 5:00
1975,92,396,5,3/23/2024 6:00
1976,17,219,7,3/23/2024 7:00
1977,43,297,13,3/23/2024 8:00
1978,121,409,12,3/23/2024 9:00
1979,41,362,4,3/23/2024 10:00
1980,170,259,4,3/23/2024 11:00
1981,178,3,6,3/23/2024 12:00
1982,168,84,15,3/23/2024 13:00
1983,39,156,19,3/23/2024 14:00
1984,113,151,6,3/23/2024 15:00
1985,151,176,12,3/23/2024 16:00
1986,111,195,14,3/23/2024 17:00
1987,180,426,18,3/23/2024 18:00
1988,47,472,12,3/23/2024 19:00
1989,63,107,15,3/23/2024 20:00
1990,110,424,19,3/23/2024 21:00
1991,69,134,8,3/23/2024 22:00
1992,43,276,9,3/23/2024 23:00
1993,176,395,5,3/24/2024 0:00
1994,34,352,5,3/24/2024 1:00
1995,40,380,6,3/24/2024 2:00
1996,61,155,3,3/24/2024 3:00
1997,178,277,5,3/24/2024 4:00
1998,195,236,1,3/24/2024 5:00
1999,62,240,11,3/24/2024 6:00
2000,58,370,1,3/24/2024 7:00
2001,161,13,7,3/24/2024 8:00
2002,75,342,15,3/24/2024 9:00
2003,16,35,17,3/24/2024 10:00
2004,82,47,8,3/24/2024 11:00
2005,94,214,2,3/24/2024 12:00
2006,48,412,13,3/24/2024 13:00
2007,138,405,12,3/24/2024 14:00
2008,82,494,5,3/24/2024 15:00
2009,38,146,13,3/24/2024 16:00
2010,127,159,6,3/24/2024 17:00
2011,19,444,15,3/24/2024 18:00
2012,164,125,11,3/24/2024 19:00
2013,187,110,4,3/24/2024 20:00
2014,63,37,1,3/24/2024 21:00
2015,77,277,15,3/24/2024 22:00
2016,174,14,12,3/24/2024 23:00
2017,131,473,9,3/25/2024 0:00
2018,102,347,11,3/25/2024 1:00
2019,65,232,5,3/25/2024 2:00
2020,120,316,7,3/25/2024 3:00
2021,91,124,8,3/25/2024 4:00
2022,8,279,1,3/25/2024 5:00
2023,179,479,1,3/25/2024 6:00
2024,73,111,3,3/25/2024 7:00
2025,134,124,8,3/25/2024 8:00
2026,107,413,11,3/25/2024 9:00
2027,89,431,1,3/25/2024 10:00
2028,39,30,14,3/25/2024 11:00
2029,113,115,1,3/25/2024 12:00
2030,188,90,6,3/25/2024 13:00
2031,28,212,6,3/25/2024 14:00
2032,97,38,3,3/25/2024 15:00
2033,182,83,10,3/25/2024 16:00
2034,37,27,12,3/25/2024 17:00
2035,137,217,10,3/25/2024 18:00
2036,82,360,2,3/25/2024 19:00
2037,56,486,13,3/25/2024 20:00
2038,187,372,16,3/25/2024 21:00
2039,85,215,13,3/25/2024 22:00
2040,2,221,4,3/25/2024 23:00
2041,189,15,4,3/26/2024 0:00
2042,58,443,11,3/26/2024 1:00
2043,107,259,14,3/26/2024 2:00
2044,123,266,3,3/26/2024 3:00
2045,188,463,19,3/26/2024 4:00
2046,168,120,1,3/26/2024 5:00
2047,164,464,5,3/26/2024 6:00
2048,114,401,17,3/26/2024 7:00
2049,107,128,1,3/26/2024 8:00
2050,37,211,19,3/26/2024 9:00
2051,79,11,19,3/26/2024 10:00
2052,92,176,4,3/26/2024 11:00
2053,18,133,19,3/26/2024 12:00
2054,98,325,6,3/26/2024 13:00
2055,63,320,15,3/26/2024 14:00
2056,150,14,4,3/26/2024 15:00
2057,139,50,1,3/26/2024 16:00
2058,186,410,17,3/26/2024 17:00
2059,185,72,11,3/26/2024 18:00
2060,4,69,17,3/26/2024 19:00
2061,135,391,1,3/26/2024 20:00
2062,61,383,9,3/26/2024 21:00
2063,107,16,14,3/26/2024 22:00
2064,54,439,15,3/26/2024 23:00
2065,88,334,1,3/27/2024 0:00
2066,68,357,2,3/27/2024 1:00
2067,129,56,18,3/27/2024 2:00
2068,55,105,18,3/27/2024 3:00
2069,3,132,6,3/27/2024 4:00
2070,166,484,8,3/27/2024 5:00
2071,121,48,1,3/27/2024 6:00
2072,129,248,15,3/27/2024 7:00
2073,102,273,10,3/27/2024 8:00
2074,38,111,4,3/27/2024 9:00
2075,85,420,10,3/27/2024 10:00
2076,157,326,11,3/27/2024 11:00
2077,133,336,5,3/27/2024 12:00
2078,92,349,9,3/27/2024 13:00
2079,21,484,5,3/27/2024 14:00
2080,199,38,11,3/27/2024 15:00
2081,195,357,3,3/27/2024 16:00
2082,109,240,4,3/27/2024 17:00
2083,47,318,10,3/27/2024 18:00
2084,84,121,7,3/27/2024 19:00
2085,83,48,1,3/27/2024 20:00
2086,35,10,6,3/27/2024 21:00
2087,196,233,8,3/27/2024 22:00
2088,69,36,17,3/27/2024 23:00
2089,129,413,7,3/28/2024 0:00
2090,196,462,1,3/28/2024 1:00
2091,140,4,9,3/28/2024 2:00
2092,188,44,11,3/28/2024 3:00
2093,27,56,19,3/28/2024 4:00
2094,56,42,2,3/28/2024 5:00
2095,23,255,11,3/28/2024 6:00
2096,153,228,3,3/28/2024 7:00
2097,21,114,17,3/28/2024 8:00
2098,61,237,10,3/28/2024 9:00
2099,63,397,3,3/28/2024 10:00
2100,122,174,3,3/28/2024 11:00
2101,52,255,7,3/28/2024 12:00
2102,88,466,2,3/28/2024 13:00
2103,153,417,1,3/28/2024 14:00
2104,55,277,7,3/28/2024 15:00
2105,46,464,11,3/28/2024 16:00
2106,32,335,6,3/28/2024 17:00
2107,55,441,4,3/28/2024 18:00
2108,96,69,19,3/28/2024 19:00
2109,133,326,19,3/28/2024 20:00
2110,36,230,14,3/28/2024 21:00
2111,110,67,3,3/28/2024 22:00
2112,177,304,4,3/28/2024 23:00
2113,106,460,8,3/29/2024 0:00
2114,58,484,18,3/29/2024 1:00
2115,39,417,4,3/29/2024 2:00
2116,80,36,11,3/29/2024 3:00
2117,97,417,16,3/29/2024 4:00
2118,113,159,3,3/29/2024 5:00
2119,61,149,7,3/29/2024 6:00
2120,137,27,2,3/29/2024 7:00
2121,6,475,1,3/29/2024 8:00
2122,109,72,1,3/29/2024 9:00
2123,35,248,6,3/29/2024 10:00
2124,39,101,19,3/29/2024 11:00
2125,150,190,7,3/29/2024 12:00
2126,169,96,5,3/29/2024 13:00
2127,118,384,18,3/29/2024 14:00
2128,5,282,13,3/29/2024 15:00
2129,170,322,1,3/29/2024 16:00
2130,87,396,10,3/29/2024 17:00
2131,76,278,9,3/29/2024 18:00
2132,195,17,17,3/29/2024 19:00
2133,158,263,1,3/29/2024 20:00
2134,57,107,1,3/29/2024 21:00
2135,127,68,7,3/29/2024 22:00
2136,29,128,4,3/29/2024 23:00
2137,165,293,12,3/30/2024 0:00
2138,87,294,16,3/30/2024 1:00
2139,141,96,14,3/30/2024 2:00
2140,160,395,10,3/30/2024 3:00
2141,46,1,14,3/30/2024 4:00
2142,116,409,7,3/30/2024 5:00
2143,112,298,4,3/30/2024 6:00
2144,151,180,2,3/30/2024 7:00
2145,45,408,18,3/30/2024 8:00
2146,145,181,16,3/30/2024 9:00
2147,104,235,9,3/30/2024 10:00
2148,85,440,5,3/30/2024 11:00
2149,194,319,9,3/30/2024 12:00
2150,134,337,8,3/30/2024 13:00
2151,108,8,16,3/30/2024 14:00
2152,18,443,18,3/30/2024 15:00
2153,94,429,4,3/30/2024 16:00
2154,150,27,16,3/30/2024 17:00
2155,33,308,4,3/30/2024 18:00
2156,158,146,6,3/30/2024 19:00
2157,126,91,3,3/30/2024 20:00
2158,160,342,18,3/30/2024 21:00
2159,170,272,15,3/30/2024 22:00
2160,122,322,8,3/30/2024 23:00
2161,138,5,18,3/31/2024 0:00
2162,115,82,3,3/31/2024 1:00
2163,164,387,6,3/31/2024 2:00
2164,162,219,15,3/31/2024 3:00
2165,28,118,12,3/31/2024 4:00
2166,11,81,5,3/31/2024 5:00
2167,167,464,7,3/31/2024 6:00
2168,47,70,15,3/31/2024 7:00
2169,127,115,7,3/31/2024 8:00
2170,147,263,13,3/31/2024 9:00
2171,118,306,3,3/31/2024 10:00
2172,143,142,13,3/31/2024 11:00
2173,126,422,3,3/31/2024 12:00
2174,156,488,2,3/31/2024 13:00
2175,152,207,4,3/31/2024 14:00
2176,72,111,17,3/31/2024 15:00
2177,107,303,6,3/31/2024 16:00
2178,137,112,11,3/31/2024 17:00
2179,175,417,6,3/31/2024 18:00
2180,33,43,2,3/31/2024 19:00
2181,190,347,17,3/31/2024 20:00
2182,19,285,3,3/31/2024 21:00
2183,195,128,12,3/31/2024 22:00
2184,74,185,14,3/31/2024 23:00
2185,168,229,2,4/1/2024 0:00
2186,175,389,5,4/1/2024 1:00
2187,193,221,10,4/1/2024 2:00
2188,157,352,10,4/1/2024 3:00
2189,178,444,9,4/1/2024 4:00
2190,98,117,13,4/1/2024 5:00
2191,141,70,10,4/1/2024 6:00
2192,129,386,6,4/1/2024 7:00
2193,162,70,11,4/1/2024 8:00
2194,93,110,4,4/1/2024 9:00
2195,176,427,14,4/1/2024 10:00
2196,48,132,17,4/1/2024 11:00
2197,177,56,2,4/1/2024 12:00
2198,64,477,10,4/1/2024 13:00
2199,61,443,3,4/1/2024 14:00
2200,157,89,7,4/1/2024 15:00
2201,39,137,7,4/1/2024 16:00
2202,128,131,1,4/1/2024 17:00
2203,88,218,8,4/1/2024 18:00
2204,26,176,1,4/1/2024 19:00
2205,17,171,8,4/1/2024 20:00
2206,71,475,14,4/1/2024 21:00
2207,13,100,14,4/1/2024 22:00
2208,69,480,2,4/1/2024 23:00
2209,26,129,8,4/2/2024 0:00
2210,49,57,19,4/2/2024 1:00
2211,195,181,10,4/2/2024 2:00
2212,7,246,7,4/2/2024 3:00
2213,58,144,13,4/2/2024 4:00
2214,49,51,15,4/2/2024 5:00
2215,103,368,11,4/2/2024 6:00
2216,53,459,14,4/2/2024 7:00
2217,193,218,11,4/2/2024 8:00
2218,62,104,2,4/2/2024 9:00
2219,17,383,2,4/2/2024 10:00
2220,171,55,12,4/2/2024 11:00
2221,25,257,15,4/2/2024 12:00
2222,131,346,17,4/2/2024 13:00
2223,29,156,14,4/2/2024 14:00
2224,117,53,16,4/2/2024 15:00
2225,160,442,8,4/2/2024 16:00
2226,26,329,17,4/2/2024 17:00
2227,124,444,5,4/2/2024 18:00
2228,144,187,12,4/2/2024 19:00
2229,25,364,6,4/2/2024 20:00
2230,54,150,18,4/2/2024 21:00
2231,156,264,5,4/2/2024 22:00
2232,73,250,6,4/2/2024 23:00
2233,120,433,9,4/3/2024 0:00
2234,56,298,15,4/3/2024 1:00
2235,65,411,10,4/3/2024 2:00
2236,93,423,17,4/3/2024 3:00
2237,86,211,19,4/3/2024 4:00
2238,80,25,12,4/3/2024 5:00
2239,169,294,9,4/3/2024 6:00
2240,108,341,15,4/3/2024 7:00
2241,179,152,14,4/3/2024 8:00
2242,118,24,1,4/3/2024 9:00
2243,199,252,17,4/3/2024 10:00
2244,157,60,1,4/3/2024 11:00
2245,83,467,13,4/3/2024 12:00
2246,147,434,8,4/3/2024 13:00
2247,194,367,13,4/3/2024 14:00
2248,169,66,16,4/3/2024 15:00
2249,173,398,2,4/3/2024 16:00
2250,15,53,13,4/3/2024 17:00
2251,131,416,18,4/3/2024 18:00
2252,139,106,3,4/3/2024 19:00
2253,181,96,13,4/3/2024 20:00
2254,174,476,19,4/3/2024 21:00
2255,30,176,13,4/3/2024 22:00
2256,57,39,19,4/3/2024 23:00
2257,146,168,4,4/4/2024 0:00
2258,179,42,19,4/4/2024 1:00
2259,128,367,18,4/4/2024 2:00
2260,48,104,6,4/4/2024 3:00
2261,194,333,19,4/4/2024 4:00
2262,136,204,4,4/4/2024 5:00
2263,22,8,4,4/4/2024 6:00
2264,6,463,7,4/4/2024 7:00
2265,185,282,7,4/4/2024 8:00
2266,104,396,16,4/4/2024 9:00
2267,36,43,16,4/4/2024 10:00
2268,79,435,5,4/4/2024 11:00
2269,116,110,15,4/4/2024 12:00
2270,57,475,4,4/4/2024 13:00
2271,49,210,13,4/4/2024 14:00
2272,173,237,19,4/4/2024 15:00
2273,82,356,7,4/4/2024 16:00
2274,66,319,12,4/4/2024 17:00
2275,77,49,9,4/4/2024 18:00
2276,45,115,17,4/4/2024 19:00
2277,79,155,2,4/4/2024 20:00
2278,20,137,16,4/4/2024 21:00
2279,192,167,7,4/4/2024 22:00
2280,123,321,18,4/4/2024 23:00
2281,67,199,7,4/5/2024 0:00
2282,83,474,1,4/5/2024 1:00
2283,3,71,3,4/5/2024 2:00
2284,182,500,11,4/5/2024 3:00
2285,64,7,15,4/5/2024 4:00
2286,40,200,3,4/5/2024 5:00
2287,59,336,13,4/5/2024 6:00
2288,183,67,4,4/5/2024 7:00
2289,62,493,8,4/5/2024 8:00
2290,132,138,4,4/5/2024 9:00
2291,60,242,18,4/5/2024 10:00
2292,116,455,7,4/5/2024 11:00
2293,75,213,11,4/5/2024 12:00
2294,122,181,4,4/5/2024 13:00
2295,107,254,13,4/5/2024 14:00
2296,96,101,9,4/5/2024 15:00
2297,91,351,9,4/5/2024 16:00
2298,158,87,19,4/5/2024 17:00
2299,130,185,3,4/5/2024 18:00
2300,62,91,12,4/5/2024 19:00
2301,49,248,11,4/5/2024 20:00
2302,137,214,11,4/5/2024 21:00
2303,92,359,17,4/5/2024 22:00
2304,159,249,14,4/5/2024 23:00
2305,124,126,16,4/6/2024 0:00
2306,61,411,10,4/6/2024 1:00
2307,48,438,4,4/6/2024 2:00
2308,153,369,10,4/6/2024 3:00
2309,164,4,12,4/6/2024 4:00
2310,136,88,9,4/6/2024 5:00
2311,58,151,15,4/6/2024 6:00
2312,101,176,9,4/6/2024 7:00
2313,112,211,7,4/6/2024 8:00
2314,173,426,12,4/6/2024 9:00
2315,62,259,14,4/6/2024 10:00
2316,39,91,16,4/6/2024 11:00
2317,58,259,19,4/6/2024 12:00
2318,99,412,3,4/6/2024 13:00
2319,192,191,11,4/6/2024 14:00
2320,44,81,19,4/6/2024 15:00
2321,29,415,8,4/6/2024 16:00
2322,59,138,8,4/6/2024 17:00
2323,71,433,3,4/6/2024 18:00
2324,92,470,10,4/6/2024 19:00
2325,9,350,13,4/6/2024 20:00
2326,127,126,9,4/6/2024 21:00
2327,134,369,6,4/6/2024 22:00
2328,157,405,15,4/6/2024 23:00
2329,186,356,16,4/7/2024 0:00
2330,145,309,5,4/7/2024 1:00
2331,144,343,13,4/7/2024 2:00
2332,131,230,19,4/7/2024 3:00
2333,21,460,2,4/7/2024 4:00
2334,64,345,6,4/7/2024 5:00
2335,90,310,1,4/7/2024 6:00
2336,36,441,15,4/7/2024 7:00
2337,62,20,15,4/7/2024 8:00
2338,170,369,14,4/7/2024 9:00
2339,76,49,7,4/7/2024 10:00
2340,170,490,5,4/7/2024 11:00
2341,189,135,16,4/7/2024 12:00
2342,13,29,17,4/7/2024 13:00
2343,11,48,11,4/7/2024 14:00
2344,54,477,15,4/7/2024 15:00
2345,16,269,16,4/7/2024 16:00
2346,8,3,3,4/7/2024 17:00
2347,104,258,6,4/7/2024 18:00
2348,59,16,13,4/7/2024 19:00
2349,57,94,1,4/7/2024 20:00
2350,40,358,14,4/7/2024 21:00
2351,187,134,2,4/7/2024 22:00
2352,130,301,2,4/7/2024 23:00
2353,94,327,15,4/8/2024 0:00
2354,138,133,18,4/8/2024 1:00
2355,44,312,9,4/8/2024 2:00
2356,139,455,3,4/8/2024 3:00
2357,80,482,4,4/8/2024 4:00
2358,81,383,15,4/8/2024 5:00
2359,2,32,5,4/8/2024 6:00
2360,178,305,5,4/8/2024 7:00
2361,140,269,10,4/8/2024 8:00
2362,115,414,16,4/8/2024 9:00
2363,90,25,12,4/8/2024 10:00
2364,23,469,14,4/8/2024 11:00
2365,146,316,11,4/8/2024 12:00
2366,62,59,19,4/8/2024 13:00
2367,113,213,6,4/8/2024 14:00
2368,128,156,10,4/8/2024 15:00
2369,62,496,3,4/8/2024 16:00
2370,38,314,15,4/8/2024 17:00
2371,195,276,11,4/8/2024 18:00
2372,166,418,2,4/8/2024 19:00
2373,195,389,6,4/8/2024 20:00
2374,61,210,17,4/8/2024 21:00
2375,129,444,18,4/8/2024 22:00
2376,173,487,4,4/8/2024 23:00
2377,156,427,9,4/9/2024 0:00
2378,149,57,10,4/9/2024 1:00
2379,122,185,2,4/9/2024 2:00
2380,110,459,11,4/9/2024 3:00
2381,13,54,11,4/9/2024 4:00
2382,155,209,11,4/9/2024 5:00
2383,100,368,1,4/9/2024 6:00
2384,135,429,14,4/9/2024 7:00
2385,22,342,1,4/9/2024 8:00
2386,74,293,9,4/9/2024 9:00
2387,181,340,1,4/9/2024 10:00
2388,132,304,4,4/9/2024 11:00
2389,23,252,1,4/9/2024 12:00
2390,119,374,19,4/9/2024 13:00
2391,70,438,10,4/9/2024 14:00
2392,84,304,15,4/9/2024 15:00
2393,101,112,4,4/9/2024 16:00
2394,84,366,14,4/9/2024 17:00
2395,161,6,5,4/9/2024 18:00
2396,28,418,15,4/9/2024 19:00
2397,136,191,15,4/9/2024 20:00
2398,1,334,16,4/9/2024 21:00
2399,165,432,16,4/9/2024 22:00
2400,63,279,4,4/9/2024 23:00
2401,22,382,9,4/10/2024 0:00
2402,70,340,1,4/10/2024 1:00
2403,125,13,5,4/10/2024 2:00
2404,149,303,9,4/10/2024 3:00
2405,96,44,5,4/10/2024 4:00
2406,163,105,4,4/10/2024 5:00
2407,79,160,16,4/10/2024 6:00
2408,5,154,2,4/10/2024 7:00
2409,60,242,16,4/10/2024 8:00
2410,120,181,18,4/10/2024 9:00
2411,46,14,2,4/10/2024 10:00
2412,178,180,16,4/10/2024 11:00
2413,176,377,1,4/10/2024 12:00
2414,134,292,16,4/10/2024 13:00
2415,56,264,3,4/10/2024 14:00
2416,110,168,15,4/10/2024 15:00
2417,187,214,11,4/10/2024 16:00
2418,157,150,10,4/10/2024 17:00
2419,199,16,17,4/10/2024 18:00
2420,104,91,4,4/10/2024 19:00
2421,77,120,17,4/10/2024 20:00
2422,146,444,4,4/10/2024 21:00
2423,2,253,19,4/10/2024 22:00
2424,8,60,1,4/10/2024 23:00
2425,75,266,14,4/11/2024 0:00
2426,182,409,11,4/11/2024 1:00
2427,125,31,7,4/11/2024 2:00
2428,38,21,17,4/11/2024 3:00
2429,176,219,4,4/11/2024 4:00
2430,27,81,10,4/11/2024 5:00
2431,20,289,17,4/11/2024 6:00
2432,140,31,4,4/11/2024 7:00
2433,43,498,19,4/11/2024 8:00
2434,189,234,18,4/11/2024 9:00
2435,31,474,17,4/11/2024 10:00
2436,91,405,6,4/11/2024 11:00
2437,61,36,7,4/11/2024 12:00
2438,195,449,6,4/11/2024 13:00
2439,109,132,12,4/11/2024 14:00
2440,91,324,9,4/11/2024 15:00
2441,163,346,18,4/11/2024 16:00
2442,95,132,2,4/11/2024 17:00
2443,143,497,17,4/11/2024 18:00
2444,144,9,1,4/11/2024 19:00
2445,13,30,9,4/11/2024 20:00
2446,113,115,6,4/11/2024 21:00
2447,35,301,2,4/11/2024 22:00
2448,187,4,6,4/11/2024 23:00
2449,149,325,9,4/12/2024 0:00
2450,182,237,3,4/12/2024 1:00
2451,158,23,16,4/12/2024 2:00
2452,48,16,15,4/12/2024 3:00
2453,35,22,12,4/12/2024 4:00
2454,86,485,8,4/12/2024 5:00
2455,166,72,6,4/12/2024 6:00
2456,159,304,3,4/12/2024 7:00
2457,152,446,4,4/12/2024 8:00
2458,114,481,10,4/12/2024 9:00
2459,177,444,14,4/12/2024 10:00
2460,100,230,15,4/12/2024 11:00
2461,160,107,7,4/12/2024 12:00
2462,183,208,7,4/12/2024 13:00
2463,186,389,8,4/12/2024 14:00
2464,99,208,10,4/12/2024 15:00
2465,3,263,19,4/12/2024 16:00
2466,197,51,19,4/12/2024 17:00
2467,85,65,2,4/12/2024 18:00
2468,125,265,15,4/12/2024 19:00
2469,138,338,1,4/12/2024 20:00
2470,83,301,10,4/12/2024 21:00
2471,25,378,6,4/12/2024 22:00
2472,68,175,13,4/12/2024 23:00
2473,61,451,10,4/13/2024 0:00
2474,29,152,12,4/13/2024 1:00
2475,127,476,6,4/13/2024 2:00
2476,19,266,6,4/13/2024 3:00
2477,171,329,1,4/13/2024 4:00
2478,194,461,12,4/13/2024 5:00
2479,74,304,10,4/13/2024 6:00
2480,61,163,14,4/13/2024 7:00
2481,171,438,15,4/13/2024 8:00
2482,153,343,4,4/13/2024 9:00
2483,20,367,1,4/13/2024 10:00
2484,48,465,8,4/13/2024 11:00
2485,87,238,3,4/13/2024 12:00
2486,152,199,14,4/13/2024 13:00
2487,139,500,17,4/13/2024 14:00
2488,110,16,2,4/13/2024 15:00
2489,183,309,15,4/13/2024 16:00
2490,28,296,6,4/13/2024 17:00
2491,197,356,5,4/13/2024 18:00
2492,191,276,14,4/13/2024 19:00
2493,59,472,19,4/13/2024 20:00
2494,133,239,9,4/13/2024 21:00
2495,51,69,8,4/13/2024 22:00
2496,149,301,3,4/13/2024 23:00
2497,12,6,18,4/14/2024 0:00
2498,50,220,8,4/14/2024 1:00
2499,132,254,16,4/14/2024 2:00
2500,113,453,15,4/14/2024 3:00
2501,170,433,15,4/14/2024 4:00
2502,166,295,16,4/14/2024 5:00
2503,153,358,1,4/14/2024 6:00
2504,14,386,10,4/14/2024 7:00
2505,32,107,19,4/14/2024 8:00
2506,139,295,5,4/14/2024 9:00
2507,189,118,18,4/14/2024 10:00
2508,146,405,3,4/14/2024 11:00
2509,155,168,4,4/14/2024 12:00
2510,55,485,4,4/14/2024 13:00
2511,182,251,11,4/14/2024 14:00
2512,120,82,9,4/14/2024 15:00
2513,75,54,1,4/14/2024 16:00
2514,21,240,16,4/14/2024 17:00
2515,172,366,9,4/14/2024 18:00
2516,133,12,11,4/14/2024 19:00
2517,87,209,6,4/14/2024 20:00
2518,169,165,17,4/14/2024 21:00
2519,59,366,12,4/14/2024 22:00
2520,89,294,8,4/14/2024 23:00
2521,182,399,16,4/15/2024 0:00
2522,150,7,5,4/15/2024 1:00
2523,83,78,1,4/15/2024 2:00
2524,65,434,17,4/15/2024 3:00
2525,64,65,8,4/15/2024 4:00
2526,71,102,10,4/15/2024 5:00
2527,4,451,18,4/15/2024 6:00
2528,193,357,15,4/15/2024 7:00
2529,143,300,13,4/15/2024 8:00
2530,104,287,10,4/15/2024 9:00
2531,150,171,9,4/15/2024 10:00
2532,175,77,13,4/15/2024 11:00
2533,93,48,3,4/15/2024 12:00
2534,174,255,3,4/15/2024 13:00
2535,142,82,1,4/15/2024 14:00
2536,178,383,2,4/15/2024 15:00
2537,148,209,11,4/15/2024 16:00
2538,178,209,14,4/15/2024 17:00
2539,112,445,10,4/15/2024 18:00
2540,161,459,7,4/15/2024 19:00
2541,119,84,1,4/15/2024 20:00
2542,59,10,7,4/15/2024 21:00
2543,43,29,15,4/15/2024 22:00
2544,12,304,11,4/15/2024 23:00
2545,40,482,6,4/16/2024 0:00
2546,118,465,7,4/16/2024 1:00
2547,20,446,7,4/16/2024 2:00
2548,166,116,1,4/16/2024 3:00
2549,131,490,10,4/16/2024 4:00
2550,156,269,15,4/16/2024 5:00
2551,184,428,8,4/16/2024 6:00
2552,90,47,19,4/16/2024 7:00
2553,94,359,3,4/16/2024 8:00
2554,13,448,15,4/16/2024 9:00
2555,66,91,4,4/16/2024 10:00
2556,37,53,6,4/16/2024 11:00
2557,177,218,10,4/16/2024 12:00
2558,66,348,18,4/16/2024 13:00
2559,36,77,16,4/16/2024 14:00
2560,182,204,18,4/16/2024 15:00
2561,26,44,6,4/16/2024 16:00
2562,75,156,19,4/16/2024 17:00
2563,200,2,17,4/16/2024 18:00
2564,108,357,18,4/16/2024 19:00
2565,168,313,13,4/16/2024 20:00
2566,43,57,7,4/16/2024 21:00
2567,150,290,12,4/16/2024 22:00
2568,148,471,2,4/16/2024 23:00
2569,8,58,12,4/17/2024 0:00
2570,29,254,12,4/17/2024 1:00
2571,40,180,4,4/17/2024 2:00
2572,158,493,4,4/17/2024 3:00
2573,128,157,18,4/17/2024 4:00
2574,84,35,16,4/17/2024 5:00
2575,116,75,14,4/17/2024 6:00
2576,183,432,17,4/17/2024 7:00
2577,144,289,17,4/17/2024 8:00
2578,174,371,3,4/17/2024 9:00
2579,62,75,6,4/17/2024 10:00
2580,7,329,13,4/17/2024 11:00
2581,45,78,9,4/17/2024 12:00
2582,187,255,9,4/17/2024 13:00
2583,184,265,8,4/17/2024 14:00
2584,176,487,17,4/17/2024 15:00
2585,155,304,16,4/17/2024 16:00
2586,181,67,16,4/17/2024 17:00
2587,88,221,19,4/17/2024 18:00
2588,73,467,16,4/17/2024 19:00
2589,163,164,14,4/17/2024 20:00
2590,179,480,14,4/17/2024 21:00
2591,37,455,14,4/17/2024 22:00
2592,119,375,14,4/17/2024 23:00
2593,57,220,12,4/18/2024 0:00
2594,8,172,6,4/18/2024 1:00
2595,95,254,13,4/18/2024 2:00
2596,117,210,16,4/18/2024 3:00
2597,110,188,9,4/18/2024 4:00
2598,20,191,2,4/18/2024 5:00
2599,124,389,3,4/18/2024 6:00
2600,53,215,10,4/18/2024 7:00
2601,119,375,2,4/18/2024 8:00
2602,12,86,10,4/18/2024 9:00
2603,177,474,8,4/18/2024 10:00
2604,17,106,17,4/18/2024 11:00
2605,64,332,1,4/18/2024 12:00
2606,42,296,6,4/18/2024 13:00
2607,94,19,7,4/18/2024 14:00
2608,157,47,15,4/18/2024 15:00
2609,147,65,18,4/18/2024 16:00
2610,11,451,9,4/18/2024 17:00
2611,98,475,8,4/18/2024 18:00
2612,178,146,10,4/18/2024 19:00
2613,71,434,4,4/18/2024 20:00
2614,108,286,8,4/18/2024 21:00
2615,58,382,1,4/18/2024 22:00
2616,34,66,8,4/18/2024 23:00
2617,20,5,12,4/19/2024 0:00
2618,50,93,15,4/19/2024 1:00
2619,102,353,13,4/19/2024 2:00
2620,138,426,16,4/19/2024 3:00
2621,160,468,18,4/19/2024 4:00
2622,52,94,1,4/19/2024 5:00
2623,15,106,17,4/19/2024 6:00
2624,84,133,16,4/19/2024 7:00
2625,131,434,5,4/19/2024 8:00
2626,37,341,10,4/19/2024 9:00
2627,126,314,6,4/19/2024 10:00
2628,40,79,12,4/19/2024 11:00
2629,72,212,10,4/19/2024 12:00
2630,40,8,17,4/19/2024 13:00
2631,56,497,2,4/19/2024 14:00
2632,151,159,19,4/19/2024 15:00
2633,104,268,6,4/19/2024 16:00
2634,139,149,13,4/19/2024 17:00
2635,110,350,9,4/19/2024 18:00
2636,192,446,12,4/19/2024 19:00
2637,136,91,18,4/19/2024 20:00
2638,93,236,8,4/19/2024 21:00
2639,94,474,18,4/19/2024 22:00
2640,56,289,2,4/19/2024 23:00
2641,60,410,8,4/20/2024 0:00
2642,138,474,10,4/20/2024 1:00
2643,39,356,9,4/20/2024 2:00
2644,28,168,18,4/20/2024 3:00
2645,49,193,8,4/20/2024 4:00
2646,164,187,19,4/20/2024 5:00
2647,125,271,3,4/20/2024 6:00
2648,13,114,9,4/20/2024 7:00
2649,36,385,13,4/20/2024 8:00
2650,101,11,9,4/20/2024 9:00
2651,26,55,12,4/20/2024 10:00
2652,86,258,13,4/20/2024 11:00
2653,4,65,8,4/20/2024 12:00
2654,82,479,15,4/20/2024 13:00
2655,192,172,13,4/20/2024 14:00
2656,166,272,13,4/20/2024 15:00
2657,127,150,17,4/20/2024 16:00
2658,88,362,15,4/20/2024 17:00
2659,127,146,19,4/20/2024 18:00
2660,120,431,3,4/20/2024 19:00
2661,22,209,14,4/20/2024 20:00
2662,130,286,10,4/20/2024 21:00
2663,31,10,17,4/20/2024 22:00
2664,119,227,8,4/20/2024 23:00
2665,11,186,18,4/21/2024 0:00
2666,46,62,12,4/21/2024 1:00
2667,96,85,17,4/21/2024 2:00
2668,190,464,11,4/21/2024 3:00
2669,197,134,9,4/21/2024 4:00
2670,192,323,15,4/21/2024 5:00
2671,10,297,9,4/21/2024 6:00
2672,168,171,12,4/21/2024 7:00
2673,128,213,11,4/21/2024 8:00
2674,152,461,17,4/21/2024 9:00
2675,99,18,6,4/21/2024 10:00
2676,172,314,8,4/21/2024 11:00
2677,112,60,10,4/21/2024 12:00
2678,60,88,15,4/21/2024 13:00
2679,190,27,4,4/21/2024 14:00
2680,87,68,18,4/21/2024 15:00
2681,145,278,11,4/21/2024 16:00
2682,65,408,9,4/21/2024 17:00
2683,57,40,9,4/21/2024 18:00
2684,183,109,8,4/21/2024 19:00
2685,106,74,3,4/21/2024 20:00
2686,181,66,18,4/21/2024 21:00
2687,184,168,14,4/21/2024 22:00
2688,9,262,3,4/21/2024 23:00
2689,22,368,17,4/22/2024 0:00
2690,141,274,4,4/22/2024 1:00
2691,89,337,18,4/22/2024 2:00
2692,176,358,15,4/22/2024 3:00
2693,18,237,19,4/22/2024 4:00
2694,115,215,6,4/22/2024 5:00
2695,168,366,15,4/22/2024 6:00
2696,145,286,7,4/22/2024 7:00
2697,143,378,12,4/22/2024 8:00
2698,106,149,16,4/22/2024 9:00
2699,15,318,9,4/22/2024 10:00
2700,63,394,5,4/22/2024 11:00
2701,167,376,11,4/22/2024 12:00
2702,13,107,2,4/22/2024 13:00
2703,81,141,16,4/22/2024 14:00
2704,32,76,4,4/22/2024 15:00
2705,137,9,5,4/22/2024 16:00
2706,40,196,7,4/22/2024 17:00
2707,148,295,6,4/22/2024 18:00
2708,82,280,10,4/22/2024 19:00
2709,77,381,14,4/22/2024 20:00
2710,191,118,8,4/22/2024 21:00
2711,76,290,14,4/22/2024 22:00
2712,172,487,14,4/22/2024 23:00
2713,38,61,3,4/23/2024 0:00
2714,188,425,1,4/23/2024 1:00
2715,71,389,9,4/23/2024 2:00
2716,48,335,9,4/23/2024 3:00
2717,18,306,2,4/23/2024 4:00
2718,144,388,16,4/23/2024 5:00
2719,183,51,8,4/23/2024 6:00
2720,39,52,6,4/23/2024 7:00
2721,196,122,13,4/23/2024 8:00
2722,187,167,1,4/23/2024 9:00
2723,89,8,19,4/23/2024 10:00
2724,62,369,15,4/23/2024 11:00
2725,141,45,1,4/23/2024 12:00
2726,109,344,10,4/23/2024 13:00
2727,81,245,1,4/23/2024 14:00
2728,134,284,12,4/23/2024 15:00
2729,77,375,11,4/23/2024 16:00
2730,188,107,17,4/23/2024 17:00
2731,90,27,4,4/23/2024 18:00
2732,14,193,7,4/23/2024 19:00
2733,95,418,12,4/23/2024 20:00
2734,54,337,13,4/23/2024 21:00
2735,132,357,5,4/23/2024 22:00
2736,39,62,6,4/23/2024 23:00
2737,72,62,2,4/24/2024 0:00
2738,25,422,7,4/24/2024 1:00
2739,77,282,14,4/24/2024 2:00
2740,160,121,14,4/24/2024 3:00
2741,187,280,10,4/24/2024 4:00
2742,191,39,4,4/24/2024 5:00
2743,166,380,3,4/24/2024 6:00
2744,120,277,14,4/24/2024 7:00
2745,53,94,6,4/24/2024 8:00
2746,195,431,15,4/24/2024 9:00
2747,156,115,8,4/24/2024 10:00
2748,131,176,5,4/24/2024 11:00
2749,150,121,3,4/24/2024 12:00
2750,96,13,3,4/24/2024 13:00
2751,166,485,13,4/24/2024 14:00
2752,200,387,2,4/24/2024 15:00
2753,72,416,1,4/24/2024 16:00
2754,62,163,12,4/24/2024 17:00
2755,185,275,8,4/24/2024 18:00
2756,6,398,19,4/24/2024 19:00
2757,32,176,9,4/24/2024 20:00
2758,99,470,14,4/24/2024 21:00
2759,138,337,18,4/24/2024 22:00
2760,131,379,10,4/24/2024 23:00
2761,187,324,9,4/25/2024 0:00
2762,76,173,6,4/25/2024 1:00
2763,177,488,1,4/25/2024 2:00
2764,59,275,5,4/25/2024 3:00
2765,31,64,10,4/25/2024 4:00
2766,93,101,13,4/25/2024 5:00
2767,69,322,4,4/25/2024 6:00
2768,190,463,1,4/25/2024 7:00
2769,52,66,2,4/25/2024 8:00
2770,89,331,4,4/25/2024 9:00
2771,127,45,17,4/25/2024 10:00
2772,169,87,10,4/25/2024 11:00
2773,31,458,12,4/25/2024 12:00
2774,84,67,2,4/25/2024 13:00
2775,127,453,3,4/25/2024 14:00
2776,150,259,14,4/25/2024 15:00
2777,132,422,15,4/25/2024 16:00
2778,13,205,13,4/25/2024 17:00
2779,45,426,9,4/25/2024 18:00
2780,127,467,2,4/25/2024 19:00
2781,170,424,19,4/25/2024 20:00
2782,114,178,16,4/25/2024 21:00
2783,177,419,11,4/25/2024 22:00
2784,20,280,12,4/25/2024 23:00
2785,81,344,1,4/26/2024 0:00
2786,182,17,2,4/26/2024 1:00
2787,164,296,16,4/26/2024 2:00
2788,129,202,2,4/26/2024 3:00
2789,143,450,19,4/26/2024 4:00
2790,17,172,10,4/26/2024 5:00
2791,152,407,19,4/26/2024 6:00
2792,58,262,10,4/26/2024 7:00
2793,72,194,16,4/26/2024 8:00
2794,109,149,13,4/26/2024 9:00
2795,23,375,16,4/26/2024 10:00
2796,174,376,18,4/26/2024 11:00
2797,72,35,8,4/26/2024 12:00
2798,8,369,18,4/26/2024 13:00
2799,59,29,13,4/26/2024 14:00
2800,111,263,7,4/26/2024 15:00
2801,187,221,18,4/26/2024 16:00
2802,13,53,6,4/26/2024 17:00
2803,167,421,9,4/26/2024 18:00
2804,156,279,6,4/26/2024 19:00
2805,189,353,18,4/26/2024 20:00
2806,16,392,17,4/26/2024 21:00
2807,119,76,12,4/26/2024 22:00
2808,2,494,3,4/26/2024 23:00
2809,145,176,5,4/27/2024 0:00
2810,30,10,7,4/27/2024 1:00
2811,103,463,10,4/27/2024 2:00
2812,13,117,10,4/27/2024 3:00
2813,96,280,19,4/27/2024 4:00
2814,94,218,4,4/27/2024 5:00
2815,82,175,10,4/27/2024 6:00
2816,13,234,18,4/27/2024 7:00
2817,171,437,3,4/27/2024 8:00
2818,94,252,3,4/27/2024 9:00
2819,149,295,5,4/27/2024 10:00
2820,112,451,16,4/27/2024 11:00
2821,55,322,13,4/27/2024 12:00
2822,81,6,11,4/27/2024 13:00
2823,168,21,13,4/27/2024 14:00
2824,116,73,19,4/27/2024 15:00
2825,143,330,6,4/27/2024 16:00
2826,180,36,13,4/27/2024 17:00
2827,108,387,4,4/27/2024 18:00
2828,53,233,5,4/27/2024 19:00
2829,128,216,19,4/27/2024 20:00
2830,180,470,5,4/27/2024 21:00
2831,158,497,14,4/27/2024 22:00
2832,161,206,4,4/27/2024 23:00
2833,57,426,12,4/28/2024 0:00
2834,52,429,6,4/28/2024 1:00
2835,137,44,19,4/28/2024 2:00
2836,182,91,10,4/28/2024 3:00
2837,111,417,1,4/28/2024 4:00
2838,1,316,16,4/28/2024 5:00
2839,44,470,4,4/28/2024 6:00
2840,75,93,9,4/28/2024 7:00
2841,98,467,18,4/28/2024 8:00
2842,9,339,17,4/28/2024 9:00
2843,32,454,15,4/28/2024 10:00
2844,15,493,19,4/28/2024 11:00
2845,140,83,7,4/28/2024 12:00
2846,185,333,18,4/28/2024 13:00
2847,136,282,6,4/28/2024 14:00
2848,72,470,19,4/28/2024 15:00
2849,155,21,12,4/28/2024 16:00
2850,190,228,3,4/28/2024 17:00
2851,12,376,1,4/28/2024 18:00
2852,65,130,5,4/28/2024 19:00
2853,107,175,1,4/28/2024 20:00
2854,42,108,8,4/28/2024 21:00
2855,190,414,7,4/28/2024 22:00
2856,115,283,15,4/28/2024 23:00
2857,139,71,11,4/29/2024 0:00
2858,103,404,18,4/29/2024 1:00
2859,171,50,14,4/29/2024 2:00
2860,95,95,9,4/29/2024 3:00
2861,17,279,5,4/29/2024 4:00
2862,160,397,4,4/29/2024 5:00
2863,85,337,12,4/29/2024 6:00
2864,168,132,1,4/29/2024 7:00
2865,151,398,13,4/29/2024 8:00
2866,56,276,1,4/29/2024 9:00
2867,134,380,3,4/29/2024 10:00
2868,86,13,8,4/29/2024 11:00
2869,178,3,18,4/29/2024 12:00
2870,102,474,16,4/29/2024 13:00
2871,165,474,16,4/29/2024 14:00
2872,192,466,2,4/29/2024 15:00
2873,54,224,17,4/29/2024 16:00
2874,200,462,10,4/29/2024 17:00
2875,177,175,7,4/29/2024 18:00
2876,115,387,10,4/29/2024 19:00
2877,139,385,19,4/29/2024 20:00
2878,88,90,9,4/29/2024 21:00
2879,49,408,17,4/29/2024 22:00
2880,149,241,9,4/29/2024 23:00
2881,115,35,9,4/30/2024 0:00
2882,194,14,5,4/30/2024 1:00
2883,63,195,7,4/30/2024 2:00
2884,104,397,11,4/30/2024 3:00
2885,83,431,8,4/30/2024 4:00
2886,103,306,14,4/30/2024 5:00
2887,156,334,2,4/30/2024 6:00
2888,17,213,10,4/30/2024 7:00
2889,6,410,16,4/30/2024 8:00
2890,147,3,16,4/30/2024 9:00
2891,184,179,19,4/30/2024 10:00
2892,28,40,11,4/30/2024 11:00
2893,194,452,6,4/30/2024 12:00
2894,38,164,6,4/30/2024 13:00
2895,119,307,7,4/30/2024 14:00
2896,37,235,16,4/30/2024 15:00
2897,115,257,13,4/30/2024 16:00
2898,68,360,3,4/30/2024 17:00
2899,177,495,9,4/30/2024 18:00
2900,43,417,3,4/30/2024 19:00
2901,164,391,6,4/30/2024 20:00
2902,58,373,17,4/30/2024 21:00
2903,13,116,3,4/30/2024 22:00
2904,52,52,2,4/30/2024 23:00
2905,58,376,12,5/1/2024 0:00
2906,32,395,6,5/1/2024 1:00
2907,105,411,10,5/1/2024 2:00
2908,188,142,11,5/1/2024 3:00
2909,83,86,16,5/1/2024 4:00
2910,186,464,16,5/1/2024 5:00
2911,99,46,18,5/1/2024 6:00
2912,104,332,9,5/1/2024 7:00
2913,184,497,19,5/1/2024 8:00
2914,28,238,2,5/1/2024 9:00
2915,129,10,1,5/1/2024 10:00
2916,170,152,16,5/1/2024 11:00
2917,48,61,18,5/1/2024 12:00
2918,40,494,3,5/1/2024 13:00
2919,97,18,1,5/1/2024 14:00
2920,191,86,6,5/1/2024 15:00
2921,200,137,19,5/1/2024 16:00
2922,114,401,19,5/1/2024 17:00
2923,132,230,11,5/1/2024 18:00
2924,166,128,8,5/1/2024 19:00
2925,155,104,5,5/1/2024 20:00
2926,137,186,9,5/1/2024 21:00
2927,111,397,15,5/1/2024 22:00
2928,144,178,14,5/1/2024 23:00
2929,184,357,4,5/2/2024 0:00
2930,76,6,8,5/2/2024 1:00
2931,31,341,17,5/2/2024 2:00
2932,119,307,2,5/2/2024 3:00
2933,142,36,16,5/2/2024 4:00
2934,25,327,10,5/2/2024 5:00
2935,34,356,2,5/2/2024 6:00
2936,67,281,11,5/2/2024 7:00
2937,152,395,10,5/2/2024 8:00
2938,118,300,19,5/2/2024 9:00
2939,73,14,14,5/2/2024 10:00
2940,26,237,11,5/2/2024 11:00
2941,148,285,9,5/2/2024 12:00
2942,192,330,7,5/2/2024 13:00
2943,104,50,15,5/2/2024 14:00
2944,10,496,17,5/2/2024 15:00
2945,67,261,3,5/2/2024 16:00
2946,152,456,15,5/2/2024 17:00
2947,5,110,14,5/2/2024 18:00
2948,195,197,8,5/2/2024 19:00
2949,186,378,4,5/2/2024 20:00
2950,27,252,10,5/2/2024 21:00
2951,113,88,2,5/2/2024 22:00
2952,15,488,14,5/2/2024 23:00
2953,163,313,8,5/3/2024 0:00
2954,105,26,10,5/3/2024 1:00
2955,181,262,18,5/3/2024 2:00
2956,44,144,15,5/3/2024 3:00
2957,26,60,5,5/3/2024 4:00
2958,175,356,13,5/3/2024 5:00
2959,162,268,18,5/3/2024 6:00
2960,95,75,2,5/3/2024 7:00
2961,178,3,13,5/3/2024 8:00
2962,84,63,14,5/3/2024 9:00
2963,140,236,10,5/3/2024 10:00
2964,132,448,4,5/3/2024 11:00
2965,87,446,15,5/3/2024 12:00
2966,176,229,8,5/3/2024 13:00
2967,183,390,15,5/3/2024 14:00
2968,112,275,14,5/3/2024 15:00
2969,129,18,9,5/3/2024 16:00
2970,89,80,3,5/3/2024 17:00
2971,66,215,15,5/3/2024 18:00
2972,158,171,17,5/3/2024 19:00
2973,131,485,16,5/3/2024 20:00
2974,122,329,4,5/3/2024 21:00
2975,149,255,11,5/3/2024 22:00
2976,84,387,8,5/3/2024 23:00
2977,177,126,3,5/4/2024 0:00
2978,116,255,19,5/4/2024 1:00
2979,190,72,14,5/4/2024 2:00
2980,116,38,9,5/4/2024 3:00
2981,38,324,3,5/4/2024 4:00
2982,143,204,4,5/4/2024 5:00
2983,110,172,4,5/4/2024 6:00
2984,180,223,11,5/4/2024 7:00
2985,46,217,19,5/4/2024 8:00
2986,25,245,16,5/4/2024 9:00
2987,21,336,17,5/4/2024 10:00
2988,121,191,10,5/4/2024 11:00
2989,122,298,17,5/4/2024 12:00
2990,133,320,16,5/4/2024 13:00
2991,70,182,6,5/4/2024 14:00
2992,113,334,7,5/4/2024 15:00
2993,107,383,14,5/4/2024 16:00
2994,112,205,11,5/4/2024 17:00
2995,108,361,12,5/4/2024 18:00
2996,47,199,14,5/4/2024 19:00
2997,196,332,5,5/4/2024 20:00
2998,91,165,5,5/4/2024 21:00
2999,18,242,15,5/4/2024 22:00
3000,149,388,1,5/4/2024 23:00
3001,104,130,9,5/5/2024 0:00
3002,151,227,3,5/5/2024 1:00
3003,192,122,4,5/5/2024 2:00
3004,195,44,16,5/5/2024 3:00
3005,40,451,7,5/5/2024 4:00
3006,138,196,14,5/5/2024 5:00
3007,89,358,16,5/5/2024 6:00
3008,180,204,18,5/5/2024 7:00
3009,200,467,16,5/5/2024 8:00
3010,61,458,16,5/5/2024 9:00
3011,192,318,2,5/5/2024 10:00
3012,5,257,10,5/5/2024 11:00
3013,122,17,7,5/5/2024 12:00
3014,181,272,15,5/5/2024 13:00
3015,55,9,9,5/5/2024 14:00
3016,37,249,7,5/5/2024 15:00
3017,56,437,16,5/5/2024 16:00
3018,187,201,3,5/5/2024 17:00
3019,102,59,17,5/5/2024 18:00
3020,93,375,8,5/5/2024 19:00
3021,197,393,2,5/5/2024 20:00
3022,73,140,3,5/5/2024 21:00
3023,59,119,8,5/5/2024 22:00
3024,2,41,2,5/5/2024 23:00
3025,193,399,19,5/6/2024 0:00
3026,104,322,17,5/6/2024 1:00
3027,188,331,5,5/6/2024 2:00
3028,51,267,17,5/6/2024 3:00
3029,30,8,10,5/6/2024 4:00
3030,11,183,9,5/6/2024 5:00
3031,108,480,6,5/6/2024 6:00
3032,76,134,11,5/6/2024 7:00
3033,167,181,2,5/6/2024 8:00
3034,90,404,12,5/6/2024 9:00
3035,123,423,12,5/6/2024 10:00
3036,200,355,16,5/6/2024 11:00
3037,191,72,12,5/6/2024 12:00
3038,192,498,18,5/6/2024 13:00
3039,189,113,13,5/6/2024 14:00
3040,125,107,15,5/6/2024 15:00
3041,182,290,16,5/6/2024 16:00
3042,122,313,4,5/6/2024 17:00
3043,94,117,12,5/6/2024 18:00
3044,103,120,17,5/6/2024 19:00
3045,186,147,1,5/6/2024 20:00
3046,184,327,18,5/6/2024 21:00
3047,162,415,16,5/6/2024 22:00
3048,31,210,1,5/6/2024 23:00
3049,52,296,10,5/7/2024 0:00
3050,89,398,19,5/7/2024 1:00
3051,76,103,16,5/7/2024 2:00
3052,129,124,14,5/7/2024 3:00
3053,183,245,2,5/7/2024 4:00
3054,22,379,6,5/7/2024 5:00
3055,40,356,5,5/7/2024 6:00
3056,101,209,12,5/7/2024 7:00
3057,111,421,4,5/7/2024 8:00
3058,129,428,4,5/7/2024 9:00
3059,65,393,5,5/7/2024 10:00
3060,191,314,7,5/7/2024 11:00
3061,182,404,6,5/7/2024 12:00
3062,170,109,13,5/7/2024 13:00
3063,149,377,4,5/7/2024 14:00
3064,79,348,13,5/7/2024 15:00
3065,22,50,4,5/7/2024 16:00
3066,166,404,10,5/7/2024 17:00
3067,99,105,1,5/7/2024 18:00
3068,8,420,8,5/7/2024 19:00
3069,190,373,7,5/7/2024 20:00
3070,175,27,5,5/7/2024 21:00
3071,17,456,3,5/7/2024 22:00
3072,17,288,15,5/7/2024 23:00
3073,90,257,17,5/8/2024 0:00
3074,141,273,13,5/8/2024 1:00
3075,145,137,15,5/8/2024 2:00
3076,166,340,19,5/8/2024 3:00
3077,81,301,14,5/8/2024 4:00
3078,78,480,13,5/8/2024 5:00
3079,173,322,12,5/8/2024 6:00
3080,6,32,9,5/8/2024 7:00
3081,163,45,3,5/8/2024 8:00
3082,110,265,11,5/8/2024 9:00
3083,14,30,10,5/8/2024 10:00
3084,72,84,1,5/8/2024 11:00
3085,189,166,17,5/8/2024 12:00
3086,143,316,13,5/8/2024 13:00
3087,54,1,14,5/8/2024 14:00
3088,27,249,1,5/8/2024 15:00
3089,13,261,2,5/8/2024 16:00
3090,159,63,2,5/8/2024 17:00
3091,163,483,7,5/8/2024 18:00
3092,60,164,9,5/8/2024 19:00
3093,6,321,4,5/8/2024 20:00
3094,197,334,2,5/8/2024 21:00
3095,58,201,19,5/8/2024 22:00
3096,49,222,5,5/8/2024 23:00
3097,151,152,9,5/9/2024 0:00
3098,162,132,13,5/9/2024 1:00
3099,26,114,12,5/9/2024 2:00
3100,47,462,19,5/9/2024 3:00
3101,5,217,9,5/9/2024 4:00
3102,20,196,10,5/9/2024 5:00
3103,134,281,19,5/9/2024 6:00
3104,198,202,10,5/9/2024 7:00
3105,59,483,12,5/9/2024 8:00
3106,192,135,14,5/9/2024 9:00
3107,146,234,8,5/9/2024 10:00
3108,132,141,16,5/9/2024 11:00
3109,17,196,17,5/9/2024 12:00
3110,14,498,4,5/9/2024 13:00
3111,13,43,6,5/9/2024 14:00
3112,135,57,12,5/9/2024 15:00
3113,128,420,18,5/9/2024 16:00
3114,44,142,7,5/9/2024 17:00
3115,119,210,5,5/9/2024 18:00
3116,143,72,10,5/9/2024 19:00
3117,19,224,6,5/9/2024 20:00
3118,63,27,14,5/9/2024 21:00
3119,163,128,6,5/9/2024 22:00
3120,81,106,14,5/9/2024 23:00
3121,163,165,12,5/10/2024 0:00
3122,147,215,12,5/10/2024 1:00
3123,148,71,8,5/10/2024 2:00
3124,100,204,10,5/10/2024 3:00
3125,163,153,16,5/10/2024 4:00
3126,160,67,8,5/10/2024 5:00
3127,122,90,9,5/10/2024 6:00
3128,176,260,13,5/10/2024 7:00
3129,44,362,17,5/10/2024 8:00
3130,104,228,19,5/10/2024 9:00
3131,152,79,17,5/10/2024 10:00
3132,61,96,7,5/10/2024 11:00
3133,125,349,1,5/10/2024 12:00
3134,145,330,14,5/10/2024 13:00
3135,71,469,17,5/10/2024 14:00
3136,107,382,13,5/10/2024 15:00
3137,50,246,2,5/10/2024 16:00
3138,65,272,14,5/10/2024 17:00
3139,99,495,1,5/10/2024 18:00
3140,32,403,5,5/10/2024 19:00
3141,164,157,7,5/10/2024 20:00
3142,141,116,19,5/10/2024 21:00
3143,198,435,14,5/10/2024 22:00
3144,58,18,14,5/10/2024 23:00
3145,128,442,15,5/11/2024 0:00
3146,142,172,5,5/11/2024 1:00
3147,165,16,5,5/11/2024 2:00
3148,112,449,2,5/11/2024 3:00
3149,68,240,18,5/11/2024 4:00
3150,40,386,9,5/11/2024 5:00
3151,187,56,10,5/11/2024 6:00
3152,144,79,18,5/11/2024 7:00
3153,190,103,4,5/11/2024 8:00
3154,132,284,8,5/11/2024 9:00
3155,173,193,18,5/11/2024 10:00
3156,90,5,17,5/11/2024 11:00
3157,28,106,16,5/11/2024 12:00
3158,96,278,18,5/11/2024 13:00
3159,194,373,7,5/11/2024 14:00
3160,31,100,1,5/11/2024 15:00
3161,3,238,1,5/11/2024 16:00
3162,136,269,18,5/11/2024 17:00
3163,24,321,4,5/11/2024 18:00
3164,15,400,4,5/11/2024 19:00
3165,171,489,6,5/11/2024 20:00
3166,159,86,3,5/11/2024 21:00
3167,45,320,6,5/11/2024 22:00
3168,194,32,13,5/11/2024 23:00
3169,8,336,7,5/12/2024 0:00
3170,71,51,4,5/12/2024 1:00
3171,108,79,1,5/12/2024 2:00
3172,115,186,6,5/12/2024 3:00
3173,103,174,5,5/12/2024 4:00
3174,125,436,13,5/12/2024 5:00
3175,57,106,19,5/12/2024 6:00
3176,30,63,4,5/12/2024 7:00
3177,146,76,6,5/12/2024 8:00
3178,114,316,13,5/12/2024 9:00
3179,197,321,5,5/12/2024 10:00
3180,117,373,13,5/12/2024 11:00
3181,167,81,10,5/12/2024 12:00
3182,60,361,3,5/12/2024 13:00
3183,98,128,13,5/12/2024 14:00
3184,171,183,12,5/12/2024 15:00
3185,126,243,4,5/12/2024 16:00
3186,173,185,10,5/12/2024 17:00
3187,151,498,3,5/12/2024 18:00
3188,197,220,17,5/12/2024 19:00
3189,94,71,9,5/12/2024 20:00
3190,134,457,1,5/12/2024 21:00
3191,184,342,18,5/12/2024 22:00
3192,122,154,9,5/12/2024 23:00
3193,108,245,9,5/13/2024 0:00
3194,4,140,2,5/13/2024 1:00
3195,93,71,19,5/13/2024 2:00
3196,151,46,16,5/13/2024 3:00
3197,6,47,3,5/13/2024 4:00
3198,32,79,16,5/13/2024 5:00
3199,106,422,13,5/13/2024 6:00
3200,146,149,3,5/13/2024 7:00
3201,15,398,10,5/13/2024 8:00
3202,168,130,18,5/13/2024 9:00
3203,122,456,6,5/13/2024 10:00
3204,96,127,6,5/13/2024 11:00
3205,6,365,18,5/13/2024 12:00
3206,112,119,6,5/13/2024 13:00
3207,120,454,6,5/13/2024 14:00
3208,123,485,13,5/13/2024 15:00
3209,191,357,14,5/13/2024 16:00
3210,67,417,7,5/13/2024 17:00
3211,106,489,13,5/13/2024 18:00
3212,139,262,15,5/13/2024 19:00
3213,43,244,12,5/13/2024 20:00
3214,145,474,1,5/13/2024 21:00
3215,96,382,3,5/13/2024 22:00
3216,132,103,18,5/13/2024 23:00
3217,191,489,8,5/14/2024 0:00
3218,196,37,2,5/14/2024 1:00
3219,81,142,4,5/14/2024 2:00
3220,41,37,18,5/14/2024 3:00
3221,133,8,13,5/14/2024 4:00
3222,160,231,15,5/14/2024 5:00
3223,198,333,2,5/14/2024 6:00
3224,35,397,10,5/14/2024 7:00
3225,22,296,2,5/14/2024 8:00
3226,193,107,12,5/14/2024 9:00
3227,150,348,5,5/14/2024 10:00
3228,112,442,12,5/14/2024 11:00
3229,11,18,1,5/14/2024 12:00
3230,3,313,2,5/14/2024 13:00
3231,137,83,16,5/14/2024 14:00
3232,60,422,2,5/14/2024 15:00
3233,76,288,16,5/14/2024 16:00
3234,87,470,16,5/14/2024 17:00
3235,14,194,6,5/14/2024 18:00
3236,18,461,13,5/14/2024 19:00
3237,113,215,12,5/14/2024 20:00
3238,73,281,10,5/14/2024 21:00
3239,23,220,5,5/14/2024 22:00
3240,83,442,8,5/14/2024 23:00
3241,125,459,6,5/15/2024 0:00
3242,175,289,5,5/15/2024 1:00
3243,69,344,6,5/15/2024 2:00
3244,47,194,17,5/15/2024 3:00
3245,116,158,6,5/15/2024 4:00
3246,30,465,17,5/15/2024 5:00
3247,25,104,5,5/15/2024 6:00
3248,156,34,17,5/15/2024 7:00
3249,112,102,17,5/15/2024 8:00
3250,25,127,13,5/15/2024 9:00
3251,74,214,7,5/15/2024 10:00
3252,58,325,6,5/15/2024 11:00
3253,94,432,14,5/15/2024 12:00
3254,119,296,16,5/15/2024 13:00
3255,127,179,3,5/15/2024 14:00
3256,169,80,9,5/15/2024 15:00
3257,25,141,15,5/15/2024 16:00
3258,78,474,18,5/15/2024 17:00
3259,99,31,10,5/15/2024 18:00
3260,116,372,10,5/15/2024 19:00
3261,48,423,3,5/15/2024 20:00
3262,10,63,1,5/15/2024 21:00
3263,99,48,3,5/15/2024 22:00
3264,11,87,5,5/15/2024 23:00
3265,85,304,7,5/16/2024 0:00
3266,149,61,3,5/16/2024 1:00
3267,173,396,4,5/16/2024 2:00
3268,135,334,17,5/16/2024 3:00
3269,192,440,3,5/16/2024 4:00
3270,126,274,4,5/16/2024 5:00
3271,64,411,2,5/16/2024 6:00
3272,2,284,14,5/16/2024 7:00
3273,76,466,5,5/16/2024 8:00
3274,121,80,2,5/16/2024 9:00
3275,42,180,15,5/16/2024 10:00
3276,54,272,11,5/16/2024 11:00
3277,75,77,10,5/16/2024 12:00
3278,16,442,1,5/16/2024 13:00
3279,18,221,19,5/16/2024 14:00
3280,187,393,14,5/16/2024 15:00
3281,90,282,14,5/16/2024 16:00
3282,144,28,1,5/16/2024 17:00
3283,6,361,9,5/16/2024 18:00
3284,185,77,17,5/16/2024 19:00
3285,108,164,14,5/16/2024 20:00
3286,175,9,13,5/16/2024 21:00
3287,48,175,13,5/16/2024 22:00
3288,42,462,6,5/16/2024 23:00
3289,76,307,7,5/17/2024 0:00
3290,188,76,2,5/17/2024 1:00
3291,77,245,8,5/17/2024 2:00
3292,132,122,6,5/17/2024 3:00
3293,130,185,3,5/17/2024 4:00
3294,59,32,18,5/17/2024 5:00
3295,155,486,18,5/17/2024 6:00
3296,27,451,6,5/17/2024 7:00
3297,79,250,11,5/17/2024 8:00
3298,72,57,3,5/17/2024 9:00
3299,7,310,16,5/17/2024 10:00
3300,191,372,5,5/17/2024 11:00
3301,111,144,2,5/17/2024 12:00
3302,119,318,15,5/17/2024 13:00
3303,174,84,16,5/17/2024 14:00
3304,63,480,7,5/17/2024 15:00
3305,124,56,16,5/17/2024 16:00
3306,12,279,4,5/17/2024 17:00
3307,141,273,16,5/17/2024 18:00
3308,43,464,17,5/17/2024 19:00
3309,17,166,2,5/17/2024 20:00
3310,63,456,16,5/17/2024 21:00
3311,120,467,4,5/17/2024 22:00
3312,36,158,7,5/17/2024 23:00
3313,8,249,18,5/18/2024 0:00
3314,69,186,6,5/18/2024 1:00
3315,90,482,18,5/18/2024 2:00
3316,36,78,7,5/18/2024 3:00
3317,28,22,2,5/18/2024 4:00
3318,118,108,19,5/18/2024 5:00
3319,93,273,9,5/18/2024 6:00
3320,175,252,4,5/18/2024 7:00
3321,76,15,14,5/18/2024 8:00
3322,101,370,5,5/18/2024 9:00
3323,158,304,7,5/18/2024 10:00
3324,151,160,8,5/18/2024 11:00
3325,144,205,15,5/18/2024 12:00
3326,14,469,19,5/18/2024 13:00
3327,71,113,11,5/18/2024 14:00
3328,180,168,4,5/18/2024 15:00
3329,124,353,18,5/18/2024 16:00
3330,125,253,14,5/18/2024 17:00
3331,37,441,6,5/18/2024 18:00
3332,29,186,16,5/18/2024 19:00
3333,195,347,18,5/18/2024 20:00
3334,143,227,1,5/18/2024 21:00
3335,175,16,8,5/18/2024 22:00
3336,174,156,1,5/18/2024 23:00
3337,180,354,1,5/19/2024 0:00
3338,19,111,19,5/19/2024 1:00
3339,106,1,10,5/19/2024 2:00
3340,21,41,18,5/19/2024 3:00
3341,64,48,12,5/19/2024 4:00
3342,165,415,17,5/19/2024 5:00
3343,27,420,1,5/19/2024 6:00
3344,55,108,8,5/19/2024 7:00
3345,29,161,10,5/19/2024 8:00
3346,148,161,10,5/19/2024 9:00
3347,25,359,18,5/19/2024 10:00
3348,70,128,9,5/19/2024 11:00
3349,63,210,2,5/19/2024 12:00
3350,164,151,3,5/19/2024 13:00
3351,130,444,2,5/19/2024 14:00
3352,150,255,6,5/19/2024 15:00
3353,16,471,12,5/19/2024 16:00
3354,146,463,19,5/19/2024 17:00
3355,197,218,15,5/19/2024 18:00
3356,182,30,19,5/19/2024 19:00
3357,100,473,12,5/19/2024 20:00
3358,30,45,18,5/19/2024 21:00
3359,45,80,16,5/19/2024 22:00
3360,19,39,2,5/19/2024 23:00
3361,34,240,11,5/20/2024 0:00
3362,141,45,12,5/20/2024 1:00
3363,171,78,5,5/20/2024 2:00
3364,62,337,6,5/20/2024 3:00
3365,118,396,11,5/20/2024 4:00
3366,100,349,10,5/20/2024 5:00
3367,22,288,4,5/20/2024 6:00
3368,180,440,9,5/20/2024 7:00
3369,180,280,12,5/20/2024 8:00
3370,111,116,10,5/20/2024 9:00
3371,164,269,14,5/20/2024 10:00
3372,73,404,5,5/20/2024 11:00
3373,147,335,1,5/20/2024 12:00
3374,38,312,5,5/20/2024 13:00
3375,70,53,16,5/20/2024 14:00
3376,116,68,5,5/20/2024 15:00
3377,79,182,5,5/20/2024 16:00
3378,185,34,18,5/20/2024 17:00
3379,148,284,6,5/20/2024 18:00
3380,9,306,18,5/20/2024 19:00
3381,32,386,10,5/20/2024 20:00
3382,132,249,15,5/20/2024 21:00
3383,50,111,11,5/20/2024 22:00
3384,82,94,19,5/20/2024 23:00
3385,5,410,13,5/21/2024 0:00
3386,148,179,3,5/21/2024 1:00
3387,87,47,16,5/21/2024 2:00
3388,126,282,7,5/21/2024 3:00
3389,75,340,12,5/21/2024 4:00
3390,165,362,15,5/21/2024 5:00
3391,22,92,8,5/21/2024 6:00
3392,186,376,17,5/21/2024 7:00
3393,68,212,1,5/21/2024 8:00
3394,44,75,8,5/21/2024 9:00
3395,34,378,14,5/21/2024 10:00
3396,77,202,10,5/21/2024 11:00
3397,42,445,19,5/21/2024 12:00
3398,137,407,8,5/21/2024 13:00
3399,106,421,19,5/21/2024 14:00
3400,95,297,4,5/21/2024 15:00
3401,135,308,10,5/21/2024 16:00
3402,68,211,3,5/21/2024 17:00
3403,147,493,4,5/21/2024 18:00
3404,159,338,16,5/21/2024 19:00
3405,128,433,4,5/21/2024 20:00
3406,163,411,13,5/21/2024 21:00
3407,185,134,17,5/21/2024 22:00
3408,85,330,16,5/21/2024 23:00
3409,189,66,17,5/22/2024 0:00
3410,159,280,6,5/22/2024 1:00
3411,83,422,3,5/22/2024 2:00
3412,95,28,4,5/22/2024 3:00
3413,181,412,8,5/22/2024 4:00
3414,32,117,9,5/22/2024 5:00
3415,66,493,1,5/22/2024 6:00
3416,187,370,13,5/22/2024 7:00
3417,116,487,2,5/22/2024 8:00
3418,138,450,10,5/22/2024 9:00
3419,130,317,19,5/22/2024 10:00
3420,194,430,17,5/22/2024 11:00
3421,60,325,13,5/22/2024 12:00
3422,17,114,14,5/22/2024 13:00
3423,96,75,11,5/22/2024 14:00
3424,144,202,10,5/22/2024 15:00
3425,16,427,7,5/22/2024 16:00
3426,46,59,10,5/22/2024 17:00
3427,167,386,1,5/22/2024 18:00
3428,159,15,14,5/22/2024 19:00
3429,107,231,3,5/22/2024 20:00
3430,88,105,13,5/22/2024 21:00
3431,129,165,2,5/22/2024 22:00
3432,139,199,17,5/22/2024 23:00
3433,119,404,3,5/23/2024 0:00
3434,85,354,15,5/23/2024 1:00
3435,4,35,8,5/23/2024 2:00
3436,71,162,6,5/23/2024 3:00
3437,154,245,9,5/23/2024 4:00
3438,111,470,11,5/23/2024 5:00
3439,50,287,2,5/23/2024 6:00
3440,140,383,9,5/23/2024 7:00
3441,95,471,18,5/23/2024 8:00
3442,92,19,19,5/23/2024 9:00
3443,65,452,18,5/23/2024 10:00
3444,47,280,5,5/23/2024 11:00
3445,181,340,18,5/23/2024 12:00
3446,106,423,12,5/23/2024 13:00
3447,199,348,4,5/23/2024 14:00
3448,130,182,15,5/23/2024 15:00
3449,106,423,11,5/23/2024 16:00
3450,24,401,19,5/23/2024 17:00
3451,4,147,5,5/23/2024 18:00
3452,108,374,6,5/23/2024 19:00
3453,19,176,13,5/23/2024 20:00
3454,154,163,10,5/23/2024 21:00
3455,40,416,14,5/23/2024 22:00
3456,50,175,4,5/23/2024 23:00
3457,171,494,12,5/24/2024 0:00
3458,75,47,15,5/24/2024 1:00
3459,195,256,10,5/24/2024 2:00
3460,12,448,11,5/24/2024 3:00
3461,195,174,9,5/24/2024 4:00
3462,27,103,11,5/24/2024 5:00
3463,113,121,2,5/24/2024 6:00
3464,182,419,13,5/24/2024 7:00
3465,194,350,8,5/24/2024 8:00
3466,49,145,8,5/24/2024 9:00
3467,144,42,1,5/24/2024 10:00
3468,130,367,6,5/24/2024 11:00
3469,60,29,13,5/24/2024 12:00
3470,182,454,9,5/24/2024 13:00
3471,30,380,6,5/24/2024 14:00
3472,84,273,15,5/24/2024 15:00
3473,166,465,16,5/24/2024 16:00
3474,28,14,4,5/24/2024 17:00
3475,25,408,17,5/24/2024 18:00
3476,96,441,9,5/24/2024 19:00
3477,125,306,12,5/24/2024 20:00
3478,10,313,19,5/24/2024 21:00
3479,188,485,12,5/24/2024 22:00
3480,42,189,6,5/24/2024 23:00
3481,40,360,12,5/25/2024 0:00
3482,77,295,9,5/25/2024 1:00
3483,105,183,5,5/25/2024 2:00
3484,118,352,3,5/25/2024 3:00
3485,42,36,2,5/25/2024 4:00
3486,47,370,8,5/25/2024 5:00
3487,165,37,10,5/25/2024 6:00
3488,22,496,15,5/25/2024 7:00
3489,185,14,9,5/25/2024 8:00
3490,107,411,10,5/25/2024 9:00
3491,27,123,11,5/25/2024 10:00
3492,41,83,9,5/25/2024 11:00
3493,80,159,14,5/25/2024 12:00
3494,162,494,5,5/25/2024 13:00
3495,160,329,9,5/25/2024 14:00
3496,89,102,4,5/25/2024 15:00
3497,66,337,2,5/25/2024 16:00
3498,12,83,19,5/25/2024 17:00
3499,168,44,1,5/25/2024 18:00
3500,73,68,1,5/25/2024 19:00
3501,76,48,12,5/25/2024 20:00
3502,90,57,11,5/25/2024 21:00
3503,10,75,1,5/25/2024 22:00
3504,96,22,14,5/25/2024 23:00
3505,176,132,11,5/26/2024 0:00
3506,20,465,7,5/26/2024 1:00
3507,39,456,2,5/26/2024 2:00
3508,60,302,15,5/26/2024 3:00
3509,66,443,8,5/26/2024 4:00
3510,65,418,15,5/26/2024 5:00
3511,179,267,8,5/26/2024 6:00
3512,124,287,10,5/26/2024 7:00
3513,164,395,19,5/26/2024 8:00
3514,152,120,3,5/26/2024 9:00
3515,155,246,14,5/26/2024 10:00
3516,130,56,9,5/26/2024 11:00
3517,159,38,9,5/26/2024 12:00
3518,57,245,6,5/26/2024 13:00
3519,78,21,8,5/26/2024 14:00
3520,194,110,11,5/26/2024 15:00
3521,29,94,8,5/26/2024 16:00
3522,15,394,12,5/26/2024 17:00
3523,12,410,10,5/26/2024 18:00
3524,101,475,4,5/26/2024 19:00
3525,156,136,16,5/26/2024 20:00
3526,84,231,6,5/26/2024 21:00
3527,125,8,9,5/26/2024 22:00
3528,103,444,5,5/26/2024 23:00
3529,24,328,6,5/27/2024 0:00
3530,149,375,17,5/27/2024 1:00
3531,138,290,17,5/27/2024 2:00
3532,110,251,13,5/27/2024 3:00
3533,78,400,17,5/27/2024 4:00
3534,101,361,14,5/27/2024 5:00
3535,146,397,2,5/27/2024 6:00
3536,142,87,19,5/27/2024 7:00
3537,162,204,3,5/27/2024 8:00
3538,128,219,2,5/27/2024 9:00
3539,58,406,2,5/27/2024 10:00
3540,76,480,7,5/27/2024 11:00
3541,150,241,4,5/27/2024 12:00
3542,198,411,17,5/27/2024 13:00
3543,36,320,6,5/27/2024 14:00
3544,173,258,7,5/27/2024 15:00
3545,164,109,6,5/27/2024 16:00
3546,22,256,9,5/27/2024 17:00
3547,127,481,4,5/27/2024 18:00
3548,80,282,5,5/27/2024 19:00
3549,189,220,19,5/27/2024 20:00
3550,100,83,10,5/27/2024 21:00
3551,184,107,18,5/27/2024 22:00
3552,96,69,15,5/27/2024 23:00
3553,161,97,1,5/28/2024 0:00
3554,173,212,5,5/28/2024 1:00
3555,164,286,5,5/28/2024 2:00
3556,148,237,8,5/28/2024 3:00
3557,18,8,15,5/28/2024 4:00
3558,38,294,17,5/28/2024 5:00
3559,195,189,19,5/28/2024 6:00
3560,151,81,13,5/28/2024 7:00
3561,109,108,10,5/28/2024 8:00
3562,123,321,17,5/28/2024 9:00
3563,144,67,5,5/28/2024 10:00
3564,187,174,18,5/28/2024 11:00
3565,197,346,17,5/28/2024 12:00
3566,196,351,4,5/28/2024 13:00
3567,149,328,7,5/28/2024 14:00
3568,104,43,5,5/28/2024 15:00
3569,198,187,8,5/28/2024 16:00
3570,140,302,8,5/28/2024 17:00
3571,144,200,11,5/28/2024 18:00
3572,81,381,9,5/28/2024 19:00
3573,87,419,19,5/28/2024 20:00
3574,142,39,19,5/28/2024 21:00
3575,61,220,9,5/28/2024 22:00
3576,199,307,17,5/28/2024 23:00
3577,46,4,16,5/29/2024 0:00
3578,32,121,7,5/29/2024 1:00
3579,15,336,3,5/29/2024 2:00
3580,44,77,19,5/29/2024 3:00
3581,145,468,8,5/29/2024 4:00
3582,169,179,5,5/29/2024 5:00
3583,54,133,6,5/29/2024 6:00
3584,44,311,2,5/29/2024 7:00
3585,98,229,19,5/29/2024 8:00
3586,5,276,13,5/29/2024 9:00
3587,109,152,6,5/29/2024 10:00
3588,27,164,6,5/29/2024 11:00
3589,116,290,2,5/29/2024 12:00
3590,87,378,5,5/29/2024 13:00
3591,104,109,11,5/29/2024 14:00
3592,123,126,11,5/29/2024 15:00
3593,79,240,14,5/29/2024 16:00
3594,43,310,13,5/29/2024 17:00
3595,97,418,8,5/29/2024 18:00
3596,31,467,15,5/29/2024 19:00
3597,99,401,12,5/29/2024 20:00
3598,17,389,3,5/29/2024 21:00
3599,83,345,5,5/29/2024 22:00
3600,110,146,6,5/29/2024 23:00
3601,182,252,2,5/30/2024 0:00
3602,190,183,8,5/30/2024 1:00
3603,32,309,5,5/30/2024 2:00
3604,168,306,17,5/30/2024 3:00
3605,141,72,2,5/30/2024 4:00
3606,35,219,11,5/30/2024 5:00
3607,133,207,4,5/30/2024 6:00
3608,29,173,11,5/30/2024 7:00
3609,70,141,9,5/30/2024 8:00
3610,153,272,6,5/30/2024 9:00
3611,95,214,2,5/30/2024 10:00
3612,22,468,15,5/30/2024 11:00
3613,194,269,5,5/30/2024 12:00
3614,173,20,12,5/30/2024 13:00
3615,69,66,13,5/30/2024 14:00
3616,89,483,17,5/30/2024 15:00
3617,72,303,4,5/30/2024 16:00
3618,129,147,10,5/30/2024 17:00
3619,172,429,1,5/30/2024 18:00
3620,87,165,11,5/30/2024 19:00
3621,96,378,16,5/30/2024 20:00
3622,75,310,11,5/30/2024 21:00
3623,167,6,9,5/30/2024 22:00
3624,54,14,2,5/30/2024 23:00
3625,88,132,7,5/31/2024 0:00
3626,157,342,19,5/31/2024 1:00
3627,54,243,18,5/31/2024 2:00
3628,16,439,7,5/31/2024 3:00
3629,99,231,9,5/31/2024 4:00
3630,20,228,12,5/31/2024 5:00
3631,46,162,3,5/31/2024 6:00
3632,195,283,16,5/31/2024 7:00
3633,193,263,7,5/31/2024 8:00
3634,127,131,5,5/31/2024 9:00
3635,58,431,7,5/31/2024 10:00
3636,181,225,19,5/31/2024 11:00
3637,111,258,17,5/31/2024 12:00
3638,129,234,16,5/31/2024 13:00
3639,81,336,19,5/31/2024 14:00
3640,194,409,18,5/31/2024 15:00
3641,157,316,19,5/31/2024 16:00
3642,84,463,4,5/31/2024 17:00
3643,70,24,1,5/31/2024 18:00
3644,8,271,4,5/31/2024 19:00
3645,29,95,4,5/31/2024 20:00
3646,112,142,9,5/31/2024 21:00
3647,179,182,8,5/31/2024 22:00
3648,161,206,2,5/31/2024 23:00
3649,131,390,6,6/1/2024 0:00
3650,188,462,11,6/1/2024 1:00
3651,163,81,4,6/1/2024 2:00
3652,197,274,14,6/1/2024 3:00
3653,108,276,9,6/1/2024 4:00
3654,109,371,2,6/1/2024 5:00
3655,20,446,1,6/1/2024 6:00
3656,73,465,4,6/1/2024 7:00
3657,167,208,12,6/1/2024 8:00
3658,4,296,5,6/1/2024 9:00
3659,19,39,9,6/1/2024 10:00
3660,102,436,4,6/1/2024 11:00
3661,173,288,16,6/1/2024 12:00
3662,171,124,2,6/1/2024 13:00
3663,141,364,16,6/1/2024 14:00
3664,141,457,16,6/1/2024 15:00
3665,188,283,11,6/1/2024 16:00
3666,185,366,1,6/1/2024 17:00
3667,86,180,15,6/1/2024 18:00
3668,52,97,4,6/1/2024 19:00
3669,111,191,18,6/1/2024 20:00
3670,181,74,17,6/1/2024 21:00
3671,109,447,7,6/1/2024 22:00
3672,86,273,18,6/1/2024 23:00
3673,43,497,13,6/2/2024 0:00
3674,200,49,10,6/2/2024 1:00
3675,200,484,1,6/2/2024 2:00
3676,42,337,2,6/2/2024 3:00
3677,90,210,17,6/2/2024 4:00
3678,115,116,3,6/2/2024 5:00
3679,26,23,17,6/2/2024 6:00
3680,151,98,12,6/2/2024 7:00
3681,43,328,12,6/2/2024 8:00
3682,77,397,10,6/2/2024 9:00
3683,156,407,7,6/2/2024 10:00
3684,137,313,10,6/2/2024 11:00
3685,20,190,18,6/2/2024 12:00
3686,184,182,6,6/2/2024 13:00
3687,39,148,7,6/2/2024 14:00
3688,179,342,17,6/2/2024 15:00
3689,12,495,12,6/2/2024 16:00
3690,183,436,17,6/2/2024 17:00
3691,11,23,18,6/2/2024 18:00
3692,154,105,14,6/2/2024 19:00
3693,42,163,11,6/2/2024 20:00
3694,155,67,2,6/2/2024 21:00
3695,11,290,1,6/2/2024 22:00
3696,38,289,11,6/2/2024 23:00
3697,98,46,2,6/3/2024 0:00
3698,171,81,16,6/3/2024 1:00
3699,19,429,3,6/3/2024 2:00
3700,192,147,1,6/3/2024 3:00
3701,134,222,8,6/3/2024 4:00
3702,174,343,19,6/3/2024 5:00
3703,116,15,1,6/3/2024 6:00
3704,113,379,5,6/3/2024 7:00
3705,170,121,1,6/3/2024 8:00
3706,65,78,11,6/3/2024 9:00
3707,99,322,9,6/3/2024 10:00
3708,72,295,5,6/3/2024 11:00
3709,187,241,2,6/3/2024 12:00
3710,52,18,13,6/3/2024 13:00
3711,118,256,18,6/3/2024 14:00
3712,175,454,12,6/3/2024 15:00
3713,120,443,14,6/3/2024 16:00
3714,7,416,5,6/3/2024 17:00
3715,11,277,10,6/3/2024 18:00
3716,103,424,2,6/3/2024 19:00
3717,61,476,4,6/3/2024 20:00
3718,68,27,12,6/3/2024 21:00
3719,153,2,11,6/3/2024 22:00
3720,140,353,4,6/3/2024 23:00
3721,154,464,11,6/4/2024 0:00
3722,102,295,9,6/4/2024 1:00
3723,110,470,10,6/4/2024 2:00
3724,140,312,6,6/4/2024 3:00
3725,171,363,15,6/4/2024 4:00
3726,51,383,10,6/4/2024 5:00
3727,117,239,6,6/4/2024 6:00
3728,165,13,1,6/4/2024 7:00
3729,46,382,4,6/4/2024 8:00
3730,53,184,14,6/4/2024 9:00
3731,88,194,8,6/4/2024 10:00
3732,121,462,11,6/4/2024 11:00
3733,13,56,15,6/4/2024 12:00
3734,89,230,19,6/4/2024 13:00
3735,125,489,8,6/4/2024 14:00
3736,118,28,13,6/4/2024 15:00
3737,54,320,18,6/4/2024 16:00
3738,185,71,17,6/4/2024 17:00
3739,116,210,6,6/4/2024 18:00
3740,118,448,15,6/4/2024 19:00
3741,4,184,13,6/4/2024 20:00
3742,75,425,18,6/4/2024 21:00
3743,49,375,11,6/4/2024 22:00
3744,7,356,13,6/4/2024 23:00
3745,110,41,1,6/5/2024 0:00
3746,122,484,18,6/5/2024 1:00
3747,11,492,5,6/5/2024 2:00
3748,92,260,6,6/5/2024 3:00
3749,182,441,1,6/5/2024 4:00
3750,173,414,7,6/5/2024 5:00
3751,23,344,4,6/5/2024 6:00
3752,28,84,9,6/5/2024 7:00
3753,111,46,15,6/5/2024 8:00
3754,57,440,6,6/5/2024 9:00
3755,26,159,17,6/5/2024 10:00
3756,153,344,18,6/5/2024 11:00
3757,54,7,4,6/5/2024 12:00
3758,29,474,9,6/5/2024 13:00
3759,97,333,14,6/5/2024 14:00
3760,164,438,3,6/5/2024 15:00
3761,14,136,1,6/5/2024 16:00
3762,78,183,11,6/5/2024 17:00
3763,35,197,1,6/5/2024 18:00
3764,30,172,12,6/5/2024 19:00
3765,92,397,9,6/5/2024 20:00
3766,17,349,5,6/5/2024 21:00
3767,195,276,15,6/5/2024 22:00
3768,158,78,18,6/5/2024 23:00
3769,93,416,9,6/6/2024 0:00
3770,173,444,13,6/6/2024 1:00
3771,79,178,13,6/6/2024 2:00
3772,110,27,13,6/6/2024 3:00
3773,179,120,10,6/6/2024 4:00
3774,102,281,10,6/6/2024 5:00
3775,106,308,7,6/6/2024 6:00
3776,47,196,5,6/6/2024 7:00
3777,181,277,7,6/6/2024 8:00
3778,64,18,10,6/6/2024 9:00
3779,166,295,10,6/6/2024 10:00
3780,64,271,13,6/6/2024 11:00
3781,87,53,15,6/6/2024 12:00
3782,7,294,6,6/6/2024 13:00
3783,22,432,12,6/6/2024 14:00
3784,81,52,19,6/6/2024 15:00
3785,169,216,11,6/6/2024 16:00
3786,74,72,6,6/6/2024 17:00
3787,138,28,1,6/6/2024 18:00
3788,185,469,2,6/6/2024 19:00
3789,135,400,15,6/6/2024 20:00
3790,125,252,4,6/6/2024 21:00
3791,50,374,5,6/6/2024 22:00
3792,52,400,15,6/6/2024 23:00
3793,161,35,11,6/7/2024 0:00
3794,1,401,10,6/7/2024 1:00
3795,181,201,17,6/7/2024 2:00
3796,188,249,2,6/7/2024 3:00
3797,162,99,10,6/7/2024 4:00
3798,4,308,3,6/7/2024 5:00
3799,145,477,19,6/7/2024 6:00
3800,132,487,5,6/7/2024 7:00
3801,171,466,3,6/7/2024 8:00
3802,4,140,8,6/7/2024 9:00
3803,1,83,5,6/7/2024 10:00
3804,71,48,12,6/7/2024 11:00
3805,178,278,14,6/7/2024 12:00
3806,189,379,7,6/7/2024 13:00
3807,35,248,11,6/7/2024 14:00
3808,8,383,8,6/7/2024 15:00
3809,152,177,5,6/7/2024 16:00
3810,36,52,8,6/7/2024 17:00
3811,178,79,12,6/7/2024 18:00
3812,123,385,15,6/7/2024 19:00
3813,43,322,19,6/7/2024 20:00
3814,27,64,16,6/7/2024 21:00
3815,32,8,14,6/7/2024 22:00
3816,78,214,7,6/7/2024 23:00
3817,121,25,8,6/8/2024 0:00
3818,146,450,7,6/8/2024 1:00
3819,156,256,18,6/8/2024 2:00
3820,157,243,6,6/8/2024 3:00
3821,16,457,19,6/8/2024 4:00
3822,99,457,4,6/8/2024 5:00
3823,47,461,3,6/8/2024 6:00
3824,187,198,17,6/8/2024 7:00
3825,31,94,19,6/8/2024 8:00
3826,4,207,15,6/8/2024 9:00
3827,165,435,6,6/8/2024 10:00
3828,17,437,12,6/8/2024 11:00
3829,39,15,19,6/8/2024 12:00
3830,48,178,6,6/8/2024 13:00
3831,174,455,11,6/8/2024 14:00
3832,176,378,10,6/8/2024 15:00
3833,39,75,16,6/8/2024 16:00
3834,132,104,18,6/8/2024 17:00
3835,30,294,14,6/8/2024 18:00
3836,158,168,4,6/8/2024 19:00
3837,22,450,12,6/8/2024 20:00
3838,66,115,8,6/8/2024 21:00
3839,108,496,7,6/8/2024 22:00
3840,12,39,9,6/8/2024 23:00
3841,36,458,17,6/9/2024 0:00
3842,18,364,10,6/9/2024 1:00
3843,90,273,3,6/9/2024 2:00
3844,181,135,8,6/9/2024 3:00
3845,199,374,14,6/9/2024 4:00
3846,1,232,7,6/9/2024 5:00
3847,127,39,16,6/9/2024 6:00
3848,186,452,18,6/9/2024 7:00
3849,90,291,11,6/9/2024 8:00
3850,87,307,6,6/9/2024 9:00
3851,90,47,14,6/9/2024 10:00
3852,134,36,13,6/9/2024 11:00
3853,70,320,4,6/9/2024 12:00
3854,44,95,11,6/9/2024 13:00
3855,200,473,18,6/9/2024 14:00
3856,152,361,1,6/9/2024 15:00
3857,86,13,12,6/9/2024 16:00
3858,19,146,18,6/9/2024 17:00
3859,101,405,7,6/9/2024 18:00
3860,146,368,12,6/9/2024 19:00
3861,95,65,1,6/9/2024 20:00
3862,101,228,4,6/9/2024 21:00
3863,30,242,18,6/9/2024 22:00
3864,170,8,15,6/9/2024 23:00
3865,33,500,3,6/10/2024 0:00
3866,12,304,7,6/10/2024 1:00
3867,118,341,6,6/10/2024 2:00
3868,94,43,15,6/10/2024 3:00
3869,155,244,15,6/10/2024 4:00
3870,167,181,6,6/10/2024 5:00
3871,137,85,8,6/10/2024 6:00
3872,149,155,8,6/10/2024 7:00
3873,76,275,1,6/10/2024 8:00
3874,29,23,13,6/10/2024 9:00
3875,161,115,13,6/10/2024 10:00
3876,190,306,11,6/10/2024 11:00
3877,117,435,4,6/10/2024 12:00
3878,15,299,7,6/10/2024 13:00
3879,2,99,12,6/10/2024 14:00
3880,180,104,13,6/10/2024 15:00
3881,117,372,12,6/10/2024 16:00
3882,172,51,16,6/10/2024 17:00
3883,182,362,6,6/10/2024 18:00
3884,18,112,14,6/10/2024 19:00
3885,3,453,19,6/10/2024 20:00
3886,135,244,16,6/10/2024 21:00
3887,171,169,4,6/10/2024 22:00
3888,166,72,5,6/10/2024 23:00
3889,165,139,9,6/11/2024 0:00
3890,186,336,3,6/11/2024 1:00
3891,161,231,10,6/11/2024 2:00
3892,108,239,17,6/11/2024 3:00
3893,187,472,19,6/11/2024 4:00
3894,95,253,10,6/11/2024 5:00
3895,122,469,12,6/11/2024 6:00
3896,11,436,7,6/11/2024 7:00
3897,68,407,18,6/11/2024 8:00
3898,123,49,19,6/11/2024 9:00
3899,196,422,15,6/11/2024 10:00
3900,113,303,7,6/11/2024 11:00
3901,98,72,12,6/11/2024 12:00
3902,93,263,7,6/11/2024 13:00
3903,22,322,10,6/11/2024 14:00
3904,194,222,10,6/11/2024 15:00
3905,172,77,5,6/11/2024 16:00
3906,127,62,18,6/11/2024 17:00
3907,134,471,9,6/11/2024 18:00
3908,170,157,16,6/11/2024 19:00
3909,25,294,7,6/11/2024 20:00
3910,185,125,10,6/11/2024 21:00
3911,85,229,5,6/11/2024 22:00
3912,55,340,7,6/11/2024 23:00
3913,144,161,5,6/12/2024 0:00
3914,95,29,15,6/12/2024 1:00
3915,142,114,19,6/12/2024 2:00
3916,167,79,10,6/12/2024 3:00
3917,156,23,8,6/12/2024 4:00
3918,179,106,9,6/12/2024 5:00
3919,119,131,11,6/12/2024 6:00
3920,177,357,2,6/12/2024 7:00
3921,9,477,3,6/12/2024 8:00
3922,186,173,13,6/12/2024 9:00
3923,173,264,11,6/12/2024 10:00
3924,150,342,10,6/12/2024 11:00
3925,160,373,15,6/12/2024 12:00
3926,197,285,6,6/12/2024 13:00
3927,197,2,1,6/12/2024 14:00
3928,42,233,14,6/12/2024 15:00
3929,53,369,18,6/12/2024 16:00
3930,187,251,11,6/12/2024 17:00
3931,74,434,8,6/12/2024 18:00
3932,39,493,3,6/12/2024 19:00
3933,122,321,14,6/12/2024 20:00
3934,15,108,2,6/12/2024 21:00
3935,199,276,16,6/12/2024 22:00
3936,157,180,6,6/12/2024 23:00
3937,123,213,1,6/13/2024 0:00
3938,111,293,14,6/13/2024 1:00
3939,131,72,10,6/13/2024 2:00
3940,83,283,6,6/13/2024 3:00
3941,10,175,9,6/13/2024 4:00
3942,92,123,7,6/13/2024 5:00
3943,29,227,2,6/13/2024 6:00
3944,35,390,11,6/13/2024 7:00
3945,6,444,14,6/13/2024 8:00
3946,140,301,5,6/13/2024 9:00
3947,111,428,9,6/13/2024 10:00
3948,38,83,7,6/13/2024 11:00
3949,77,253,14,6/13/2024 12:00
3950,93,146,16,6/13/2024 13:00
3951,147,120,16,6/13/2024 14:00
3952,67,65,7,6/13/2024 15:00
3953,136,281,10,6/13/2024 16:00
3954,8,283,6,6/13/2024 17:00
3955,122,391,17,6/13/2024 18:00
3956,84,428,1,6/13/2024 19:00
3957,175,106,2,6/13/2024 20:00
3958,132,413,14,6/13/2024 21:00
3959,179,479,4,6/13/2024 22:00
3960,85,300,9,6/13/2024 23:00
3961,195,107,6,6/14/2024 0:00
3962,45,36,17,6/14/2024 1:00
3963,136,147,11,6/14/2024 2:00
3964,87,262,4,6/14/2024 3:00
3965,16,409,9,6/14/2024 4:00
3966,77,159,16,6/14/2024 5:00
3967,195,265,3,6/14/2024 6:00
3968,9,468,4,6/14/2024 7:00
3969,60,202,3,6/14/2024 8:00
3970,78,421,13,6/14/2024 9:00
3971,77,155,19,6/14/2024 10:00
3972,71,13,1,6/14/2024 11:00
3973,15,297,6,6/14/2024 12:00
3974,71,384,3,6/14/2024 13:00
3975,102,322,3,6/14/2024 14:00
3976,169,498,16,6/14/2024 15:00
3977,22,85,10,6/14/2024 16:00
3978,152,481,17,6/14/2024 17:00
3979,113,280,7,6/14/2024 18:00
3980,172,245,13,6/14/2024 19:00
3981,1,300,11,6/14/2024 20:00
3982,10,362,10,6/14/2024 21:00
3983,110,354,7,6/14/2024 22:00
3984,200,316,6,6/14/2024 23:00
3985,184,9,1,6/15/2024 0:00
3986,113,386,17,6/15/2024 1:00
3987,50,247,12,6/15/2024 2:00
3988,12,312,4,6/15/2024 3:00
3989,89,414,3,6/15/2024 4:00
3990,188,278,6,6/15/2024 5:00
3991,154,238,16,6/15/2024 6:00
3992,112,203,13,6/15/2024 7:00
3993,78,247,9,6/15/2024 8:00
3994,169,235,11,6/15/2024 9:00
3995,164,81,13,6/15/2024 10:00
3996,121,356,19,6/15/2024 11:00
3997,23,13,3,6/15/2024 12:00
3998,171,327,12,6/15/2024 13:00
3999,134,16,19,6/15/2024 14:00
4000,197,481,8,6/15/2024 15:00
4001,171,45,14,6/15/2024 16:00
4002,25,321,9,6/15/2024 17:00
4003,18,139,17,6/15/2024 18:00
4004,190,326,6,6/15/2024 19:00
4005,141,148,4,6/15/2024 20:00
4006,43,355,4,6/15/2024 21:00
4007,78,236,19,6/15/2024 22:00
4008,28,191,12,6/15/2024 23:00
4009,146,101,2,6/16/2024 0:00
4010,59,105,17,6/16/2024 1:00
4011,188,474,15,6/16/2024 2:00
4012,63,250,10,6/16/2024 3:00
4013,185,396,3,6/16/2024 4:00
4014,92,446,4,6/16/2024 5:00
4015,179,94,1,6/16/2024 6:00
4016,56,220,1,6/16/2024 7:00
4017,155,475,18,6/16/2024 8:00
4018,160,298,4,6/16/2024 9:00
4019,111,339,15,6/16/2024 10:00
4020,137,453,10,6/16/2024 11:00
4021,68,442,17,6/16/2024 12:00
4022,46,133,12,6/16/2024 13:00
4023,67,361,12,6/16/2024 14:00
4024,154,155,16,6/16/2024 15:00
4025,136,28,5,6/16/2024 16:00
4026,6,282,16,6/16/2024 17:00
4027,24,475,17,6/16/2024 18:00
4028,176,116,15,6/16/2024 19:00
4029,94,305,13,6/16/2024 20:00
4030,173,234,8,6/16/2024 21:00
4031,13,405,2,6/16/2024 22:00
4032,197,1,8,6/16/2024 23:00
4033,25,348,10,6/17/2024 0:00
4034,148,240,7,6/17/2024 1:00
4035,118,58,10,6/17/2024 2:00
4036,82,335,4,6/17/2024 3:00
4037,111,183,11,6/17/2024 4:00
4038,82,337,9,6/17/2024 5:00
4039,66,26,4,6/17/2024 6:00
4040,45,468,3,6/17/2024 7:00
4041,114,409,11,6/17/2024 8:00
4042,175,77,3,6/17/2024 9:00
4043,63,417,18,6/17/2024 10:00
4044,76,217,19,6/17/2024 11:00
4045,114,328,14,6/17/2024 12:00
4046,111,325,11,6/17/2024 13:00
4047,183,262,2,6/17/2024 14:00
4048,147,23,2,6/17/2024 15:00
4049,35,244,2,6/17/2024 16:00
4050,53,158,10,6/17/2024 17:00
4051,26,206,15,6/17/2024 18:00
4052,14,310,12,6/17/2024 19:00
4053,118,87,11,6/17/2024 20:00
4054,45,267,17,6/17/2024 21:00
4055,172,415,18,6/17/2024 22:00
4056,193,134,14,6/17/2024 23:00
4057,51,267,17,6/18/2024 0:00
4058,171,333,15,6/18/2024 1:00
4059,119,268,12,6/18/2024 2:00
4060,151,450,16,6/18/2024 3:00
4061,184,53,6,6/18/2024 4:00
4062,19,99,2,6/18/2024 5:00
4063,82,247,2,6/18/2024 6:00
4064,76,36,16,6/18/2024 7:00
4065,183,401,2,6/18/2024 8:00
4066,92,28,8,6/18/2024 9:00
4067,188,220,7,6/18/2024 10:00
4068,187,406,1,6/18/2024 11:00
4069,33,102,4,6/18/2024 12:00
4070,147,263,11,6/18/2024 13:00
4071,28,271,7,6/18/2024 14:00
4072,123,224,18,6/18/2024 15:00
4073,180,139,4,6/18/2024 16:00
4074,126,280,17,6/18/2024 17:00
4075,177,451,11,6/18/2024 18:00
4076,37,286,11,6/18/2024 19:00
4077,154,454,11,6/18/2024 20:00
4078,99,250,15,6/18/2024 21:00
4079,98,322,14,6/18/2024 22:00
4080,127,317,17,6/18/2024 23:00
4081,168,78,2,6/19/2024 0:00
4082,80,297,18,6/19/2024 1:00
4083,38,338,16,6/19/2024 2:00
4084,77,307,12,6/19/2024 3:00
4085,126,428,10,6/19/2024 4:00
4086,87,351,16,6/19/2024 5:00
4087,54,13,3,6/19/2024 6:00
4088,150,346,8,6/19/2024 7:00
4089,16,492,2,6/19/2024 8:00
4090,28,396,1,6/19/2024 9:00
4091,163,82,14,6/19/2024 10:00
4092,188,9,4,6/19/2024 11:00
4093,173,497,4,6/19/2024 12:00
4094,46,213,9,6/19/2024 13:00
4095,72,48,3,6/19/2024 14:00
4096,183,49,5,6/19/2024 15:00
4097,85,309,1,6/19/2024 16:00
4098,26,440,19,6/19/2024 17:00
4099,85,40,1,6/19/2024 18:00
4100,153,363,10,6/19/2024 19:00
4101,65,280,12,6/19/2024 20:00
4102,134,226,10,6/19/2024 21:00
4103,151,456,2,6/19/2024 22:00
4104,115,108,16,6/19/2024 23:00
4105,64,245,8,6/20/2024 0:00
4106,87,255,14,6/20/2024 1:00
4107,171,33,15,6/20/2024 2:00
4108,107,23,16,6/20/2024 3:00
4109,151,333,11,6/20/2024 4:00
4110,96,54,12,6/20/2024 5:00
4111,158,309,2,6/20/2024 6:00
4112,77,49,4,6/20/2024 7:00
4113,146,462,3,6/20/2024 8:00
4114,87,78,9,6/20/2024 9:00
4115,149,336,18,6/20/2024 10:00
4116,57,433,19,6/20/2024 11:00
4117,103,358,7,6/20/2024 12:00
4118,151,122,4,6/20/2024 13:00
4119,91,444,6,6/20/2024 14:00
4120,45,359,19,6/20/2024 15:00
4121,172,90,1,6/20/2024 16:00
4122,88,346,16,6/20/2024 17:00
4123,115,193,11,6/20/2024 18:00
4124,47,416,4,6/20/2024 19:00
4125,168,377,18,6/20/2024 20:00
4126,179,463,5,6/20/2024 21:00
4127,170,244,6,6/20/2024 22:00
4128,135,149,2,6/20/2024 23:00
4129,50,146,12,6/21/2024 0:00
4130,176,478,9,6/21/2024 1:00
4131,84,316,12,6/21/2024 2:00
4132,91,378,13,6/21/2024 3:00
4133,134,141,17,6/21/2024 4:00
4134,91,408,5,6/21/2024 5:00
4135,137,286,13,6/21/2024 6:00
4136,109,386,13,6/21/2024 7:00
4137,57,339,10,6/21/2024 8:00
4138,31,111,15,6/21/2024 9:00
4139,21,108,15,6/21/2024 10:00
4140,90,367,18,6/21/2024 11:00
4141,40,281,18,6/21/2024 12:00
4142,112,50,2,6/21/2024 13:00
4143,45,14,11,6/21/2024 14:00
4144,77,134,13,6/21/2024 15:00
4145,177,76,11,6/21/2024 16:00
4146,87,84,4,6/21/2024 17:00
4147,148,343,15,6/21/2024 18:00
4148,101,158,11,6/21/2024 19:00
4149,117,286,18,6/21/2024 20:00
4150,92,422,16,6/21/2024 21:00
4151,145,314,10,6/21/2024 22:00
4152,28,94,12,6/21/2024 23:00
4153,169,297,13,6/22/2024 0:00
4154,194,94,9,6/22/2024 1:00
4155,25,57,13,6/22/2024 2:00
4156,58,164,6,6/22/2024 3:00
4157,41,320,6,6/22/2024 4:00
4158,134,497,11,6/22/2024 5:00
4159,75,98,19,6/22/2024 6:00
4160,38,16,11,6/22/2024 7:00
4161,134,344,10,6/22/2024 8:00
4162,173,78,15,6/22/2024 9:00
4163,75,346,13,6/22/2024 10:00
4164,142,72,8,6/22/2024 11:00
4165,66,270,5,6/22/2024 12:00
4166,168,287,2,6/22/2024 13:00
4167,3,66,16,6/22/2024 14:00
4168,117,368,13,6/22/2024 15:00
4169,99,68,19,6/22/2024 16:00
4170,152,193,9,6/22/2024 17:00
4171,19,55,15,6/22/2024 18:00
4172,146,468,6,6/22/2024 19:00
4173,192,379,8,6/22/2024 20:00
4174,116,462,14,6/22/2024 21:00
4175,125,168,5,6/22/2024 22:00
4176,88,409,17,6/22/2024 23:00
4177,35,25,7,6/23/2024 0:00
4178,190,131,9,6/23/2024 1:00
4179,1,325,16,6/23/2024 2:00
4180,153,102,18,6/23/2024 3:00
4181,173,374,13,6/23/2024 4:00
4182,177,282,18,6/23/2024 5:00
4183,126,296,10,6/23/2024 6:00
4184,89,294,1,6/23/2024 7:00
4185,144,422,18,6/23/2024 8:00
4186,147,452,19,6/23/2024 9:00
4187,151,263,2,6/23/2024 10:00
4188,25,478,4,6/23/2024 11:00
4189,16,414,11,6/23/2024 12:00
4190,182,120,3,6/23/2024 13:00
4191,73,403,9,6/23/2024 14:00
4192,129,231,10,6/23/2024 15:00
4193,42,291,2,6/23/2024 16:00
4194,147,488,7,6/23/2024 17:00
4195,162,161,15,6/23/2024 18:00
4196,80,161,19,6/23/2024 19:00
4197,104,78,10,6/23/2024 20:00
4198,183,38,14,6/23/2024 21:00
4199,146,394,4,6/23/2024 22:00
4200,34,441,11,6/23/2024 23:00
4201,89,28,3,6/24/2024 0:00
4202,125,462,17,6/24/2024 1:00
4203,45,100,7,6/24/2024 2:00
4204,134,294,11,6/24/2024 3:00
4205,21,400,18,6/24/2024 4:00
4206,122,124,14,6/24/2024 5:00
4207,70,405,14,6/24/2024 6:00
4208,96,92,6,6/24/2024 7:00
4209,105,255,9,6/24/2024 8:00
4210,48,97,3,6/24/2024 9:00
4211,39,6,17,6/24/2024 10:00
4212,31,169,12,6/24/2024 11:00
4213,10,383,4,6/24/2024 12:00
4214,30,271,16,6/24/2024 13:00
4215,18,108,10,6/24/2024 14:00
4216,188,387,7,6/24/2024 15:00
4217,88,299,10,6/24/2024 16:00
4218,125,47,7,6/24/2024 17:00
4219,73,99,18,6/24/2024 18:00
4220,15,14,9,6/24/2024 19:00
4221,4,194,18,6/24/2024 20:00
4222,191,157,17,6/24/2024 21:00
4223,168,388,11,6/24/2024 22:00
4224,9,154,1,6/24/2024 23:00
4225,109,115,17,6/25/2024 0:00
4226,137,396,4,6/25/2024 1:00
4227,154,258,4,6/25/2024 2:00
4228,132,145,14,6/25/2024 3:00
4229,16,291,9,6/25/2024 4:00
4230,143,10,13,6/25/2024 5:00
4231,99,368,16,6/25/2024 6:00
4232,121,214,1,6/25/2024 7:00
4233,52,233,3,6/25/2024 8:00
4234,69,171,19,6/25/2024 9:00
4235,5,21,8,6/25/2024 10:00
4236,20,15,18,6/25/2024 11:00
4237,79,419,6,6/25/2024 12:00
4238,146,368,6,6/25/2024 13:00
4239,111,126,5,6/25/2024 14:00
4240,2,341,12,6/25/2024 15:00
4241,93,341,9,6/25/2024 16:00
4242,13,213,9,6/25/2024 17:00
4243,4,188,17,6/25/2024 18:00
4244,170,172,19,6/25/2024 19:00
4245,109,480,17,6/25/2024 20:00
4246,74,247,16,6/25/2024 21:00
4247,189,5,12,6/25/2024 22:00
4248,95,231,3,6/25/2024 23:00
4249,105,201,14,6/26/2024 0:00
4250,8,373,17,6/26/2024 1:00
4251,67,402,16,6/26/2024 2:00
4252,191,149,12,6/26/2024 3:00
4253,110,72,2,6/26/2024 4:00
4254,9,492,8,6/26/2024 5:00
4255,117,500,12,6/26/2024 6:00
4256,11,226,16,6/26/2024 7:00
4257,99,74,8,6/26/2024 8:00
4258,42,307,16,6/26/2024 9:00
4259,141,169,10,6/26/2024 10:00
4260,164,249,15,6/26/2024 11:00
4261,120,280,4,6/26/2024 12:00
4262,141,488,15,6/26/2024 13:00
4263,12,152,4,6/26/2024 14:00
4264,37,224,11,6/26/2024 15:00
4265,74,225,6,6/26/2024 16:00
4266,73,38,4,6/26/2024 17:00
4267,52,44,9,6/26/2024 18:00
4268,199,185,9,6/26/2024 19:00
4269,130,499,3,6/26/2024 20:00
4270,56,443,5,6/26/2024 21:00
4271,60,241,15,6/26/2024 22:00
4272,23,418,9,6/26/2024 23:00
4273,103,331,2,6/27/2024 0:00
4274,40,351,3,6/27/2024 1:00
4275,64,210,12,6/27/2024 2:00
4276,85,23,16,6/27/2024 3:00
4277,151,124,5,6/27/2024 4:00
4278,157,86,10,6/27/2024 5:00
4279,179,43,15,6/27/2024 6:00
4280,197,466,14,6/27/2024 7:00
4281,89,40,14,6/27/2024 8:00
4282,31,303,13,6/27/2024 9:00
4283,178,169,16,6/27/2024 10:00
4284,20,175,8,6/27/2024 11:00
4285,183,487,8,6/27/2024 12:00
4286,130,20,17,6/27/2024 13:00
4287,153,461,17,6/27/2024 14:00
4288,13,109,3,6/27/2024 15:00
4289,122,193,1,6/27/2024 16:00
4290,103,244,17,6/27/2024 17:00
4291,106,324,16,6/27/2024 18:00
4292,119,280,17,6/27/2024 19:00
4293,70,228,2,6/27/2024 20:00
4294,195,36,14,6/27/2024 21:00
4295,186,45,7,6/27/2024 22:00
4296,99,386,19,6/27/2024 23:00
4297,82,28,1,6/28/2024 0:00
4298,75,154,17,6/28/2024 1:00
4299,118,23,10,6/28/2024 2:00
4300,84,207,6,6/28/2024 3:00
4301,192,420,7,6/28/2024 4:00
4302,69,91,6,6/28/2024 5:00
4303,59,390,5,6/28/2024 6:00
4304,188,419,2,6/28/2024 7:00
4305,126,359,18,6/28/2024 8:00
4306,111,38,17,6/28/2024 9:00
4307,62,419,7,6/28/2024 10:00
4308,144,228,19,6/28/2024 11:00
4309,128,202,7,6/28/2024 12:00
4310,105,350,7,6/28/2024 13:00
4311,68,309,16,6/28/2024 14:00
4312,15,489,12,6/28/2024 15:00
4313,183,254,15,6/28/2024 16:00
4314,35,38,15,6/28/2024 17:00
4315,183,221,11,6/28/2024 18:00
4316,14,500,2,6/28/2024 19:00
4317,177,187,3,6/28/2024 20:00
4318,102,43,19,6/28/2024 21:00
4319,100,359,15,6/28/2024 22:00
4320,7,114,16,6/28/2024 23:00
4321,30,260,1,6/29/2024 0:00
4322,49,5,15,6/29/2024 1:00
4323,144,68,12,6/29/2024 2:00
4324,111,228,7,6/29/2024 3:00
4325,179,123,7,6/29/2024 4:00
4326,72,173,11,6/29/2024 5:00
4327,80,336,11,6/29/2024 6:00
4328,83,153,17,6/29/2024 7:00
4329,42,462,3,6/29/2024 8:00
4330,17,267,16,6/29/2024 9:00
4331,191,157,5,6/29/2024 10:00
4332,173,162,2,6/29/2024 11:00
4333,7,214,7,6/29/2024 12:00
4334,155,398,10,6/29/2024 13:00
4335,10,376,5,6/29/2024 14:00
4336,34,408,15,6/29/2024 15:00
4337,36,443,12,6/29/2024 16:00
4338,153,423,10,6/29/2024 17:00
4339,6,26,17,6/29/2024 18:00
4340,152,427,11,6/29/2024 19:00
4341,146,292,8,6/29/2024 20:00
4342,134,423,15,6/29/2024 21:00
4343,29,189,2,6/29/2024 22:00
4344,126,400,17,6/29/2024 23:00
4345,153,122,6,6/30/2024 0:00
4346,183,230,13,6/30/2024 1:00
4347,81,59,8,6/30/2024 2:00
4348,174,96,11,6/30/2024 3:00
4349,152,262,15,6/30/2024 4:00
4350,75,354,13,6/30/2024 5:00
4351,26,312,18,6/30/2024 6:00
4352,127,136,18,6/30/2024 7:00
4353,115,350,17,6/30/2024 8:00
4354,126,283,13,6/30/2024 9:00
4355,28,455,3,6/30/2024 10:00
4356,131,411,7,6/30/2024 11:00
4357,75,473,12,6/30/2024 12:00
4358,166,120,4,6/30/2024 13:00
4359,189,430,11,6/30/2024 14:00
4360,78,425,14,6/30/2024 15:00
4361,179,463,18,6/30/2024 16:00
4362,90,25,7,6/30/2024 17:00
4363,176,342,5,6/30/2024 18:00
4364,21,146,16,6/30/2024 19:00
4365,54,12,11,6/30/2024 20:00
4366,184,87,3,6/30/2024 21:00
4367,103,435,16,6/30/2024 22:00
4368,59,109,11,6/30/2024 23:00
4369,72,423,10,7/1/2024 0:00
4370,179,345,2,7/1/2024 1:00
4371,20,266,16,7/1/2024 2:00
4372,112,222,17,7/1/2024 3:00
4373,59,74,10,7/1/2024 4:00
4374,71,482,18,7/1/2024 5:00
4375,137,494,12,7/1/2024 6:00
4376,109,333,8,7/1/2024 7:00
4377,129,310,3,7/1/2024 8:00
4378,157,413,3,7/1/2024 9:00
4379,191,102,6,7/1/2024 10:00
4380,200,425,2,7/1/2024 11:00
4381,56,493,3,7/1/2024 12:00
4382,196,137,17,7/1/2024 13:00
4383,35,191,9,7/1/2024 14:00
4384,123,461,4,7/1/2024 15:00
4385,131,421,2,7/1/2024 16:00
4386,104,142,9,7/1/2024 17:00
4387,7,357,14,7/1/2024 18:00
4388,27,73,11,7/1/2024 19:00
4389,1,328,2,7/1/2024 20:00
4390,199,167,2,7/1/2024 21:00
4391,172,168,5,7/1/2024 22:00
4392,87,54,7,7/1/2024 23:00
4393,41,259,4,7/2/2024 0:00
4394,123,439,14,7/2/2024 1:00
4395,75,111,2,7/2/2024 2:00
4396,42,232,12,7/2/2024 3:00
4397,117,161,10,7/2/2024 4:00
4398,161,352,1,7/2/2024 5:00
4399,178,327,19,7/2/2024 6:00
4400,63,19,16,7/2/2024 7:00
4401,165,290,15,7/2/2024 8:00
4402,187,462,14,7/2/2024 9:00
4403,127,50,9,7/2/2024 10:00
4404,176,175,15,7/2/2024 11:00
4405,133,302,7,7/2/2024 12:00
4406,48,184,4,7/2/2024 13:00
4407,3,185,18,7/2/2024 14:00
4408,116,339,8,7/2/2024 15:00
4409,175,307,12,7/2/2024 16:00
4410,190,310,15,7/2/2024 17:00
4411,99,346,15,7/2/2024 18:00
4412,116,81,17,7/2/2024 19:00
4413,14,374,2,7/2/2024 20:00
4414,191,156,12,7/2/2024 21:00
4415,112,275,3,7/2/2024 22:00
4416,61,283,7,7/2/2024 23:00
4417,159,432,6,7/3/2024 0:00
4418,95,500,14,7/3/2024 1:00
4419,17,249,5,7/3/2024 2:00
4420,124,147,4,7/3/2024 3:00
4421,24,481,15,7/3/2024 4:00
4422,116,435,7,7/3/2024 5:00
4423,151,7,3,7/3/2024 6:00
4424,82,157,13,7/3/2024 7:00
4425,50,171,10,7/3/2024 8:00
4426,79,69,2,7/3/2024 9:00
4427,79,94,12,7/3/2024 10:00
4428,70,369,12,7/3/2024 11:00
4429,27,363,19,7/3/2024 12:00
4430,15,376,19,7/3/2024 13:00
4431,50,186,3,7/3/2024 14:00
4432,36,392,6,7/3/2024 15:00
4433,8,170,2,7/3/2024 16:00
4434,79,204,13,7/3/2024 17:00
4435,131,42,9,7/3/2024 18:00
4436,190,13,13,7/3/2024 19:00
4437,47,154,14,7/3/2024 20:00
4438,105,274,19,7/3/2024 21:00
4439,98,298,11,7/3/2024 22:00
4440,96,51,14,7/3/2024 23:00
4441,189,500,16,7/4/2024 0:00
4442,160,369,10,7/4/2024 1:00
4443,116,212,16,7/4/2024 2:00
4444,13,144,2,7/4/2024 3:00
4445,1,357,16,7/4/2024 4:00
4446,34,3,14,7/4/2024 5:00
4447,190,254,18,7/4/2024 6:00
4448,79,475,6,7/4/2024 7:00
4449,78,335,7,7/4/2024 8:00
4450,121,256,13,7/4/2024 9:00
4451,93,98,2,7/4/2024 10:00
4452,98,173,15,7/4/2024 11:00
4453,82,150,17,7/4/2024 12:00
4454,199,488,13,7/4/2024 13:00
4455,159,279,7,7/4/2024 14:00
4456,192,59,1,7/4/2024 15:00
4457,153,446,3,7/4/2024 16:00
4458,38,113,18,7/4/2024 17:00
4459,14,324,7,7/4/2024 18:00
4460,136,243,17,7/4/2024 19:00
4461,91,310,12,7/4/2024 20:00
4462,54,57,16,7/4/2024 21:00
4463,130,489,10,7/4/2024 22:00
4464,101,407,16,7/4/2024 23:00
4465,89,367,18,7/5/2024 0:00
4466,56,60,15,7/5/2024 1:00
4467,94,329,11,7/5/2024 2:00
4468,93,216,18,7/5/2024 3:00
4469,84,469,6,7/5/2024 4:00
4470,85,233,1,7/5/2024 5:00
4471,189,494,7,7/5/2024 6:00
4472,22,55,12,7/5/2024 7:00
4473,35,373,4,7/5/2024 8:00
4474,16,208,10,7/5/2024 9:00
4475,50,63,2,7/5/2024 10:00
4476,122,184,9,7/5/2024 11:00
4477,128,311,10,7/5/2024 12:00
4478,113,281,11,7/5/2024 13:00
4479,171,26,14,7/5/2024 14:00
4480,17,177,3,7/5/2024 15:00
4481,80,63,1,7/5/2024 16:00
4482,186,429,7,7/5/2024 17:00
4483,130,73,4,7/5/2024 18:00
4484,132,335,7,7/5/2024 19:00
4485,85,167,16,7/5/2024 20:00
4486,167,225,10,7/5/2024 21:00
4487,94,65,15,7/5/2024 22:00
4488,134,69,16,7/5/2024 23:00
4489,81,440,6,7/6/2024 0:00
4490,69,9,4,7/6/2024 1:00
4491,69,236,4,7/6/2024 2:00
4492,148,198,4,7/6/2024 3:00
4493,192,412,17,7/6/2024 4:00
4494,16,173,13,7/6/2024 5:00
4495,51,282,2,7/6/2024 6:00
4496,105,28,6,7/6/2024 7:00
4497,165,296,1,7/6/2024 8:00
4498,197,399,8,7/6/2024 9:00
4499,170,134,18,7/6/2024 10:00
4500,185,27,4,7/6/2024 11:00
4501,66,38,5,7/6/2024 12:00
4502,9,196,5,7/6/2024 13:00
4503,107,203,15,7/6/2024 14:00
4504,100,85,10,7/6/2024 15:00
4505,86,320,8,7/6/2024 16:00
4506,64,30,7,7/6/2024 17:00
4507,22,466,12,7/6/2024 18:00
4508,162,99,11,7/6/2024 19:00
4509,183,387,13,7/6/2024 20:00
4510,157,190,15,7/6/2024 21:00
4511,166,12,17,7/6/2024 22:00
4512,110,91,18,7/6/2024 23:00
4513,97,30,8,7/7/2024 0:00
4514,18,213,6,7/7/2024 1:00
4515,71,38,11,7/7/2024 2:00
4516,193,341,9,7/7/2024 3:00
4517,127,60,5,7/7/2024 4:00
4518,97,294,7,7/7/2024 5:00
4519,1,360,15,7/7/2024 6:00
4520,132,143,4,7/7/2024 7:00
4521,4,402,19,7/7/2024 8:00
4522,125,180,13,7/7/2024 9:00
4523,82,285,1,7/7/2024 10:00
4524,27,112,1,7/7/2024 11:00
4525,171,230,14,7/7/2024 12:00
4526,59,444,9,7/7/2024 13:00
4527,32,21,12,7/7/2024 14:00
4528,161,145,18,7/7/2024 15:00
4529,28,489,9,7/7/2024 16:00
4530,106,499,8,7/7/2024 17:00
4531,105,146,14,7/7/2024 18:00
4532,183,441,9,7/7/2024 19:00
4533,188,375,2,7/7/2024 20:00
4534,70,421,1,7/7/2024 21:00
4535,62,316,13,7/7/2024 22:00
4536,34,166,10,7/7/2024 23:00
4537,87,140,8,7/8/2024 0:00
4538,114,203,7,7/8/2024 1:00
4539,106,496,12,7/8/2024 2:00
4540,56,244,17,7/8/2024 3:00
4541,113,113,12,7/8/2024 4:00
4542,13,468,16,7/8/2024 5:00
4543,184,201,10,7/8/2024 6:00
4544,18,385,12,7/8/2024 7:00
4545,182,314,11,7/8/2024 8:00
4546,113,259,14,7/8/2024 9:00
4547,171,255,13,7/8/2024 10:00
4548,39,447,2,7/8/2024 11:00
4549,189,405,7,7/8/2024 12:00
4550,170,23,1,7/8/2024 13:00
4551,79,393,3,7/8/2024 14:00
4552,146,246,12,7/8/2024 15:00
4553,151,339,5,7/8/2024 16:00
4554,182,493,12,7/8/2024 17:00
4555,30,311,3,7/8/2024 18:00
4556,98,366,5,7/8/2024 19:00
4557,58,372,1,7/8/2024 20:00
4558,196,403,16,7/8/2024 21:00
4559,67,318,9,7/8/2024 22:00
4560,71,87,10,7/8/2024 23:00
4561,146,219,10,7/9/2024 0:00
4562,106,475,13,7/9/2024 1:00
4563,7,423,16,7/9/2024 2:00
4564,40,356,4,7/9/2024 3:00
4565,70,460,14,7/9/2024 4:00
4566,193,27,17,7/9/2024 5:00
4567,68,430,5,7/9/2024 6:00
4568,49,290,13,7/9/2024 7:00
4569,52,289,3,7/9/2024 8:00
4570,114,348,5,7/9/2024 9:00
4571,107,223,16,7/9/2024 10:00
4572,29,352,19,7/9/2024 11:00
4573,149,178,19,7/9/2024 12:00
4574,78,148,17,7/9/2024 13:00
4575,9,424,18,7/9/2024 14:00
4576,175,227,18,7/9/2024 15:00
4577,76,351,8,7/9/2024 16:00
4578,42,186,18,7/9/2024 17:00
4579,179,415,9,7/9/2024 18:00
4580,184,294,19,7/9/2024 19:00
4581,179,470,10,7/9/2024 20:00
4582,198,429,2,7/9/2024 21:00
4583,128,41,17,7/9/2024 22:00
4584,20,393,13,7/9/2024 23:00
4585,155,500,11,7/10/2024 0:00
4586,166,393,16,7/10/2024 1:00
4587,72,191,7,7/10/2024 2:00
4588,65,79,3,7/10/2024 3:00
4589,182,205,16,7/10/2024 4:00
4590,113,384,19,7/10/2024 5:00
4591,24,278,16,7/10/2024 6:00
4592,128,272,2,7/10/2024 7:00
4593,175,32,14,7/10/2024 8:00
4594,199,450,10,7/10/2024 9:00
4595,83,474,19,7/10/2024 10:00
4596,63,142,11,7/10/2024 11:00
4597,185,251,18,7/10/2024 12:00
4598,183,294,11,7/10/2024 13:00
4599,60,98,9,7/10/2024 14:00
4600,99,136,19,7/10/2024 15:00
4601,62,484,10,7/10/2024 16:00
4602,30,277,3,7/10/2024 17:00
4603,22,312,3,7/10/2024 18:00
4604,126,302,8,7/10/2024 19:00
4605,157,43,6,7/10/2024 20:00
4606,169,120,1,7/10/2024 21:00
4607,42,220,6,7/10/2024 22:00
4608,98,46,2,7/10/2024 23:00
4609,193,236,19,7/11/2024 0:00
4610,31,48,7,7/11/2024 1:00
4611,158,198,11,7/11/2024 2:00
4612,112,84,11,7/11/2024 3:00
4613,146,31,4,7/11/2024 4:00
4614,122,161,16,7/11/2024 5:00
4615,17,428,5,7/11/2024 6:00
4616,38,71,7,7/11/2024 7:00
4617,142,8,16,7/11/2024 8:00
4618,110,457,15,7/11/2024 9:00
4619,184,386,5,7/11/2024 10:00
4620,22,401,1,7/11/2024 11:00
4621,195,52,9,7/11/2024 12:00
4622,56,45,5,7/11/2024 13:00
4623,119,293,6,7/11/2024 14:00
4624,147,426,3,7/11/2024 15:00
4625,57,300,6,7/11/2024 16:00
4626,172,465,8,7/11/2024 17:00
4627,35,373,6,7/11/2024 18:00
4628,114,38,16,7/11/2024 19:00
4629,125,355,16,7/11/2024 20:00
4630,129,380,3,7/11/2024 21:00
4631,52,495,17,7/11/2024 22:00
4632,85,231,6,7/11/2024 23:00
4633,198,478,6,7/12/2024 0:00
4634,165,262,19,7/12/2024 1:00
4635,65,68,15,7/12/2024 2:00
4636,179,179,19,7/12/2024 3:00
4637,129,357,2,7/12/2024 4:00
4638,21,419,8,7/12/2024 5:00
4639,181,186,7,7/12/2024 6:00
4640,16,441,8,7/12/2024 7:00
4641,123,201,13,7/12/2024 8:00
4642,61,390,15,7/12/2024 9:00
4643,54,13,12,7/12/2024 10:00
4644,168,443,15,7/12/2024 11:00
4645,26,214,14,7/12/2024 12:00
4646,80,220,7,7/12/2024 13:00
4647,65,286,17,7/12/2024 14:00
4648,100,244,5,7/12/2024 15:00
4649,74,356,10,7/12/2024 16:00
4650,192,258,19,7/12/2024 17:00
4651,171,58,18,7/12/2024 18:00
4652,17,36,10,7/12/2024 19:00
4653,121,328,2,7/12/2024 20:00
4654,187,429,6,7/12/2024 21:00
4655,23,490,3,7/12/2024 22:00
4656,135,498,19,7/12/2024 23:00
4657,172,393,5,7/13/2024 0:00
4658,181,382,7,7/13/2024 1:00
4659,71,193,7,7/13/2024 2:00
4660,108,333,10,7/13/2024 3:00
4661,79,50,1,7/13/2024 4:00
4662,162,463,11,7/13/2024 5:00
4663,46,32,7,7/13/2024 6:00
4664,196,98,6,7/13/2024 7:00
4665,78,43,6,7/13/2024 8:00
4666,16,381,13,7/13/2024 9:00
4667,71,351,16,7/13/2024 10:00
4668,96,334,13,7/13/2024 11:00
4669,147,310,2,7/13/2024 12:00
4670,2,47,19,7/13/2024 13:00
4671,10,270,19,7/13/2024 14:00
4672,178,432,19,7/13/2024 15:00
4673,125,311,18,7/13/2024 16:00
4674,81,413,6,7/13/2024 17:00
4675,140,431,2,7/13/2024 18:00
4676,70,63,19,7/13/2024 19:00
4677,150,19,6,7/13/2024 20:00
4678,32,347,15,7/13/2024 21:00
4679,105,393,6,7/13/2024 22:00
4680,84,101,3,7/13/2024 23:00
4681,129,37,11,7/14/2024 0:00
4682,182,107,8,7/14/2024 1:00
4683,58,92,18,7/14/2024 2:00
4684,198,308,17,7/14/2024 3:00
4685,146,185,19,7/14/2024 4:00
4686,134,216,19,7/14/2024 5:00
4687,45,28,17,7/14/2024 6:00
4688,97,36,4,7/14/2024 7:00
4689,23,372,7,7/14/2024 8:00
4690,23,320,5,7/14/2024 9:00
4691,154,18,16,7/14/2024 10:00
4692,135,345,6,7/14/2024 11:00
4693,79,419,14,7/14/2024 12:00
4694,44,196,2,7/14/2024 13:00
4695,27,78,18,7/14/2024 14:00
4696,26,167,18,7/14/2024 15:00
4697,97,90,13,7/14/2024 16:00
4698,36,264,18,7/14/2024 17:00
4699,109,472,17,7/14/2024 18:00
4700,55,208,13,7/14/2024 19:00
4701,192,212,12,7/14/2024 20:00
4702,185,271,3,7/14/2024 21:00
4703,69,263,7,7/14/2024 22:00
4704,61,273,1,7/14/2024 23:00
4705,130,342,5,7/15/2024 0:00
4706,55,214,1,7/15/2024 1:00
4707,122,374,4,7/15/2024 2:00
4708,97,64,1,7/15/2024 3:00
4709,80,12,13,7/15/2024 4:00
4710,87,210,14,7/15/2024 5:00
4711,38,312,15,7/15/2024 6:00
4712,119,174,17,7/15/2024 7:00
4713,78,431,12,7/15/2024 8:00
4714,157,256,7,7/15/2024 9:00
4715,154,463,19,7/15/2024 10:00
4716,35,101,3,7/15/2024 11:00
4717,79,16,18,7/15/2024 12:00
4718,67,197,4,7/15/2024 13:00
4719,87,258,3,7/15/2024 14:00
4720,157,384,12,7/15/2024 15:00
4721,34,244,12,7/15/2024 16:00
4722,97,348,17,7/15/2024 17:00
4723,169,249,6,7/15/2024 18:00
4724,169,105,15,7/15/2024 19:00
4725,151,182,2,7/15/2024 20:00
4726,71,155,8,7/15/2024 21:00
4727,3,287,14,7/15/2024 22:00
4728,58,169,5,7/15/2024 23:00
4729,32,420,3,7/16/2024 0:00
4730,31,47,10,7/16/2024 1:00
4731,82,43,7,7/16/2024 2:00
4732,43,321,11,7/16/2024 3:00
4733,135,306,15,7/16/2024 4:00
4734,105,221,2,7/16/2024 5:00
4735,1,1,5,7/16/2024 6:00
4736,61,200,11,7/16/2024 7:00
4737,14,441,8,7/16/2024 8:00
4738,180,144,13,7/16/2024 9:00
4739,6,378,11,7/16/2024 10:00
4740,103,28,17,7/16/2024 11:00
4741,10,342,15,7/16/2024 12:00
4742,71,338,1,7/16/2024 13:00
4743,90,278,19,7/16/2024 14:00
4744,158,41,16,7/16/2024 15:00
4745,149,332,19,7/16/2024 16:00
4746,126,147,13,7/16/2024 17:00
4747,188,345,4,7/16/2024 18:00
4748,97,178,11,7/16/2024 19:00
4749,74,315,18,7/16/2024 20:00
4750,115,325,18,7/16/2024 21:00
4751,191,418,10,7/16/2024 22:00
4752,170,167,17,7/16/2024 23:00
4753,51,123,13,7/17/2024 0:00
4754,192,74,14,7/17/2024 1:00
4755,56,239,7,7/17/2024 2:00
4756,41,249,10,7/17/2024 3:00
4757,32,263,3,7/17/2024 4:00
4758,15,252,2,7/17/2024 5:00
4759,62,357,19,7/17/2024 6:00
4760,155,111,7,7/17/2024 7:00
4761,28,180,5,7/17/2024 8:00
4762,64,188,3,7/17/2024 9:00
4763,187,308,2,7/17/2024 10:00
4764,186,207,6,7/17/2024 11:00
4765,130,234,14,7/17/2024 12:00
4766,127,24,7,7/17/2024 13:00
4767,36,26,2,7/17/2024 14:00
4768,114,381,11,7/17/2024 15:00
4769,199,218,3,7/17/2024 16:00
4770,13,494,9,7/17/2024 17:00
4771,15,346,8,7/17/2024 18:00
4772,89,378,11,7/17/2024 19:00
4773,188,10,18,7/17/2024 20:00
4774,22,17,1,7/17/2024 21:00
4775,191,245,15,7/17/2024 22:00
4776,74,206,4,7/17/2024 23:00
4777,25,258,4,7/18/2024 0:00
4778,101,112,10,7/18/2024 1:00
4779,176,205,11,7/18/2024 2:00
4780,171,27,18,7/18/2024 3:00
4781,117,457,15,7/18/2024 4:00
4782,166,71,3,7/18/2024 5:00
4783,41,176,7,7/18/2024 6:00
4784,173,202,7,7/18/2024 7:00
4785,88,248,17,7/18/2024 8:00
4786,168,118,16,7/18/2024 9:00
4787,110,9,16,7/18/2024 10:00
4788,120,86,8,7/18/2024 11:00
4789,97,23,3,7/18/2024 12:00
4790,145,455,15,7/18/2024 13:00
4791,57,240,1,7/18/2024 14:00
4792,130,73,10,7/18/2024 15:00
4793,96,27,2,7/18/2024 16:00
4794,121,472,7,7/18/2024 17:00
4795,62,349,14,7/18/2024 18:00
4796,137,81,16,7/18/2024 19:00
4797,68,84,15,7/18/2024 20:00
4798,81,199,7,7/18/2024 21:00
4799,17,43,13,7/18/2024 22:00
4800,117,488,10,7/18/2024 23:00
4801,50,263,9,7/19/2024 0:00
4802,112,92,9,7/19/2024 1:00
4803,94,339,6,7/19/2024 2:00
4804,168,447,12,7/19/2024 3:00
4805,186,84,14,7/19/2024 4:00
4806,85,300,7,7/19/2024 5:00
4807,149,423,8,7/19/2024 6:00
4808,146,296,8,7/19/2024 7:00
4809,183,135,8,7/19/2024 8:00
4810,157,454,2,7/19/2024 9:00
4811,152,281,14,7/19/2024 10:00
4812,74,489,10,7/19/2024 11:00
4813,109,59,18,7/19/2024 12:00
4814,145,397,18,7/19/2024 13:00
4815,18,359,18,7/19/2024 14:00
4816,42,488,16,7/19/2024 15:00
4817,101,342,5,7/19/2024 16:00
4818,45,241,5,7/19/2024 17:00
4819,82,465,10,7/19/2024 18:00
4820,17,368,17,7/19/2024 19:00
4821,73,342,13,7/19/2024 20:00
4822,14,98,17,7/19/2024 21:00
4823,177,62,18,7/19/2024 22:00
4824,157,264,13,7/19/2024 23:00
4825,132,113,17,7/20/2024 0:00
4826,82,429,15,7/20/2024 1:00
4827,148,146,12,7/20/2024 2:00
4828,120,216,10,7/20/2024 3:00
4829,120,256,13,7/20/2024 4:00
4830,47,316,11,7/20/2024 5:00
4831,107,316,3,7/20/2024 6:00
4832,108,362,10,7/20/2024 7:00
4833,9,258,11,7/20/2024 8:00
4834,79,194,6,7/20/2024 9:00
4835,155,347,1,7/20/2024 10:00
4836,15,14,6,7/20/2024 11:00
4837,19,304,5,7/20/2024 12:00
4838,90,103,7,7/20/2024 13:00
4839,180,245,12,7/20/2024 14:00
4840,26,245,12,7/20/2024 15:00
4841,154,312,7,7/20/2024 16:00
4842,154,268,2,7/20/2024 17:00
4843,174,224,1,7/20/2024 18:00
4844,92,220,18,7/20/2024 19:00
4845,177,311,12,7/20/2024 20:00
4846,82,412,7,7/20/2024 21:00
4847,181,366,19,7/20/2024 22:00
4848,131,217,3,7/20/2024 23:00
4849,194,4,10,7/21/2024 0:00
4850,42,474,11,7/21/2024 1:00
4851,19,36,5,7/21/2024 2:00
4852,17,178,2,7/21/2024 3:00
4853,161,387,8,7/21/2024 4:00
4854,76,257,14,7/21/2024 5:00
4855,177,17,8,7/21/2024 6:00
4856,184,199,6,7/21/2024 7:00
4857,63,318,1,7/21/2024 8:00
4858,131,48,1,7/21/2024 9:00
4859,107,62,8,7/21/2024 10:00
4860,49,69,11,7/21/2024 11:00
4861,55,147,18,7/21/2024 12:00
4862,154,359,10,7/21/2024 13:00
4863,99,366,12,7/21/2024 14:00
4864,200,162,16,7/21/2024 15:00
4865,52,227,5,7/21/2024 16:00
4866,100,433,16,7/21/2024 17:00
4867,117,464,12,7/21/2024 18:00
4868,118,488,6,7/21/2024 19:00
4869,7,498,5,7/21/2024 20:00
4870,46,431,1,7/21/2024 21:00
4871,46,487,19,7/21/2024 22:00
4872,100,347,10,7/21/2024 23:00
4873,144,489,14,7/22/2024 0:00
4874,152,230,3,7/22/2024 1:00
4875,189,370,6,7/22/2024 2:00
4876,54,178,5,7/22/2024 3:00
4877,62,345,17,7/22/2024 4:00
4878,129,410,18,7/22/2024 5:00
4879,49,56,12,7/22/2024 6:00
4880,25,78,5,7/22/2024 7:00
4881,10,270,9,7/22/2024 8:00
4882,118,206,12,7/22/2024 9:00
4883,144,281,9,7/22/2024 10:00
4884,186,228,3,7/22/2024 11:00
4885,200,388,1,7/22/2024 12:00
4886,157,239,15,7/22/2024 13:00
4887,92,463,10,7/22/2024 14:00
4888,134,288,14,7/22/2024 15:00
4889,144,82,7,7/22/2024 16:00
4890,148,334,4,7/22/2024 17:00
4891,80,250,5,7/22/2024 18:00
4892,71,193,16,7/22/2024 19:00
4893,78,106,3,7/22/2024 20:00
4894,43,189,17,7/22/2024 21:00
4895,154,276,13,7/22/2024 22:00
4896,90,74,6,7/22/2024 23:00
4897,78,10,5,7/23/2024 0:00
4898,199,123,16,7/23/2024 1:00
4899,161,216,11,7/23/2024 2:00
4900,26,290,17,7/23/2024 3:00
4901,121,445,5,7/23/2024 4:00
4902,45,476,6,7/23/2024 5:00
4903,63,411,10,7/23/2024 6:00
4904,195,40,1,7/23/2024 7:00
4905,180,193,10,7/23/2024 8:00
4906,68,127,17,7/23/2024 9:00
4907,154,289,3,7/23/2024 10:00
4908,2,452,2,7/23/2024 11:00
4909,142,71,17,7/23/2024 12:00
4910,108,137,4,7/23/2024 13:00
4911,30,144,2,7/23/2024 14:00
4912,49,389,5,7/23/2024 15:00
4913,140,354,10,7/23/2024 16:00
4914,44,380,1,7/23/2024 17:00
4915,161,407,1,7/23/2024 18:00
4916,13,299,4,7/23/2024 19:00
4917,78,370,7,7/23/2024 20:00
4918,126,345,14,7/23/2024 21:00
4919,98,441,14,7/23/2024 22:00
4920,26,435,18,7/23/2024 23:00
4921,149,269,2,7/24/2024 0:00
4922,156,384,1,7/24/2024 1:00
4923,48,408,16,7/24/2024 2:00
4924,168,139,18,7/24/2024 3:00
4925,66,52,16,7/24/2024 4:00
4926,87,499,6,7/24/2024 5:00
4927,79,17,10,7/24/2024 6:00
4928,23,165,2,7/24/2024 7:00
4929,81,13,7,7/24/2024 8:00
4930,48,190,17,7/24/2024 9:00
4931,124,475,3,7/24/2024 10:00
4932,130,340,12,7/24/2024 11:00
4933,84,353,2,7/24/2024 12:00
4934,20,362,7,7/24/2024 13:00
4935,187,352,17,7/24/2024 14:00
4936,46,264,19,7/24/2024 15:00
4937,131,312,12,7/24/2024 16:00
4938,183,221,9,7/24/2024 17:00
4939,12,104,14,7/24/2024 18:00
4940,40,339,2,7/24/2024 19:00
4941,66,198,4,7/24/2024 20:00
4942,100,300,19,7/24/2024 21:00
4943,78,444,16,7/24/2024 22:00
4944,16,359,17,7/24/2024 23:00
4945,83,368,2,7/25/2024 0:00
4946,162,169,17,7/25/2024 1:00
4947,44,149,19,7/25/2024 2:00
4948,134,249,8,7/25/2024 3:00
4949,192,256,6,7/25/2024 4:00
4950,100,470,12,7/25/2024 5:00
4951,22,42,18,7/25/2024 6:00
4952,18,202,2,7/25/2024 7:00
4953,12,458,19,7/25/2024 8:00
4954,180,244,10,7/25/2024 9:00
4955,123,157,3,7/25/2024 10:00
4956,117,464,12,7/25/2024 11:00
4957,51,449,16,7/25/2024 12:00
4958,71,401,12,7/25/2024 13:00
4959,48,286,8,7/25/2024 14:00
4960,19,282,5,7/25/2024 15:00
4961,6,437,11,7/25/2024 16:00
4962,84,381,10,7/25/2024 17:00
4963,155,238,3,7/25/2024 18:00
4964,53,19,9,7/25/2024 19:00
4965,107,53,12,7/25/2024 20:00
4966,101,85,6,7/25/2024 21:00
4967,48,273,19,7/25/2024 22:00
4968,135,430,16,7/25/2024 23:00
4969,187,360,14,7/26/2024 0:00
4970,69,213,4,7/26/2024 1:00
4971,11,437,18,7/26/2024 2:00
4972,143,361,10,7/26/2024 3:00
4973,192,104,18,7/26/2024 4:00
4974,131,192,12,7/26/2024 5:00
4975,122,429,19,7/26/2024 6:00
4976,69,177,8,7/26/2024 7:00
4977,23,147,1,7/26/2024 8:00
4978,181,380,14,7/26/2024 9:00
4979,37,455,6,7/26/2024 10:00
4980,9,81,14,7/26/2024 11:00
4981,15,193,2,7/26/2024 12:00
4982,131,37,9,7/26/2024 13:00
4983,93,377,12,7/26/2024 14:00
4984,198,326,5,7/26/2024 15:00
4985,17,154,2,7/26/2024 16:00
4986,154,130,19,7/26/2024 17:00
4987,149,59,7,7/26/2024 18:00
4988,72,224,7,7/26/2024 19:00
4989,149,249,10,7/26/2024 20:00
4990,121,240,17,7/26/2024 21:00
4991,11,374,14,7/26/2024 22:00
4992,166,389,11,7/26/2024 23:00
4993,72,293,6,7/27/2024 0:00
4994,106,287,8,7/27/2024 1:00
4995,125,204,19,7/27/2024 2:00
4996,35,99,19,7/27/2024 3:00
4997,119,350,17,7/27/2024 4:00
4998,14,176,18,7/27/2024 5:00
4999,14,262,12,7/27/2024 6:00
5000,10,271,9,7/27/2024 7:00
5001,140,143,16,7/27/2024 8:00
5002,38,189,18,7/27/2024 9:00
5003,108,272,16,7/27/2024 10:00
5004,119,20,16,7/27/2024 11:00
5005,34,333,4,7/27/2024 12:00
5006,169,300,7,7/27/2024 13:00
5007,10,426,1,7/27/2024 14:00
5008,122,46,1,7/27/2024 15:00
5009,145,95,8,7/27/2024 16:00
5010,145,418,8,7/27/2024 17:00
5011,195,64,10,7/27/2024 18:00
5012,190,413,1,7/27/2024 19:00
5013,115,131,14,7/27/2024 20:00
5014,1,9,14,7/27/2024 21:00
5015,12,459,10,7/27/2024 22:00
5016,103,203,19,7/27/2024 23:00
5017,4,409,16,7/28/2024 0:00
5018,170,470,9,7/28/2024 1:00
5019,141,298,16,7/28/2024 2:00
5020,98,174,8,7/28/2024 3:00
5021,106,73,7,7/28/2024 4:00
5022,85,84,11,7/28/2024 5:00
5023,121,59,6,7/28/2024 6:00
5024,132,21,15,7/28/2024 7:00
5025,82,458,19,7/28/2024 8:00
5026,197,406,14,7/28/2024 9:00
5027,19,157,15,7/28/2024 10:00
5028,130,319,6,7/28/2024 11:00
5029,12,329,10,7/28/2024 12:00
5030,81,61,14,7/28/2024 13:00
5031,74,64,16,7/28/2024 14:00
5032,98,325,13,7/28/2024 15:00
5033,6,168,11,7/28/2024 16:00
5034,136,203,3,7/28/2024 17:00
5035,125,129,8,7/28/2024 18:00
5036,51,245,3,7/28/2024 19:00
5037,11,106,2,7/28/2024 20:00
5038,191,321,14,7/28/2024 21:00
5039,185,122,15,7/28/2024 22:00
5040,127,318,3,7/28/2024 23:00
5041,140,182,1,7/29/2024 0:00
5042,73,103,15,7/29/2024 1:00
5043,2,316,2,7/29/2024 2:00
5044,8,302,18,7/29/2024 3:00
5045,139,261,1,7/29/2024 4:00
5046,124,113,9,7/29/2024 5:00
5047,53,406,3,7/29/2024 6:00
5048,10,474,2,7/29/2024 7:00
5049,112,437,4,7/29/2024 8:00
5050,8,70,16,7/29/2024 9:00
5051,36,160,1,7/29/2024 10:00
5052,106,240,9,7/29/2024 11:00
5053,14,11,8,7/29/2024 12:00
5054,182,138,6,7/29/2024 13:00
5055,86,495,18,7/29/2024 14:00
5056,149,167,16,7/29/2024 15:00
5057,50,247,8,7/29/2024 16:00
5058,167,354,4,7/29/2024 17:00
5059,20,31,3,7/29/2024 18:00
5060,87,12,15,7/29/2024 19:00
5061,135,243,6,7/29/2024 20:00
5062,137,108,1,7/29/2024 21:00
5063,129,336,18,7/29/2024 22:00
5064,154,422,11,7/29/2024 23:00
5065,166,323,3,7/30/2024 0:00
5066,38,194,13,7/30/2024 1:00
5067,189,308,17,7/30/2024 2:00
5068,44,133,18,7/30/2024 3:00
5069,86,395,14,7/30/2024 4:00
5070,44,281,7,7/30/2024 5:00
5071,74,291,7,7/30/2024 6:00
5072,119,163,14,7/30/2024 7:00
5073,190,278,15,7/30/2024 8:00
5074,122,421,12,7/30/2024 9:00
5075,134,470,12,7/30/2024 10:00
5076,145,439,8,7/30/2024 11:00
5077,51,203,16,7/30/2024 12:00
5078,38,96,9,7/30/2024 13:00
5079,152,483,2,7/30/2024 14:00
5080,51,223,14,7/30/2024 15:00
5081,10,237,16,7/30/2024 16:00
5082,120,117,5,7/30/2024 17:00
5083,200,456,5,7/30/2024 18:00
5084,149,192,18,7/30/2024 19:00
5085,70,276,18,7/30/2024 20:00
5086,85,106,5,7/30/2024 21:00
5087,57,482,11,7/30/2024 22:00
5088,126,4,13,7/30/2024 23:00
5089,39,18,3,7/31/2024 0:00
5090,33,307,17,7/31/2024 1:00
5091,187,452,18,7/31/2024 2:00
5092,18,20,14,7/31/2024 3:00
5093,184,122,12,7/31/2024 4:00
5094,57,137,14,7/31/2024 5:00
5095,96,80,18,7/31/2024 6:00
5096,48,154,2,7/31/2024 7:00
5097,42,358,7,7/31/2024 8:00
5098,27,25,15,7/31/2024 9:00
5099,74,452,10,7/31/2024 10:00
5100,110,169,15,7/31/2024 11:00
5101,180,59,17,7/31/2024 12:00
5102,170,301,11,7/31/2024 13:00
5103,32,41,2,7/31/2024 14:00
5104,26,38,18,7/31/2024 15:00
5105,25,117,4,7/31/2024 16:00
5106,75,275,9,7/31/2024 17:00
5107,23,270,17,7/31/2024 18:00
5108,57,127,17,7/31/2024 19:00
5109,180,405,17,7/31/2024 20:00
5110,126,399,16,7/31/2024 21:00
5111,87,3,8,7/31/2024 22:00
5112,31,293,15,7/31/2024 23:00
5113,64,373,1,8/1/2024 0:00
5114,199,498,19,8/1/2024 1:00
5115,33,430,15,8/1/2024 2:00
5116,2,16,9,8/1/2024 3:00
5117,18,398,5,8/1/2024 4:00
5118,175,265,16,8/1/2024 5:00
5119,161,239,13,8/1/2024 6:00
5120,84,263,16,8/1/2024 7:00
5121,35,398,11,8/1/2024 8:00
5122,179,134,13,8/1/2024 9:00
5123,114,213,6,8/1/2024 10:00
5124,146,15,17,8/1/2024 11:00
5125,110,436,5,8/1/2024 12:00
5126,88,328,17,8/1/2024 13:00
5127,72,418,1,8/1/2024 14:00
5128,125,360,5,8/1/2024 15:00
5129,30,129,5,8/1/2024 16:00
5130,172,352,7,8/1/2024 17:00
5131,53,122,16,8/1/2024 18:00
5132,138,241,18,8/1/2024 19:00
5133,87,115,6,8/1/2024 20:00
5134,180,197,2,8/1/2024 21:00
5135,177,222,13,8/1/2024 22:00
5136,139,214,10,8/1/2024 23:00
5137,194,404,11,8/2/2024 0:00
5138,186,80,2,8/2/2024 1:00
5139,164,263,8,8/2/2024 2:00
5140,161,135,19,8/2/2024 3:00
5141,175,306,17,8/2/2024 4:00
5142,13,242,16,8/2/2024 5:00
5143,40,386,10,8/2/2024 6:00
5144,89,303,5,8/2/2024 7:00
5145,68,270,14,8/2/2024 8:00
5146,42,287,19,8/2/2024 9:00
5147,147,50,4,8/2/2024 10:00
5148,94,189,16,8/2/2024 11:00
5149,19,297,15,8/2/2024 12:00
5150,186,14,9,8/2/2024 13:00
5151,23,389,3,8/2/2024 14:00
5152,54,459,9,8/2/2024 15:00
5153,65,232,18,8/2/2024 16:00
5154,140,261,4,8/2/2024 17:00
5155,24,192,19,8/2/2024 18:00
5156,34,413,4,8/2/2024 19:00
5157,53,203,9,8/2/2024 20:00
5158,136,261,1,8/2/2024 21:00
5159,18,113,1,8/2/2024 22:00
5160,57,374,19,8/2/2024 23:00
5161,112,352,3,8/3/2024 0:00
5162,5,36,10,8/3/2024 1:00
5163,154,79,12,8/3/2024 2:00
5164,158,275,18,8/3/2024 3:00
5165,182,448,14,8/3/2024 4:00
5166,13,278,10,8/3/2024 5:00
5167,83,162,10,8/3/2024 6:00
5168,29,312,18,8/3/2024 7:00
5169,3,17,1,8/3/2024 8:00
5170,90,204,15,8/3/2024 9:00
5171,104,473,8,8/3/2024 10:00
5172,123,440,3,8/3/2024 11:00
5173,186,17,18,8/3/2024 12:00
5174,76,202,9,8/3/2024 13:00
5175,130,476,16,8/3/2024 14:00
5176,108,210,15,8/3/2024 15:00
5177,156,499,5,8/3/2024 16:00
5178,82,402,13,8/3/2024 17:00
5179,77,429,7,8/3/2024 18:00
5180,2,480,16,8/3/2024 19:00
5181,127,78,7,8/3/2024 20:00
5182,135,56,16,8/3/2024 21:00
5183,26,80,13,8/3/2024 22:00
5184,88,306,17,8/3/2024 23:00
5185,16,58,9,8/4/2024 0:00
5186,151,18,12,8/4/2024 1:00
5187,168,208,13,8/4/2024 2:00
5188,188,465,9,8/4/2024 3:00
5189,73,135,5,8/4/2024 4:00
5190,32,332,7,8/4/2024 5:00
5191,15,482,1,8/4/2024 6:00
5192,141,10,4,8/4/2024 7:00
5193,5,69,4,8/4/2024 8:00
5194,74,341,16,8/4/2024 9:00
5195,52,387,5,8/4/2024 10:00
5196,77,83,4,8/4/2024 11:00
5197,169,109,6,8/4/2024 12:00
5198,181,44,3,8/4/2024 13:00
5199,110,483,8,8/4/2024 14:00
5200,178,454,17,8/4/2024 15:00
5201,143,398,18,8/4/2024 16:00
5202,106,132,18,8/4/2024 17:00
5203,127,493,12,8/4/2024 18:00
5204,7,499,1,8/4/2024 19:00
5205,40,18,12,8/4/2024 20:00
5206,156,93,11,8/4/2024 21:00
5207,160,483,13,8/4/2024 22:00
5208,99,436,3,8/4/2024 23:00
5209,143,294,8,8/5/2024 0:00
5210,85,464,3,8/5/2024 1:00
5211,198,148,17,8/5/2024 2:00
5212,65,472,13,8/5/2024 3:00
5213,132,483,10,8/5/2024 4:00
5214,11,172,17,8/5/2024 5:00
5215,108,51,3,8/5/2024 6:00
5216,26,19,13,8/5/2024 7:00
5217,189,120,6,8/5/2024 8:00
5218,165,324,14,8/5/2024 9:00
5219,151,225,10,8/5/2024 10:00
5220,85,66,16,8/5/2024 11:00
5221,168,141,18,8/5/2024 12:00
5222,151,446,13,8/5/2024 13:00
5223,123,189,10,8/5/2024 14:00
5224,144,493,6,8/5/2024 15:00
5225,189,158,10,8/5/2024 16:00
5226,68,98,5,8/5/2024 17:00
5227,104,158,6,8/5/2024 18:00
5228,80,435,7,8/5/2024 19:00
5229,159,246,11,8/5/2024 20:00
5230,53,344,16,8/5/2024 21:00
5231,106,432,12,8/5/2024 22:00
5232,153,236,12,8/5/2024 23:00
5233,44,33,5,8/6/2024 0:00
5234,140,361,16,8/6/2024 1:00
5235,90,241,6,8/6/2024 2:00
5236,101,330,9,8/6/2024 3:00
5237,97,338,5,8/6/2024 4:00
5238,9,275,16,8/6/2024 5:00
5239,12,71,18,8/6/2024 6:00
5240,69,313,19,8/6/2024 7:00
5241,182,403,12,8/6/2024 8:00
5242,182,216,2,8/6/2024 9:00
5243,28,79,10,8/6/2024 10:00
5244,56,169,12,8/6/2024 11:00
5245,99,298,14,8/6/2024 12:00
5246,197,471,18,8/6/2024 13:00
5247,110,180,19,8/6/2024 14:00
5248,77,116,6,8/6/2024 15:00
5249,103,260,5,8/6/2024 16:00
5250,106,486,16,8/6/2024 17:00
5251,109,260,14,8/6/2024 18:00
5252,112,5,13,8/6/2024 19:00
5253,58,297,2,8/6/2024 20:00
5254,78,108,2,8/6/2024 21:00
5255,75,343,12,8/6/2024 22:00
5256,42,360,1,8/6/2024 23:00
5257,166,117,19,8/7/2024 0:00
5258,68,357,16,8/7/2024 1:00
5259,181,445,7,8/7/2024 2:00
5260,33,331,7,8/7/2024 3:00
5261,71,439,16,8/7/2024 4:00
5262,56,331,6,8/7/2024 5:00
5263,105,13,18,8/7/2024 6:00
5264,200,142,1,8/7/2024 7:00
5265,101,188,1,8/7/2024 8:00
5266,51,456,14,8/7/2024 9:00
5267,74,281,6,8/7/2024 10:00
5268,171,466,6,8/7/2024 11:00
5269,121,115,4,8/7/2024 12:00
5270,143,428,12,8/7/2024 13:00
5271,166,236,18,8/7/2024 14:00
5272,143,338,10,8/7/2024 15:00
5273,5,10,3,8/7/2024 16:00
5274,83,199,3,8/7/2024 17:00
5275,182,252,8,8/7/2024 18:00
5276,51,50,1,8/7/2024 19:00
5277,10,428,18,8/7/2024 20:00
5278,140,142,15,8/7/2024 21:00
5279,4,271,17,8/7/2024 22:00
5280,95,16,11,8/7/2024 23:00
5281,146,2,13,8/8/2024 0:00
5282,80,158,10,8/8/2024 1:00
5283,36,30,13,8/8/2024 2:00
5284,25,82,17,8/8/2024 3:00
5285,98,31,1,8/8/2024 4:00
5286,164,236,16,8/8/2024 5:00
5287,101,496,16,8/8/2024 6:00
5288,195,333,3,8/8/2024 7:00
5289,9,148,2,8/8/2024 8:00
5290,61,177,6,8/8/2024 9:00
5291,53,370,11,8/8/2024 10:00
5292,146,35,3,8/8/2024 11:00
5293,171,23,1,8/8/2024 12:00
5294,163,106,11,8/8/2024 13:00
5295,63,97,13,8/8/2024 14:00
5296,121,230,5,8/8/2024 15:00
5297,105,227,18,8/8/2024 16:00
5298,4,371,15,8/8/2024 17:00
5299,93,100,18,8/8/2024 18:00
5300,169,445,15,8/8/2024 19:00
5301,173,468,7,8/8/2024 20:00
5302,178,55,17,8/8/2024 21:00
5303,28,195,8,8/8/2024 22:00
5304,170,8,13,8/8/2024 23:00
5305,80,424,16,8/9/2024 0:00
5306,76,315,10,8/9/2024 1:00
5307,116,128,14,8/9/2024 2:00
5308,69,32,6,8/9/2024 3:00
5309,98,93,7,8/9/2024 4:00
5310,1,7,6,8/9/2024 5:00
5311,167,258,17,8/9/2024 6:00
5312,96,341,8,8/9/2024 7:00
5313,17,390,12,8/9/2024 8:00
5314,112,220,4,8/9/2024 9:00
5315,91,240,10,8/9/2024 10:00
5316,88,106,6,8/9/2024 11:00
5317,163,36,7,8/9/2024 12:00
5318,174,416,8,8/9/2024 13:00
5319,170,45,3,8/9/2024 14:00
5320,167,298,8,8/9/2024 15:00
5321,90,309,15,8/9/2024 16:00
5322,49,366,1,8/9/2024 17:00
5323,190,9,13,8/9/2024 18:00
5324,38,459,18,8/9/2024 19:00
5325,151,87,15,8/9/2024 20:00
5326,150,370,7,8/9/2024 21:00
5327,132,331,15,8/9/2024 22:00
5328,177,177,3,8/9/2024 23:00
5329,59,130,14,8/10/2024 0:00
5330,68,195,4,8/10/2024 1:00
5331,199,11,4,8/10/2024 2:00
5332,130,306,3,8/10/2024 3:00
5333,49,419,5,8/10/2024 4:00
5334,126,122,11,8/10/2024 5:00
5335,159,399,8,8/10/2024 6:00
5336,111,235,2,8/10/2024 7:00
5337,168,331,16,8/10/2024 8:00
5338,48,31,10,8/10/2024 9:00
5339,51,348,18,8/10/2024 10:00
5340,43,446,7,8/10/2024 11:00
5341,98,412,5,8/10/2024 12:00
5342,183,224,7,8/10/2024 13:00
5343,177,153,6,8/10/2024 14:00
5344,124,212,1,8/10/2024 15:00
5345,80,92,11,8/10/2024 16:00
5346,185,409,13,8/10/2024 17:00
5347,111,331,12,8/10/2024 18:00
5348,143,467,1,8/10/2024 19:00
5349,27,348,15,8/10/2024 20:00
5350,196,129,1,8/10/2024 21:00
5351,192,443,3,8/10/2024 22:00
5352,158,197,15,8/10/2024 23:00
5353,164,458,9,8/11/2024 0:00
5354,195,42,14,8/11/2024 1:00
5355,113,366,8,8/11/2024 2:00
5356,86,418,4,8/11/2024 3:00
5357,114,228,6,8/11/2024 4:00
5358,124,194,1,8/11/2024 5:00
5359,49,18,18,8/11/2024 6:00
5360,76,333,6,8/11/2024 7:00
5361,55,243,14,8/11/2024 8:00
5362,56,389,11,8/11/2024 9:00
5363,196,276,17,8/11/2024 10:00
5364,95,450,9,8/11/2024 11:00
5365,44,127,7,8/11/2024 12:00
5366,159,75,14,8/11/2024 13:00
5367,186,62,17,8/11/2024 14:00
5368,87,478,8,8/11/2024 15:00
5369,181,480,16,8/11/2024 16:00
5370,84,288,12,8/11/2024 17:00
5371,151,186,12,8/11/2024 18:00
5372,156,178,5,8/11/2024 19:00
5373,16,166,5,8/11/2024 20:00
5374,165,183,14,8/11/2024 21:00
5375,149,28,6,8/11/2024 22:00
5376,145,330,7,8/11/2024 23:00
5377,37,470,17,8/12/2024 0:00
5378,77,247,9,8/12/2024 1:00
5379,147,337,13,8/12/2024 2:00
5380,158,22,9,8/12/2024 3:00
5381,45,427,16,8/12/2024 4:00
5382,146,467,4,8/12/2024 5:00
5383,62,465,2,8/12/2024 6:00
5384,164,472,13,8/12/2024 7:00
5385,100,420,13,8/12/2024 8:00
5386,52,96,19,8/12/2024 9:00
5387,19,122,12,8/12/2024 10:00
5388,109,250,4,8/12/2024 11:00
5389,44,494,10,8/12/2024 12:00
5390,7,379,16,8/12/2024 13:00
5391,172,308,19,8/12/2024 14:00
5392,117,420,8,8/12/2024 15:00
5393,68,412,6,8/12/2024 16:00
5394,34,334,4,8/12/2024 17:00
5395,194,442,7,8/12/2024 18:00
5396,69,420,14,8/12/2024 19:00
5397,55,326,13,8/12/2024 20:00
5398,10,137,5,8/12/2024 21:00
5399,42,277,9,8/12/2024 22:00
5400,41,320,3,8/12/2024 23:00
5401,197,332,10,8/13/2024 0:00
5402,122,61,15,8/13/2024 1:00
5403,138,250,17,8/13/2024 2:00
5404,10,478,6,8/13/2024 3:00
5405,102,95,3,8/13/2024 4:00
5406,188,296,18,8/13/2024 5:00
5407,128,184,5,8/13/2024 6:00
5408,179,260,13,8/13/2024 7:00
5409,149,287,1,8/13/2024 8:00
5410,136,155,17,8/13/2024 9:00
5411,193,186,3,8/13/2024 10:00
5412,92,409,19,8/13/2024 11:00
5413,113,69,12,8/13/2024 12:00
5414,78,326,8,8/13/2024 13:00
5415,85,261,8,8/13/2024 14:00
5416,30,115,15,8/13/2024 15:00
5417,49,347,11,8/13/2024 16:00
5418,9,8,1,8/13/2024 17:00
5419,145,265,16,8/13/2024 18:00
5420,69,271,14,8/13/2024 19:00
5421,58,484,7,8/13/2024 20:00
5422,185,249,6,8/13/2024 21:00
5423,62,105,4,8/13/2024 22:00
5424,52,263,8,8/13/2024 23:00
5425,189,224,19,8/14/2024 0:00
5426,40,328,3,8/14/2024 1:00
5427,166,495,4,8/14/2024 2:00
5428,171,371,13,8/14/2024 3:00
5429,63,271,2,8/14/2024 4:00
5430,147,165,11,8/14/2024 5:00
5431,50,83,16,8/14/2024 6:00
5432,161,295,10,8/14/2024 7:00
5433,141,134,15,8/14/2024 8:00
5434,78,211,10,8/14/2024 9:00
5435,97,313,2,8/14/2024 10:00
5436,190,92,6,8/14/2024 11:00
5437,43,337,14,8/14/2024 12:00
5438,177,490,2,8/14/2024 13:00
5439,36,403,10,8/14/2024 14:00
5440,122,127,17,8/14/2024 15:00
5441,108,191,8,8/14/2024 16:00
5442,10,159,16,8/14/2024 17:00
5443,95,331,14,8/14/2024 18:00
5444,6,335,10,8/14/2024 19:00
5445,57,10,13,8/14/2024 20:00
5446,129,107,1,8/14/2024 21:00
5447,71,87,10,8/14/2024 22:00
5448,186,67,12,8/14/2024 23:00
5449,21,62,17,8/15/2024 0:00
5450,92,387,14,8/15/2024 1:00
5451,127,146,5,8/15/2024 2:00
5452,80,153,19,8/15/2024 3:00
5453,56,107,5,8/15/2024 4:00
5454,116,148,15,8/15/2024 5:00
5455,148,186,13,8/15/2024 6:00
5456,182,349,17,8/15/2024 7:00
5457,25,342,1,8/15/2024 8:00
5458,156,178,14,8/15/2024 9:00
5459,5,377,4,8/15/2024 10:00
5460,120,335,9,8/15/2024 11:00
5461,21,487,17,8/15/2024 12:00
5462,18,266,3,8/15/2024 13:00
5463,175,149,13,8/15/2024 14:00
5464,198,247,12,8/15/2024 15:00
5465,57,254,16,8/15/2024 16:00
5466,93,500,4,8/15/2024 17:00
5467,19,29,18,8/15/2024 18:00
5468,128,352,3,8/15/2024 19:00
5469,97,266,17,8/15/2024 20:00
5470,193,13,1,8/15/2024 21:00
5471,131,47,19,8/15/2024 22:00
5472,170,151,4,8/15/2024 23:00
5473,21,50,17,8/16/2024 0:00
5474,40,215,7,8/16/2024 1:00
5475,67,479,2,8/16/2024 2:00
5476,153,132,12,8/16/2024 3:00
5477,127,372,5,8/16/2024 4:00
5478,55,113,16,8/16/2024 5:00
5479,180,252,8,8/16/2024 6:00
5480,172,451,8,8/16/2024 7:00
5481,109,341,13,8/16/2024 8:00
5482,98,53,14,8/16/2024 9:00
5483,184,130,11,8/16/2024 10:00
5484,183,324,6,8/16/2024 11:00
5485,112,193,16,8/16/2024 12:00
5486,198,79,15,8/16/2024 13:00
5487,115,57,16,8/16/2024 14:00
5488,117,97,13,8/16/2024 15:00
5489,87,198,12,8/16/2024 16:00
5490,81,135,18,8/16/2024 17:00
5491,66,147,18,8/16/2024 18:00
5492,19,172,14,8/16/2024 19:00
5493,135,63,2,8/16/2024 20:00
5494,118,65,2,8/16/2024 21:00
5495,191,295,3,8/16/2024 22:00
5496,42,211,8,8/16/2024 23:00
5497,42,109,11,8/17/2024 0:00
5498,59,282,12,8/17/2024 1:00
5499,20,172,4,8/17/2024 2:00
5500,73,12,9,8/17/2024 3:00
5501,17,406,17,8/17/2024 4:00
5502,27,333,16,8/17/2024 5:00
5503,175,220,17,8/17/2024 6:00
5504,2,398,15,8/17/2024 7:00
5505,63,342,7,8/17/2024 8:00
5506,62,286,10,8/17/2024 9:00
5507,100,172,4,8/17/2024 10:00
5508,19,468,14,8/17/2024 11:00
5509,17,236,14,8/17/2024 12:00
5510,69,475,14,8/17/2024 13:00
5511,167,166,14,8/17/2024 14:00
5512,117,187,18,8/17/2024 15:00
5513,199,170,15,8/17/2024 16:00
5514,81,52,19,8/17/2024 17:00
5515,39,319,13,8/17/2024 18:00
5516,36,189,12,8/17/2024 19:00
5517,168,120,19,8/17/2024 20:00
5518,173,105,19,8/17/2024 21:00
5519,132,162,2,8/17/2024 22:00
5520,153,295,3,8/17/2024 23:00
5521,197,41,10,8/18/2024 0:00
5522,158,377,5,8/18/2024 1:00
5523,196,364,12,8/18/2024 2:00
5524,29,165,7,8/18/2024 3:00
5525,196,321,9,8/18/2024 4:00
5526,51,374,2,8/18/2024 5:00
5527,152,335,10,8/18/2024 6:00
5528,14,160,6,8/18/2024 7:00
5529,69,264,12,8/18/2024 8:00
5530,146,353,6,8/18/2024 9:00
5531,170,18,3,8/18/2024 10:00
5532,57,173,10,8/18/2024 11:00
5533,12,477,9,8/18/2024 12:00
5534,17,352,5,8/18/2024 13:00
5535,30,33,3,8/18/2024 14:00
5536,88,261,5,8/18/2024 15:00
5537,99,210,8,8/18/2024 16:00
5538,23,496,8,8/18/2024 17:00
5539,129,383,14,8/18/2024 18:00
5540,79,330,17,8/18/2024 19:00
5541,32,382,11,8/18/2024 20:00
5542,9,164,16,8/18/2024 21:00
5543,15,481,6,8/18/2024 22:00
5544,156,407,11,8/18/2024 23:00
5545,152,424,10,8/19/2024 0:00
5546,188,5,9,8/19/2024 1:00
5547,163,34,15,8/19/2024 2:00
5548,27,280,7,8/19/2024 3:00
5549,109,145,18,8/19/2024 4:00
5550,76,351,1,8/19/2024 5:00
5551,148,71,15,8/19/2024 6:00
5552,65,465,2,8/19/2024 7:00
5553,177,348,2,8/19/2024 8:00
5554,109,230,10,8/19/2024 9:00
5555,129,125,15,8/19/2024 10:00
5556,10,278,10,8/19/2024 11:00
5557,47,271,19,8/19/2024 12:00
5558,123,357,13,8/19/2024 13:00
5559,59,15,11,8/19/2024 14:00
5560,96,242,2,8/19/2024 15:00
5561,190,498,13,8/19/2024 16:00
5562,103,153,1,8/19/2024 17:00
5563,124,53,5,8/19/2024 18:00
5564,86,149,7,8/19/2024 19:00
5565,146,358,13,8/19/2024 20:00
5566,112,450,13,8/19/2024 21:00
5567,174,219,6,8/19/2024 22:00
5568,160,113,12,8/19/2024 23:00
5569,27,288,8,8/20/2024 0:00
5570,18,277,9,8/20/2024 1:00
5571,167,452,18,8/20/2024 2:00
5572,177,428,11,8/20/2024 3:00
5573,82,83,11,8/20/2024 4:00
5574,172,450,15,8/20/2024 5:00
5575,72,218,9,8/20/2024 6:00
5576,54,226,3,8/20/2024 7:00
5577,162,270,17,8/20/2024 8:00
5578,71,15,17,8/20/2024 9:00
5579,164,404,3,8/20/2024 10:00
5580,146,290,19,8/20/2024 11:00
5581,38,420,9,8/20/2024 12:00
5582,187,339,17,8/20/2024 13:00
5583,137,265,18,8/20/2024 14:00
5584,200,199,15,8/20/2024 15:00
5585,179,158,1,8/20/2024 16:00
5586,35,333,10,8/20/2024 17:00
5587,82,475,8,8/20/2024 18:00
5588,133,447,10,8/20/2024 19:00
5589,142,492,2,8/20/2024 20:00
5590,158,419,19,8/20/2024 21:00
5591,4,397,14,8/20/2024 22:00
5592,167,207,8,8/20/2024 23:00
5593,192,174,19,8/21/2024 0:00
5594,153,184,1,8/21/2024 1:00
5595,156,265,16,8/21/2024 2:00
5596,194,493,15,8/21/2024 3:00
5597,150,471,5,8/21/2024 4:00
5598,159,246,3,8/21/2024 5:00
5599,23,36,17,8/21/2024 6:00
5600,48,373,10,8/21/2024 7:00
5601,148,488,5,8/21/2024 8:00
5602,125,259,11,8/21/2024 9:00
5603,166,482,6,8/21/2024 10:00
5604,55,19,4,8/21/2024 11:00
5605,68,412,7,8/21/2024 12:00
5606,88,23,19,8/21/2024 13:00
5607,1,104,7,8/21/2024 14:00
5608,135,241,14,8/21/2024 15:00
5609,185,493,17,8/21/2024 16:00
5610,95,391,17,8/21/2024 17:00
5611,140,361,13,8/21/2024 18:00
5612,106,204,1,8/21/2024 19:00
5613,133,253,2,8/21/2024 20:00
5614,108,142,18,8/21/2024 21:00
5615,178,302,4,8/21/2024 22:00
5616,42,143,13,8/21/2024 23:00
5617,102,451,1,8/22/2024 0:00
5618,124,271,4,8/22/2024 1:00
5619,140,307,2,8/22/2024 2:00
5620,103,472,4,8/22/2024 3:00
5621,146,500,16,8/22/2024 4:00
5622,194,110,4,8/22/2024 5:00
5623,74,8,9,8/22/2024 6:00
5624,108,69,17,8/22/2024 7:00
5625,122,190,2,8/22/2024 8:00
5626,17,179,3,8/22/2024 9:00
5627,196,63,15,8/22/2024 10:00
5628,71,68,7,8/22/2024 11:00
5629,62,206,4,8/22/2024 12:00
5630,41,400,12,8/22/2024 13:00
5631,119,468,1,8/22/2024 14:00
5632,162,408,17,8/22/2024 15:00
5633,198,6,4,8/22/2024 16:00
5634,45,119,4,8/22/2024 17:00
5635,58,313,9,8/22/2024 18:00
5636,179,31,10,8/22/2024 19:00
5637,126,6,19,8/22/2024 20:00
5638,162,483,19,8/22/2024 21:00
5639,44,207,15,8/22/2024 22:00
5640,15,157,17,8/22/2024 23:00
5641,78,67,7,8/23/2024 0:00
5642,70,459,3,8/23/2024 1:00
5643,178,387,5,8/23/2024 2:00
5644,101,412,16,8/23/2024 3:00
5645,160,330,7,8/23/2024 4:00
5646,195,370,16,8/23/2024 5:00
5647,3,353,9,8/23/2024 6:00
5648,86,432,1,8/23/2024 7:00
5649,74,336,3,8/23/2024 8:00
5650,51,379,8,8/23/2024 9:00
5651,67,394,18,8/23/2024 10:00
5652,76,289,18,8/23/2024 11:00
5653,93,484,19,8/23/2024 12:00
5654,176,451,7,8/23/2024 13:00
5655,145,453,6,8/23/2024 14:00
5656,7,140,11,8/23/2024 15:00
5657,13,441,5,8/23/2024 16:00
5658,120,300,12,8/23/2024 17:00
5659,66,13,1,8/23/2024 18:00
5660,4,152,19,8/23/2024 19:00
5661,138,428,11,8/23/2024 20:00
5662,88,313,15,8/23/2024 21:00
5663,17,352,16,8/23/2024 22:00
5664,52,400,3,8/23/2024 23:00
5665,134,480,11,8/24/2024 0:00
5666,69,109,11,8/24/2024 1:00
5667,137,485,10,8/24/2024 2:00
5668,21,376,2,8/24/2024 3:00
5669,24,356,5,8/24/2024 4:00
5670,4,149,8,8/24/2024 5:00
5671,152,367,13,8/24/2024 6:00
5672,187,204,15,8/24/2024 7:00
5673,3,307,2,8/24/2024 8:00
5674,68,21,12,8/24/2024 9:00
5675,101,60,8,8/24/2024 10:00
5676,168,435,19,8/24/2024 11:00
5677,176,21,1,8/24/2024 12:00
5678,54,363,8,8/24/2024 13:00
5679,35,382,10,8/24/2024 14:00
5680,56,245,13,8/24/2024 15:00
5681,108,390,5,8/24/2024 16:00
5682,40,73,9,8/24/2024 17:00
5683,68,449,10,8/24/2024 18:00
5684,46,76,14,8/24/2024 19:00
5685,78,186,11,8/24/2024 20:00
5686,141,78,14,8/24/2024 21:00
5687,155,390,3,8/24/2024 22:00
5688,6,65,16,8/24/2024 23:00
5689,17,342,17,8/25/2024 0:00
5690,164,290,5,8/25/2024 1:00
5691,99,56,7,8/25/2024 2:00
5692,81,331,17,8/25/2024 3:00
5693,2,259,11,8/25/2024 4:00
5694,77,426,12,8/25/2024 5:00
5695,180,190,2,8/25/2024 6:00
5696,66,6,19,8/25/2024 7:00
5697,52,6,5,8/25/2024 8:00
5698,92,191,11,8/25/2024 9:00
5699,171,148,19,8/25/2024 10:00
5700,22,405,7,8/25/2024 11:00
5701,111,258,6,8/25/2024 12:00
5702,107,218,11,8/25/2024 13:00
5703,183,479,14,8/25/2024 14:00
5704,67,90,4,8/25/2024 15:00
5705,188,312,8,8/25/2024 16:00
5706,186,352,9,8/25/2024 17:00
5707,140,10,2,8/25/2024 18:00
5708,69,87,11,8/25/2024 19:00
5709,84,250,7,8/25/2024 20:00
5710,103,326,4,8/25/2024 21:00
5711,39,151,14,8/25/2024 22:00
5712,13,476,1,8/25/2024 23:00
5713,41,113,12,8/26/2024 0:00
5714,57,30,19,8/26/2024 1:00
5715,181,128,5,8/26/2024 2:00
5716,12,78,8,8/26/2024 3:00
5717,13,421,11,8/26/2024 4:00
5718,120,55,4,8/26/2024 5:00
5719,97,480,15,8/26/2024 6:00
5720,57,305,12,8/26/2024 7:00
5721,40,34,10,8/26/2024 8:00
5722,118,105,16,8/26/2024 9:00
5723,80,172,8,8/26/2024 10:00
5724,128,499,8,8/26/2024 11:00
5725,173,22,6,8/26/2024 12:00
5726,35,287,3,8/26/2024 13:00
5727,3,391,8,8/26/2024 14:00
5728,120,105,10,8/26/2024 15:00
5729,5,149,5,8/26/2024 16:00
5730,11,272,11,8/26/2024 17:00
5731,126,276,4,8/26/2024 18:00
5732,71,299,17,8/26/2024 19:00
5733,117,172,3,8/26/2024 20:00
5734,184,47,18,8/26/2024 21:00
5735,138,114,8,8/26/2024 22:00
5736,106,275,12,8/26/2024 23:00
5737,116,304,16,8/27/2024 0:00
5738,162,480,14,8/27/2024 1:00
5739,67,207,16,8/27/2024 2:00
5740,200,453,4,8/27/2024 3:00
5741,31,395,1,8/27/2024 4:00
5742,75,463,1,8/27/2024 5:00
5743,71,413,15,8/27/2024 6:00
5744,66,242,3,8/27/2024 7:00
5745,70,301,14,8/27/2024 8:00
5746,41,196,9,8/27/2024 9:00
5747,191,497,19,8/27/2024 10:00
5748,160,164,8,8/27/2024 11:00
5749,20,176,2,8/27/2024 12:00
5750,185,343,4,8/27/2024 13:00
5751,178,271,1,8/27/2024 14:00
5752,153,110,11,8/27/2024 15:00
5753,140,172,5,8/27/2024 16:00
5754,199,451,2,8/27/2024 17:00
5755,39,352,13,8/27/2024 18:00
5756,145,202,17,8/27/2024 19:00
5757,45,168,17,8/27/2024 20:00
5758,139,102,18,8/27/2024 21:00
5759,70,86,9,8/27/2024 22:00
5760,125,142,6,8/27/2024 23:00
5761,151,447,3,8/28/2024 0:00
5762,91,337,8,8/28/2024 1:00
5763,70,213,3,8/28/2024 2:00
5764,166,51,1,8/28/2024 3:00
5765,130,112,13,8/28/2024 4:00
5766,84,463,5,8/28/2024 5:00
5767,89,442,16,8/28/2024 6:00
5768,79,271,16,8/28/2024 7:00
5769,113,65,12,8/28/2024 8:00
5770,93,344,13,8/28/2024 9:00
5771,72,183,4,8/28/2024 10:00
5772,165,332,9,8/28/2024 11:00
5773,49,10,16,8/28/2024 12:00
5774,52,494,1,8/28/2024 13:00
5775,33,234,5,8/28/2024 14:00
5776,22,298,5,8/28/2024 15:00
5777,114,244,19,8/28/2024 16:00
5778,133,351,9,8/28/2024 17:00
5779,18,267,8,8/28/2024 18:00
5780,166,118,19,8/28/2024 19:00
5781,118,144,18,8/28/2024 20:00
5782,117,381,15,8/28/2024 21:00
5783,37,201,4,8/28/2024 22:00
5784,64,239,15,8/28/2024 23:00
5785,138,334,13,8/29/2024 0:00
5786,79,403,18,8/29/2024 1:00
5787,170,415,5,8/29/2024 2:00
5788,123,457,18,8/29/2024 3:00
5789,176,484,8,8/29/2024 4:00
5790,44,437,1,8/29/2024 5:00
5791,82,487,19,8/29/2024 6:00
5792,87,246,17,8/29/2024 7:00
5793,16,346,2,8/29/2024 8:00
5794,54,8,19,8/29/2024 9:00
5795,102,152,16,8/29/2024 10:00
5796,163,392,18,8/29/2024 11:00
5797,98,211,2,8/29/2024 12:00
5798,156,367,6,8/29/2024 13:00
5799,2,432,7,8/29/2024 14:00
5800,94,158,6,8/29/2024 15:00
5801,141,58,6,8/29/2024 16:00
5802,169,86,9,8/29/2024 17:00
5803,59,55,8,8/29/2024 18:00
5804,69,201,9,8/29/2024 19:00
5805,119,122,12,8/29/2024 20:00
5806,92,446,18,8/29/2024 21:00
5807,181,108,6,8/29/2024 22:00
5808,45,304,4,8/29/2024 23:00
5809,148,132,7,8/30/2024 0:00
5810,24,421,18,8/30/2024 1:00
5811,189,392,5,8/30/2024 2:00
5812,91,385,18,8/30/2024 3:00
5813,94,476,10,8/30/2024 4:00
5814,58,198,8,8/30/2024 5:00
5815,155,47,1,8/30/2024 6:00
5816,154,228,15,8/30/2024 7:00
5817,128,245,3,8/30/2024 8:00
5818,7,203,15,8/30/2024 9:00
5819,170,261,14,8/30/2024 10:00
5820,47,178,1,8/30/2024 11:00
5821,53,24,8,8/30/2024 12:00
5822,187,175,7,8/30/2024 13:00
5823,38,274,9,8/30/2024 14:00
5824,197,340,18,8/30/2024 15:00
5825,53,412,12,8/30/2024 16:00
5826,143,461,8,8/30/2024 17:00
5827,154,261,8,8/30/2024 18:00
5828,48,286,6,8/30/2024 19:00
5829,95,1,3,8/30/2024 20:00
5830,147,86,2,8/30/2024 21:00
5831,137,338,14,8/30/2024 22:00
5832,64,430,8,8/30/2024 23:00
5833,93,69,6,8/31/2024 0:00
5834,182,31,4,8/31/2024 1:00
5835,125,198,5,8/31/2024 2:00
5836,179,91,13,8/31/2024 3:00
5837,39,440,9,8/31/2024 4:00
5838,4,473,13,8/31/2024 5:00
5839,126,349,9,8/31/2024 6:00
5840,3,383,16,8/31/2024 7:00
5841,64,412,12,8/31/2024 8:00
5842,29,16,2,8/31/2024 9:00
5843,116,310,19,8/31/2024 10:00
5844,11,437,16,8/31/2024 11:00
5845,97,396,13,8/31/2024 12:00
5846,102,276,5,8/31/2024 13:00
5847,186,338,6,8/31/2024 14:00
5848,155,162,17,8/31/2024 15:00
5849,21,437,17,8/31/2024 16:00
5850,39,192,17,8/31/2024 17:00
5851,102,151,3,8/31/2024 18:00
5852,46,365,13,8/31/2024 19:00
5853,66,411,12,8/31/2024 20:00
5854,91,113,6,8/31/2024 21:00
5855,164,273,13,8/31/2024 22:00
5856,111,176,14,8/31/2024 23:00
5857,82,149,7,9/1/2024 0:00
5858,123,178,5,9/1/2024 1:00
5859,193,424,14,9/1/2024 2:00
5860,191,382,18,9/1/2024 3:00
5861,99,223,4,9/1/2024 4:00
5862,35,259,1,9/1/2024 5:00
5863,159,273,7,9/1/2024 6:00
5864,156,189,13,9/1/2024 7:00
5865,103,306,4,9/1/2024 8:00
5866,129,378,13,9/1/2024 9:00
5867,25,90,4,9/1/2024 10:00
5868,43,343,3,9/1/2024 11:00
5869,84,262,8,9/1/2024 12:00
5870,195,156,8,9/1/2024 13:00
5871,191,200,17,9/1/2024 14:00
5872,51,55,15,9/1/2024 15:00
5873,130,254,4,9/1/2024 16:00
5874,126,442,6,9/1/2024 17:00
5875,192,173,6,9/1/2024 18:00
5876,69,200,10,9/1/2024 19:00
5877,9,403,4,9/1/2024 20:00
5878,2,102,9,9/1/2024 21:00
5879,162,285,16,9/1/2024 22:00
5880,188,151,7,9/1/2024 23:00
5881,189,111,14,9/2/2024 0:00
5882,159,416,6,9/2/2024 1:00
5883,10,266,1,9/2/2024 2:00
5884,114,91,18,9/2/2024 3:00
5885,76,177,12,9/2/2024 4:00
5886,164,449,15,9/2/2024 5:00
5887,85,231,1,9/2/2024 6:00
5888,49,29,15,9/2/2024 7:00
5889,70,443,15,9/2/2024 8:00
5890,177,301,16,9/2/2024 9:00
5891,131,195,1,9/2/2024 10:00
5892,133,307,3,9/2/2024 11:00
5893,189,239,12,9/2/2024 12:00
5894,90,357,7,9/2/2024 13:00
5895,26,479,5,9/2/2024 14:00
5896,72,384,1,9/2/2024 15:00
5897,5,267,1,9/2/2024 16:00
5898,15,214,15,9/2/2024 17:00
5899,123,82,8,9/2/2024 18:00
5900,144,128,11,9/2/2024 19:00
5901,1,483,14,9/2/2024 20:00
5902,144,262,13,9/2/2024 21:00
5903,165,67,19,9/2/2024 22:00
5904,3,62,12,9/2/2024 23:00
5905,180,133,19,9/3/2024 0:00
5906,47,137,4,9/3/2024 1:00
5907,95,28,4,9/3/2024 2:00
5908,13,211,3,9/3/2024 3:00
5909,120,476,6,9/3/2024 4:00
5910,55,475,5,9/3/2024 5:00
5911,149,205,11,9/3/2024 6:00
5912,66,253,9,9/3/2024 7:00
5913,182,38,3,9/3/2024 8:00
5914,155,43,9,9/3/2024 9:00
5915,166,117,12,9/3/2024 10:00
5916,90,405,3,9/3/2024 11:00
5917,186,475,17,9/3/2024 12:00
5918,62,190,12,9/3/2024 13:00
5919,102,46,18,9/3/2024 14:00
5920,174,454,4,9/3/2024 15:00
5921,139,166,10,9/3/2024 16:00
5922,200,305,18,9/3/2024 17:00
5923,8,203,8,9/3/2024 18:00
5924,97,495,9,9/3/2024 19:00
5925,117,233,19,9/3/2024 20:00
5926,199,245,13,9/3/2024 21:00
5927,64,209,6,9/3/2024 22:00
5928,21,248,7,9/3/2024 23:00
5929,200,295,6,9/4/2024 0:00
5930,115,327,11,9/4/2024 1:00
5931,191,383,17,9/4/2024 2:00
5932,85,158,19,9/4/2024 3:00
5933,192,405,12,9/4/2024 4:00
5934,20,1,13,9/4/2024 5:00
5935,8,217,18,9/4/2024 6:00
5936,58,416,7,9/4/2024 7:00
5937,46,249,5,9/4/2024 8:00
5938,31,392,16,9/4/2024 9:00
5939,93,69,4,9/4/2024 10:00
5940,9,30,1,9/4/2024 11:00
5941,15,115,4,9/4/2024 12:00
5942,94,8,3,9/4/2024 13:00
5943,154,369,4,9/4/2024 14:00
5944,138,275,1,9/4/2024 15:00
5945,29,492,12,9/4/2024 16:00
5946,80,315,13,9/4/2024 17:00
5947,36,439,2,9/4/2024 18:00
5948,84,414,9,9/4/2024 19:00
5949,109,335,7,9/4/2024 20:00
5950,118,36,13,9/4/2024 21:00
5951,37,311,2,9/4/2024 22:00
5952,86,44,1,9/4/2024 23:00
5953,71,155,18,9/5/2024 0:00
5954,151,77,7,9/5/2024 1:00
5955,169,78,18,9/5/2024 2:00
5956,93,101,19,9/5/2024 3:00
5957,80,438,8,9/5/2024 4:00
5958,102,432,12,9/5/2024 5:00
5959,156,30,11,9/5/2024 6:00
5960,176,39,9,9/5/2024 7:00
5961,166,239,4,9/5/2024 8:00
5962,159,13,7,9/5/2024 9:00
5963,14,122,17,9/5/2024 10:00
5964,117,144,11,9/5/2024 11:00
5965,73,172,2,9/5/2024 12:00
5966,91,455,18,9/5/2024 13:00
5967,90,368,12,9/5/2024 14:00
5968,29,247,9,9/5/2024 15:00
5969,179,247,11,9/5/2024 16:00
5970,49,411,5,9/5/2024 17:00
5971,171,45,7,9/5/2024 18:00
5972,72,253,1,9/5/2024 19:00
5973,133,375,5,9/5/2024 20:00
5974,42,291,6,9/5/2024 21:00
5975,135,207,13,9/5/2024 22:00
5976,42,412,11,9/5/2024 23:00
5977,164,483,8,9/6/2024 0:00
5978,105,7,2,9/6/2024 1:00
5979,27,446,15,9/6/2024 2:00
5980,58,242,10,9/6/2024 3:00
5981,46,110,8,9/6/2024 4:00
5982,66,114,2,9/6/2024 5:00
5983,25,307,15,9/6/2024 6:00
5984,73,302,6,9/6/2024 7:00
5985,117,276,5,9/6/2024 8:00
5986,155,96,3,9/6/2024 9:00
5987,129,294,11,9/6/2024 10:00
5988,87,189,11,9/6/2024 11:00
5989,74,360,16,9/6/2024 12:00
5990,170,288,3,9/6/2024 13:00
5991,180,154,9,9/6/2024 14:00
5992,153,58,3,9/6/2024 15:00
5993,182,423,19,9/6/2024 16:00
5994,125,404,11,9/6/2024 17:00
5995,67,338,14,9/6/2024 18:00
5996,6,50,2,9/6/2024 19:00
5997,125,207,7,9/6/2024 20:00
5998,58,52,10,9/6/2024 21:00
5999,70,342,10,9/6/2024 22:00
6000,53,371,1,9/6/2024 23:00
6001,66,150,6,9/7/2024 0:00
6002,58,53,14,9/7/2024 1:00
6003,82,213,2,9/7/2024 2:00
6004,87,66,6,9/7/2024 3:00
6005,2,232,1,9/7/2024 4:00
6006,150,373,3,9/7/2024 5:00
6007,37,299,4,9/7/2024 6:00
6008,148,338,13,9/7/2024 7:00
6009,103,151,3,9/7/2024 8:00
6010,24,205,15,9/7/2024 9:00
6011,112,320,13,9/7/2024 10:00
6012,65,255,11,9/7/2024 11:00
6013,193,489,4,9/7/2024 12:00
6014,129,137,17,9/7/2024 13:00
6015,117,369,5,9/7/2024 14:00
6016,116,135,8,9/7/2024 15:00
6017,105,425,10,9/7/2024 16:00
6018,3,54,7,9/7/2024 17:00
6019,46,65,17,9/7/2024 18:00
6020,55,2,7,9/7/2024 19:00
6021,75,132,19,9/7/2024 20:00
6022,192,334,9,9/7/2024 21:00
6023,45,32,2,9/7/2024 22:00
6024,154,356,19,9/7/2024 23:00
6025,77,386,6,9/8/2024 0:00
6026,193,360,10,9/8/2024 1:00
6027,24,498,13,9/8/2024 2:00
6028,35,243,2,9/8/2024 3:00
6029,24,192,10,9/8/2024 4:00
6030,28,142,10,9/8/2024 5:00
6031,16,148,5,9/8/2024 6:00
6032,59,89,4,9/8/2024 7:00
6033,182,490,2,9/8/2024 8:00
6034,144,49,7,9/8/2024 9:00
6035,15,136,18,9/8/2024 10:00
6036,11,476,17,9/8/2024 11:00
6037,193,191,11,9/8/2024 12:00
6038,79,430,18,9/8/2024 13:00
6039,115,149,8,9/8/2024 14:00
6040,68,87,12,9/8/2024 15:00
6041,43,416,1,9/8/2024 16:00
6042,69,8,12,9/8/2024 17:00
6043,141,223,6,9/8/2024 18:00
6044,138,357,3,9/8/2024 19:00
6045,75,16,5,9/8/2024 20:00
6046,103,296,14,9/8/2024 21:00
6047,41,106,12,9/8/2024 22:00
6048,178,283,13,9/8/2024 23:00
6049,199,104,13,9/9/2024 0:00
6050,59,361,17,9/9/2024 1:00
6051,39,146,15,9/9/2024 2:00
6052,3,35,6,9/9/2024 3:00
6053,7,113,12,9/9/2024 4:00
6054,49,308,2,9/9/2024 5:00
6055,26,399,4,9/9/2024 6:00
6056,161,447,12,9/9/2024 7:00
6057,101,53,3,9/9/2024 8:00
6058,176,347,17,9/9/2024 9:00
6059,79,81,6,9/9/2024 10:00
6060,2,104,17,9/9/2024 11:00
6061,127,322,17,9/9/2024 12:00
6062,199,369,11,9/9/2024 13:00
6063,160,242,7,9/9/2024 14:00
6064,132,31,2,9/9/2024 15:00
6065,20,317,19,9/9/2024 16:00
6066,117,192,2,9/9/2024 17:00
6067,164,357,13,9/9/2024 18:00
6068,32,361,16,9/9/2024 19:00
6069,28,233,17,9/9/2024 20:00
6070,77,98,11,9/9/2024 21:00
6071,1,34,9,9/9/2024 22:00
6072,188,243,9,9/9/2024 23:00
6073,56,439,14,9/10/2024 0:00
6074,35,59,13,9/10/2024 1:00
6075,112,259,11,9/10/2024 2:00
6076,30,17,12,9/10/2024 3:00
6077,54,78,3,9/10/2024 4:00
6078,36,206,1,9/10/2024 5:00
6079,183,302,8,9/10/2024 6:00
6080,80,166,19,9/10/2024 7:00
6081,58,291,13,9/10/2024 8:00
6082,83,385,7,9/10/2024 9:00
6083,65,112,13,9/10/2024 10:00
6084,69,413,6,9/10/2024 11:00
6085,128,388,3,9/10/2024 12:00
6086,51,317,6,9/10/2024 13:00
6087,22,353,3,9/10/2024 14:00
6088,107,145,13,9/10/2024 15:00
6089,109,156,13,9/10/2024 16:00
6090,116,178,13,9/10/2024 17:00
6091,101,346,1,9/10/2024 18:00
6092,181,136,8,9/10/2024 19:00
6093,100,418,5,9/10/2024 20:00
6094,164,315,17,9/10/2024 21:00
6095,68,18,9,9/10/2024 22:00
6096,36,351,13,9/10/2024 23:00
6097,180,443,13,9/11/2024 0:00
6098,181,155,5,9/11/2024 1:00
6099,178,272,14,9/11/2024 2:00
6100,169,266,11,9/11/2024 3:00
6101,146,360,14,9/11/2024 4:00
6102,22,332,7,9/11/2024 5:00
6103,66,406,17,9/11/2024 6:00
6104,21,16,4,9/11/2024 7:00
6105,100,12,10,9/11/2024 8:00
6106,128,75,10,9/11/2024 9:00
6107,44,212,15,9/11/2024 10:00
6108,103,179,12,9/11/2024 11:00
6109,47,129,9,9/11/2024 12:00
6110,39,283,3,9/11/2024 13:00
6111,29,195,15,9/11/2024 14:00
6112,54,268,12,9/11/2024 15:00
6113,90,30,15,9/11/2024 16:00
6114,85,9,1,9/11/2024 17:00
6115,17,309,15,9/11/2024 18:00
6116,80,445,11,9/11/2024 19:00
6117,188,310,5,9/11/2024 20:00
6118,159,165,7,9/11/2024 21:00
6119,73,193,12,9/11/2024 22:00
6120,49,426,6,9/11/2024 23:00
6121,101,305,3,9/12/2024 0:00
6122,2,260,10,9/12/2024 1:00
6123,176,192,4,9/12/2024 2:00
6124,142,79,13,9/12/2024 3:00
6125,59,179,19,9/12/2024 4:00
6126,97,91,5,9/12/2024 5:00
6127,99,456,18,9/12/2024 6:00
6128,186,444,1,9/12/2024 7:00
6129,103,215,16,9/12/2024 8:00
6130,186,79,16,9/12/2024 9:00
6131,179,475,16,9/12/2024 10:00
6132,2,415,19,9/12/2024 11:00
6133,41,103,16,9/12/2024 12:00
6134,123,111,1,9/12/2024 13:00
6135,82,456,10,9/12/2024 14:00
6136,144,478,2,9/12/2024 15:00
6137,132,314,14,9/12/2024 16:00
6138,140,247,8,9/12/2024 17:00
6139,29,234,6,9/12/2024 18:00
6140,135,82,3,9/12/2024 19:00
6141,14,132,16,9/12/2024 20:00
6142,12,495,17,9/12/2024 21:00
6143,99,235,12,9/12/2024 22:00
6144,133,278,19,9/12/2024 23:00
6145,81,387,3,9/13/2024 0:00
6146,106,335,13,9/13/2024 1:00
6147,32,99,16,9/13/2024 2:00
6148,74,431,11,9/13/2024 3:00
6149,171,38,16,9/13/2024 4:00
6150,81,161,2,9/13/2024 5:00
6151,69,462,4,9/13/2024 6:00
6152,45,432,4,9/13/2024 7:00
6153,106,449,17,9/13/2024 8:00
6154,137,117,1,9/13/2024 9:00
6155,177,241,1,9/13/2024 10:00
6156,161,26,5,9/13/2024 11:00
6157,100,136,12,9/13/2024 12:00
6158,146,50,6,9/13/2024 13:00
6159,9,464,6,9/13/2024 14:00
6160,62,294,17,9/13/2024 15:00
6161,185,394,13,9/13/2024 16:00
6162,29,298,8,9/13/2024 17:00
6163,125,293,12,9/13/2024 18:00
6164,114,154,15,9/13/2024 19:00
6165,153,220,19,9/13/2024 20:00
6166,143,140,17,9/13/2024 21:00
6167,134,468,9,9/13/2024 22:00
6168,120,49,18,9/13/2024 23:00
6169,170,142,2,9/14/2024 0:00
6170,157,46,11,9/14/2024 1:00
6171,79,163,17,9/14/2024 2:00
6172,93,285,18,9/14/2024 3:00
6173,4,268,15,9/14/2024 4:00
6174,82,116,7,9/14/2024 5:00
6175,185,82,16,9/14/2024 6:00
6176,177,44,1,9/14/2024 7:00
6177,172,194,18,9/14/2024 8:00
6178,75,258,8,9/14/2024 9:00
6179,14,443,7,9/14/2024 10:00
6180,131,273,2,9/14/2024 11:00
6181,114,394,12,9/14/2024 12:00
6182,62,274,16,9/14/2024 13:00
6183,106,278,9,9/14/2024 14:00
6184,64,83,11,9/14/2024 15:00
6185,102,58,15,9/14/2024 16:00
6186,173,53,3,9/14/2024 17:00
6187,106,1,13,9/14/2024 18:00
6188,186,216,13,9/14/2024 19:00
6189,20,317,2,9/14/2024 20:00
6190,58,228,6,9/14/2024 21:00
6191,112,473,6,9/14/2024 22:00
6192,57,484,12,9/14/2024 23:00
6193,196,254,4,9/15/2024 0:00
6194,119,159,5,9/15/2024 1:00
6195,97,287,8,9/15/2024 2:00
6196,92,66,6,9/15/2024 3:00
6197,52,403,3,9/15/2024 4:00
6198,37,309,8,9/15/2024 5:00
6199,8,460,19,9/15/2024 6:00
6200,44,458,11,9/15/2024 7:00
6201,98,95,18,9/15/2024 8:00
6202,133,493,10,9/15/2024 9:00
6203,118,253,12,9/15/2024 10:00
6204,69,150,8,9/15/2024 11:00
6205,159,23,19,9/15/2024 12:00
6206,45,244,16,9/15/2024 13:00
6207,137,215,18,9/15/2024 14:00
6208,32,399,9,9/15/2024 15:00
6209,33,410,4,9/15/2024 16:00
6210,126,131,9,9/15/2024 17:00
6211,67,343,2,9/15/2024 18:00
6212,30,148,9,9/15/2024 19:00
6213,114,381,9,9/15/2024 20:00
6214,29,109,18,9/15/2024 21:00
6215,131,40,11,9/15/2024 22:00
6216,185,121,13,9/15/2024 23:00
6217,30,295,6,9/16/2024 0:00
6218,137,120,9,9/16/2024 1:00
6219,154,456,16,9/16/2024 2:00
6220,130,18,4,9/16/2024 3:00
6221,62,169,2,9/16/2024 4:00
6222,3,198,7,9/16/2024 5:00
6223,174,411,15,9/16/2024 6:00
6224,68,484,6,9/16/2024 7:00
6225,25,143,11,9/16/2024 8:00
6226,179,37,17,9/16/2024 9:00
6227,141,186,4,9/16/2024 10:00
6228,44,261,19,9/16/2024 11:00
6229,163,231,7,9/16/2024 12:00
6230,55,254,11,9/16/2024 13:00
6231,137,329,13,9/16/2024 14:00
6232,130,391,3,9/16/2024 15:00
6233,189,297,14,9/16/2024 16:00
6234,41,468,2,9/16/2024 17:00
6235,172,10,18,9/16/2024 18:00
6236,64,446,5,9/16/2024 19:00
6237,31,410,13,9/16/2024 20:00
6238,47,324,13,9/16/2024 21:00
6239,130,230,14,9/16/2024 22:00
6240,96,24,12,9/16/2024 23:00
6241,77,78,13,9/17/2024 0:00
6242,110,425,18,9/17/2024 1:00
6243,69,193,13,9/17/2024 2:00
6244,58,401,4,9/17/2024 3:00
6245,106,109,10,9/17/2024 4:00
6246,44,280,5,9/17/2024 5:00
6247,74,411,18,9/17/2024 6:00
6248,56,263,8,9/17/2024 7:00
6249,171,329,14,9/17/2024 8:00
6250,127,363,2,9/17/2024 9:00
6251,162,355,8,9/17/2024 10:00
6252,30,378,16,9/17/2024 11:00
6253,71,268,7,9/17/2024 12:00
6254,198,341,3,9/17/2024 13:00
6255,118,259,4,9/17/2024 14:00
6256,55,335,7,9/17/2024 15:00
6257,67,85,4,9/17/2024 16:00
6258,141,10,9,9/17/2024 17:00
6259,3,289,17,9/17/2024 18:00
6260,26,302,17,9/17/2024 19:00
6261,57,59,14,9/17/2024 20:00
6262,126,308,14,9/17/2024 21:00
6263,152,262,13,9/17/2024 22:00
6264,53,386,4,9/17/2024 23:00
6265,198,285,13,9/18/2024 0:00
6266,43,119,17,9/18/2024 1:00
6267,188,168,15,9/18/2024 2:00
6268,186,353,18,9/18/2024 3:00
6269,49,189,11,9/18/2024 4:00
6270,42,452,4,9/18/2024 5:00
6271,194,251,11,9/18/2024 6:00
6272,11,324,10,9/18/2024 7:00
6273,103,413,13,9/18/2024 8:00
6274,98,229,8,9/18/2024 9:00
6275,146,190,13,9/18/2024 10:00
6276,85,316,9,9/18/2024 11:00
6277,100,124,1,9/18/2024 12:00
6278,104,84,1,9/18/2024 13:00
6279,180,297,15,9/18/2024 14:00
6280,46,215,4,9/18/2024 15:00
6281,44,237,1,9/18/2024 16:00
6282,22,466,12,9/18/2024 17:00
6283,181,113,11,9/18/2024 18:00
6284,187,217,19,9/18/2024 19:00
6285,114,321,15,9/18/2024 20:00
6286,125,246,10,9/18/2024 21:00
6287,124,448,1,9/18/2024 22:00
6288,30,335,3,9/18/2024 23:00
6289,8,319,14,9/19/2024 0:00
6290,98,482,15,9/19/2024 1:00
6291,57,432,1,9/19/2024 2:00
6292,111,404,10,9/19/2024 3:00
6293,73,374,1,9/19/2024 4:00
6294,115,37,15,9/19/2024 5:00
6295,20,64,3,9/19/2024 6:00
6296,25,219,12,9/19/2024 7:00
6297,19,342,19,9/19/2024 8:00
6298,5,499,16,9/19/2024 9:00
6299,75,389,8,9/19/2024 10:00
6300,128,34,14,9/19/2024 11:00
6301,72,39,18,9/19/2024 12:00
6302,155,67,1,9/19/2024 13:00
6303,40,209,2,9/19/2024 14:00
6304,26,318,12,9/19/2024 15:00
6305,27,344,17,9/19/2024 16:00
6306,190,152,2,9/19/2024 17:00
6307,83,387,17,9/19/2024 18:00
6308,128,365,7,9/19/2024 19:00
6309,178,199,6,9/19/2024 20:00
6310,170,89,6,9/19/2024 21:00
6311,157,248,8,9/19/2024 22:00
6312,167,323,5,9/19/2024 23:00
6313,188,79,15,9/20/2024 0:00
6314,169,477,7,9/20/2024 1:00
6315,33,434,3,9/20/2024 2:00
6316,97,285,10,9/20/2024 3:00
6317,111,330,3,9/20/2024 4:00
6318,16,32,14,9/20/2024 5:00
6319,23,87,3,9/20/2024 6:00
6320,135,39,1,9/20/2024 7:00
6321,26,393,1,9/20/2024 8:00
6322,96,101,19,9/20/2024 9:00
6323,12,244,4,9/20/2024 10:00
6324,72,232,2,9/20/2024 11:00
6325,133,398,11,9/20/2024 12:00
6326,106,68,12,9/20/2024 13:00
6327,117,192,13,9/20/2024 14:00
6328,197,404,16,9/20/2024 15:00
6329,177,28,16,9/20/2024 16:00
6330,26,270,19,9/20/2024 17:00
6331,133,428,9,9/20/2024 18:00
6332,22,226,16,9/20/2024 19:00
6333,13,77,7,9/20/2024 20:00
6334,156,223,13,9/20/2024 21:00
6335,161,481,4,9/20/2024 22:00
6336,107,372,13,9/20/2024 23:00
6337,23,167,8,9/21/2024 0:00
6338,97,284,2,9/21/2024 1:00
6339,18,192,7,9/21/2024 2:00
6340,117,89,11,9/21/2024 3:00
6341,30,32,17,9/21/2024 4:00
6342,26,137,14,9/21/2024 5:00
6343,144,156,13,9/21/2024 6:00
6344,39,250,15,9/21/2024 7:00
6345,161,95,9,9/21/2024 8:00
6346,154,17,3,9/21/2024 9:00
6347,176,117,13,9/21/2024 10:00
6348,193,471,13,9/21/2024 11:00
6349,166,333,9,9/21/2024 12:00
6350,130,311,18,9/21/2024 13:00
6351,113,10,5,9/21/2024 14:00
6352,134,80,11,9/21/2024 15:00
6353,46,134,2,9/21/2024 16:00
6354,50,432,17,9/21/2024 17:00
6355,166,203,4,9/21/2024 18:00
6356,106,116,18,9/21/2024 19:00
6357,146,451,8,9/21/2024 20:00
6358,155,220,19,9/21/2024 21:00
6359,169,253,12,9/21/2024 22:00
6360,72,169,11,9/21/2024 23:00
6361,74,335,16,9/22/2024 0:00
6362,17,316,5,9/22/2024 1:00
6363,190,205,3,9/22/2024 2:00
6364,157,298,12,9/22/2024 3:00
6365,186,372,15,9/22/2024 4:00
6366,70,248,16,9/22/2024 5:00
6367,150,365,13,9/22/2024 6:00
6368,6,465,7,9/22/2024 7:00
6369,26,71,15,9/22/2024 8:00
6370,167,156,3,9/22/2024 9:00
6371,140,102,12,9/22/2024 10:00
6372,99,13,8,9/22/2024 11:00
6373,142,465,12,9/22/2024 12:00
6374,22,271,18,9/22/2024 13:00
6375,51,292,3,9/22/2024 14:00
6376,151,220,12,9/22/2024 15:00
6377,176,15,2,9/22/2024 16:00
6378,199,238,14,9/22/2024 17:00
6379,104,117,14,9/22/2024 18:00
6380,178,331,4,9/22/2024 19:00
6381,89,56,17,9/22/2024 20:00
6382,141,351,15,9/22/2024 21:00
6383,138,132,16,9/22/2024 22:00
6384,183,483,5,9/22/2024 23:00
6385,9,226,17,9/23/2024 0:00
6386,79,308,7,9/23/2024 1:00
6387,52,475,15,9/23/2024 2:00
6388,130,394,17,9/23/2024 3:00
6389,153,222,12,9/23/2024 4:00
6390,13,173,11,9/23/2024 5:00
6391,51,340,19,9/23/2024 6:00
6392,186,285,11,9/23/2024 7:00
6393,34,309,2,9/23/2024 8:00
6394,35,157,15,9/23/2024 9:00
6395,131,151,5,9/23/2024 10:00
6396,120,185,18,9/23/2024 11:00
6397,187,178,16,9/23/2024 12:00
6398,70,21,4,9/23/2024 13:00
6399,176,112,10,9/23/2024 14:00
6400,192,171,2,9/23/2024 15:00
6401,147,138,15,9/23/2024 16:00
6402,67,233,4,9/23/2024 17:00
6403,103,332,16,9/23/2024 18:00
6404,73,30,7,9/23/2024 19:00
6405,116,381,12,9/23/2024 20:00
6406,133,307,3,9/23/2024 21:00
6407,67,161,17,9/23/2024 22:00
6408,139,402,9,9/23/2024 23:00
6409,121,78,8,9/24/2024 0:00
6410,94,278,6,9/24/2024 1:00
6411,196,320,15,9/24/2024 2:00
6412,197,21,10,9/24/2024 3:00
6413,129,385,6,9/24/2024 4:00
6414,91,497,15,9/24/2024 5:00
6415,92,363,14,9/24/2024 6:00
6416,63,372,19,9/24/2024 7:00
6417,29,380,13,9/24/2024 8:00
6418,12,143,14,9/24/2024 9:00
6419,77,36,3,9/24/2024 10:00
6420,41,303,4,9/24/2024 11:00
6421,130,438,14,9/24/2024 12:00
6422,37,214,14,9/24/2024 13:00
6423,173,32,8,9/24/2024 14:00
6424,176,186,10,9/24/2024 15:00
6425,24,174,9,9/24/2024 16:00
6426,99,54,14,9/24/2024 17:00
6427,150,161,8,9/24/2024 18:00
6428,100,250,11,9/24/2024 19:00
6429,139,489,10,9/24/2024 20:00
6430,58,251,18,9/24/2024 21:00
6431,174,423,4,9/24/2024 22:00
6432,29,279,4,9/24/2024 23:00
6433,163,171,12,9/25/2024 0:00
6434,143,183,18,9/25/2024 1:00
6435,60,2,8,9/25/2024 2:00
6436,95,194,3,9/25/2024 3:00
6437,42,166,18,9/25/2024 4:00
6438,43,247,7,9/25/2024 5:00
6439,74,499,1,9/25/2024 6:00
6440,177,413,13,9/25/2024 7:00
6441,192,244,3,9/25/2024 8:00
6442,160,110,3,9/25/2024 9:00
6443,64,380,15,9/25/2024 10:00
6444,2,323,19,9/25/2024 11:00
6445,152,487,4,9/25/2024 12:00
6446,66,71,13,9/25/2024 13:00
6447,166,164,13,9/25/2024 14:00
6448,31,285,15,9/25/2024 15:00
6449,115,375,19,9/25/2024 16:00
6450,26,421,16,9/25/2024 17:00
6451,29,113,7,9/25/2024 18:00
6452,195,228,3,9/25/2024 19:00
6453,78,471,2,9/25/2024 20:00
6454,25,301,18,9/25/2024 21:00
6455,48,16,11,9/25/2024 22:00
6456,65,496,1,9/25/2024 23:00
6457,181,31,16,9/26/2024 0:00
6458,67,162,17,9/26/2024 1:00
6459,90,306,16,9/26/2024 2:00
6460,146,193,10,9/26/2024 3:00
6461,137,210,17,9/26/2024 4:00
6462,38,378,3,9/26/2024 5:00
6463,87,446,18,9/26/2024 6:00
6464,149,232,19,9/26/2024 7:00
6465,65,427,14,9/26/2024 8:00
6466,149,184,2,9/26/2024 9:00
6467,27,15,12,9/26/2024 10:00
6468,106,432,11,9/26/2024 11:00
6469,123,305,17,9/26/2024 12:00
6470,198,209,6,9/26/2024 13:00
6471,44,172,19,9/26/2024 14:00
6472,100,266,13,9/26/2024 15:00
6473,28,20,7,9/26/2024 16:00
6474,173,70,11,9/26/2024 17:00
6475,17,8,7,9/26/2024 18:00
6476,127,429,13,9/26/2024 19:00
6477,123,34,13,9/26/2024 20:00
6478,168,224,1,9/26/2024 21:00
6479,131,179,19,9/26/2024 22:00
6480,76,246,19,9/26/2024 23:00
6481,194,490,15,9/27/2024 0:00
6482,46,260,14,9/27/2024 1:00
6483,158,108,3,9/27/2024 2:00
6484,69,242,4,9/27/2024 3:00
6485,137,423,7,9/27/2024 4:00
6486,85,468,1,9/27/2024 5:00
6487,11,24,19,9/27/2024 6:00
6488,69,216,3,9/27/2024 7:00
6489,99,55,15,9/27/2024 8:00
6490,91,26,13,9/27/2024 9:00
6491,194,281,14,9/27/2024 10:00
6492,159,292,7,9/27/2024 11:00
6493,161,327,1,9/27/2024 12:00
6494,167,458,13,9/27/2024 13:00
6495,94,186,4,9/27/2024 14:00
6496,174,495,12,9/27/2024 15:00
6497,165,12,7,9/27/2024 16:00
6498,115,129,2,9/27/2024 17:00
6499,188,372,17,9/27/2024 18:00
6500,31,434,1,9/27/2024 19:00
6501,11,409,14,9/27/2024 20:00
6502,87,208,1,9/27/2024 21:00
6503,121,133,3,9/27/2024 22:00
6504,130,339,11,9/27/2024 23:00
6505,105,196,7,9/28/2024 0:00
6506,27,262,9,9/28/2024 1:00
6507,2,282,3,9/28/2024 2:00
6508,103,369,1,9/28/2024 3:00
6509,101,103,19,9/28/2024 4:00
6510,21,120,2,9/28/2024 5:00
6511,58,183,5,9/28/2024 6:00
6512,133,423,17,9/28/2024 7:00
6513,180,9,19,9/28/2024 8:00
6514,173,45,5,9/28/2024 9:00
6515,85,244,14,9/28/2024 10:00
6516,93,270,10,9/28/2024 11:00
6517,20,112,7,9/28/2024 12:00
6518,61,55,8,9/28/2024 13:00
6519,38,393,8,9/28/2024 14:00
6520,148,15,7,9/28/2024 15:00
6521,25,37,13,9/28/2024 16:00
6522,130,178,14,9/28/2024 17:00
6523,121,127,19,9/28/2024 18:00
6524,160,117,11,9/28/2024 19:00
6525,26,340,2,9/28/2024 20:00
6526,198,72,17,9/28/2024 21:00
6527,169,352,6,9/28/2024 22:00
6528,67,111,9,9/28/2024 23:00
6529,1,149,19,9/29/2024 0:00
6530,51,185,5,9/29/2024 1:00
6531,5,105,9,9/29/2024 2:00
6532,13,147,7,9/29/2024 3:00
6533,147,221,4,9/29/2024 4:00
6534,140,314,18,9/29/2024 5:00
6535,48,351,18,9/29/2024 6:00
6536,153,374,17,9/29/2024 7:00
6537,57,6,4,9/29/2024 8:00
6538,115,260,16,9/29/2024 9:00
6539,35,299,5,9/29/2024 10:00
6540,76,349,9,9/29/2024 11:00
6541,94,42,2,9/29/2024 12:00
6542,5,259,2,9/29/2024 13:00
6543,22,385,4,9/29/2024 14:00
6544,103,492,17,9/29/2024 15:00
6545,185,439,19,9/29/2024 16:00
6546,175,271,3,9/29/2024 17:00
6547,182,47,5,9/29/2024 18:00
6548,131,85,10,9/29/2024 19:00
6549,124,174,6,9/29/2024 20:00
6550,53,58,3,9/29/2024 21:00
6551,159,479,17,9/29/2024 22:00
6552,69,199,10,9/29/2024 23:00
6553,104,209,12,9/30/2024 0:00
6554,161,248,1,9/30/2024 1:00
6555,200,211,18,9/30/2024 2:00
6556,178,39,19,9/30/2024 3:00
6557,16,252,4,9/30/2024 4:00
6558,116,131,15,9/30/2024 5:00
6559,76,414,9,9/30/2024 6:00
6560,109,291,6,9/30/2024 7:00
6561,39,250,12,9/30/2024 8:00
6562,89,441,18,9/30/2024 9:00
6563,174,413,15,9/30/2024 10:00
6564,112,434,19,9/30/2024 11:00
6565,47,446,9,9/30/2024 12:00
6566,172,52,13,9/30/2024 13:00
6567,137,374,16,9/30/2024 14:00
6568,128,14,13,9/30/2024 15:00
6569,178,419,1,9/30/2024 16:00
6570,77,156,18,9/30/2024 17:00
6571,188,442,3,9/30/2024 18:00
6572,15,30,17,9/30/2024 19:00
6573,36,90,5,9/30/2024 20:00
6574,63,391,6,9/30/2024 21:00
6575,69,167,17,9/30/2024 22:00
6576,169,351,17,9/30/2024 23:00
6577,74,69,1,10/1/2024 0:00
6578,24,163,7,10/1/2024 1:00
6579,49,242,16,10/1/2024 2:00
6580,146,495,5,10/1/2024 3:00
6581,7,383,16,10/1/2024 4:00
6582,4,52,4,10/1/2024 5:00
6583,90,142,11,10/1/2024 6:00
6584,197,63,14,10/1/2024 7:00
6585,60,292,13,10/1/2024 8:00
6586,55,91,8,10/1/2024 9:00
6587,16,152,15,10/1/2024 10:00
6588,29,424,18,10/1/2024 11:00
6589,151,157,7,10/1/2024 12:00
6590,14,309,19,10/1/2024 13:00
6591,79,365,9,10/1/2024 14:00
6592,177,150,11,10/1/2024 15:00
6593,33,328,10,10/1/2024 16:00
6594,153,271,14,10/1/2024 17:00
6595,21,369,16,10/1/2024 18:00
6596,145,69,8,10/1/2024 19:00
6597,23,116,1,10/1/2024 20:00
6598,57,192,12,10/1/2024 21:00
6599,186,4,3,10/1/2024 22:00
6600,142,75,2,10/1/2024 23:00
6601,93,402,16,10/2/2024 0:00
6602,20,298,4,10/2/2024 1:00
6603,158,241,2,10/2/2024 2:00
6604,19,30,12,10/2/2024 3:00
6605,181,143,17,10/2/2024 4:00
6606,103,326,10,10/2/2024 5:00
6607,184,183,8,10/2/2024 6:00
6608,77,437,18,10/2/2024 7:00
6609,151,16,18,10/2/2024 8:00
6610,190,111,18,10/2/2024 9:00
6611,33,360,2,10/2/2024 10:00
6612,18,201,12,10/2/2024 11:00
6613,73,107,10,10/2/2024 12:00
6614,161,379,8,10/2/2024 13:00
6615,160,162,19,10/2/2024 14:00
6616,189,283,10,10/2/2024 15:00
6617,182,269,11,10/2/2024 16:00
6618,17,484,14,10/2/2024 17:00
6619,19,155,15,10/2/2024 18:00
6620,70,73,10,10/2/2024 19:00
6621,120,197,4,10/2/2024 20:00
6622,101,243,7,10/2/2024 21:00
6623,34,86,11,10/2/2024 22:00
6624,84,287,3,10/2/2024 23:00
6625,153,259,5,10/3/2024 0:00
6626,196,286,2,10/3/2024 1:00
6627,74,149,12,10/3/2024 2:00
6628,88,355,5,10/3/2024 3:00
6629,85,390,7,10/3/2024 4:00
6630,11,476,4,10/3/2024 5:00
6631,91,416,11,10/3/2024 6:00
6632,144,426,9,10/3/2024 7:00
6633,189,485,4,10/3/2024 8:00
6634,127,190,9,10/3/2024 9:00
6635,113,217,12,10/3/2024 10:00
6636,80,416,16,10/3/2024 11:00
6637,7,355,1,10/3/2024 12:00
6638,16,86,8,10/3/2024 13:00
6639,16,216,1,10/3/2024 14:00
6640,168,423,19,10/3/2024 15:00
6641,12,320,4,10/3/2024 16:00
6642,35,118,14,10/3/2024 17:00
6643,21,414,14,10/3/2024 18:00
6644,178,447,9,10/3/2024 19:00
6645,171,370,9,10/3/2024 20:00
6646,17,480,17,10/3/2024 21:00
6647,32,415,15,10/3/2024 22:00
6648,41,87,10,10/3/2024 23:00
6649,134,40,17,10/4/2024 0:00
6650,27,161,9,10/4/2024 1:00
6651,148,191,4,10/4/2024 2:00
6652,153,25,14,10/4/2024 3:00
6653,66,420,3,10/4/2024 4:00
6654,137,152,12,10/4/2024 5:00
6655,92,95,1,10/4/2024 6:00
6656,181,442,1,10/4/2024 7:00
6657,61,423,13,10/4/2024 8:00
6658,166,46,14,10/4/2024 9:00
6659,3,461,16,10/4/2024 10:00
6660,198,138,7,10/4/2024 11:00
6661,103,471,10,10/4/2024 12:00
6662,55,466,15,10/4/2024 13:00
6663,1,288,8,10/4/2024 14:00
6664,101,353,11,10/4/2024 15:00
6665,198,164,14,10/4/2024 16:00
6666,45,412,13,10/4/2024 17:00
6667,175,400,13,10/4/2024 18:00
6668,26,16,9,10/4/2024 19:00
6669,121,18,17,10/4/2024 20:00
6670,142,136,18,10/4/2024 21:00
6671,182,490,19,10/4/2024 22:00
6672,199,464,13,10/4/2024 23:00
6673,46,247,12,10/5/2024 0:00
6674,122,248,8,10/5/2024 1:00
6675,31,331,11,10/5/2024 2:00
6676,59,198,7,10/5/2024 3:00
6677,29,1,1,10/5/2024 4:00
6678,106,190,10,10/5/2024 5:00
6679,17,381,15,10/5/2024 6:00
6680,142,460,4,10/5/2024 7:00
6681,164,294,1,10/5/2024 8:00
6682,186,476,11,10/5/2024 9:00
6683,24,45,5,10/5/2024 10:00
6684,109,442,19,10/5/2024 11:00
6685,191,337,19,10/5/2024 12:00
6686,91,385,4,10/5/2024 13:00
6687,25,32,2,10/5/2024 14:00
6688,187,392,7,10/5/2024 15:00
6689,32,118,13,10/5/2024 16:00
6690,116,296,12,10/5/2024 17:00
6691,82,184,2,10/5/2024 18:00
6692,110,191,9,10/5/2024 19:00
6693,146,235,16,10/5/2024 20:00
6694,37,238,8,10/5/2024 21:00
6695,26,216,18,10/5/2024 22:00
6696,137,74,4,10/5/2024 23:00
6697,64,111,11,10/6/2024 0:00
6698,72,103,17,10/6/2024 1:00
6699,148,359,8,10/6/2024 2:00
6700,182,74,19,10/6/2024 3:00
6701,106,420,8,10/6/2024 4:00
6702,86,473,6,10/6/2024 5:00
6703,158,252,2,10/6/2024 6:00
6704,53,114,15,10/6/2024 7:00
6705,92,379,1,10/6/2024 8:00
6706,99,313,6,10/6/2024 9:00
6707,191,330,19,10/6/2024 10:00
6708,11,339,4,10/6/2024 11:00
6709,31,238,13,10/6/2024 12:00
6710,177,173,15,10/6/2024 13:00
6711,100,79,9,10/6/2024 14:00
6712,87,464,3,10/6/2024 15:00
6713,147,386,2,10/6/2024 16:00
6714,140,93,16,10/6/2024 17:00
6715,15,452,18,10/6/2024 18:00
6716,159,50,18,10/6/2024 19:00
6717,171,285,6,10/6/2024 20:00
6718,101,223,18,10/6/2024 21:00
6719,165,81,11,10/6/2024 22:00
6720,29,266,7,10/6/2024 23:00
6721,114,155,14,10/7/2024 0:00
6722,107,373,18,10/7/2024 1:00
6723,154,233,7,10/7/2024 2:00
6724,108,399,10,10/7/2024 3:00
6725,130,316,8,10/7/2024 4:00
6726,84,236,14,10/7/2024 5:00
6727,15,159,18,10/7/2024 6:00
6728,132,405,5,10/7/2024 7:00
6729,50,316,14,10/7/2024 8:00
6730,166,251,10,10/7/2024 9:00
6731,23,314,15,10/7/2024 10:00
6732,59,425,6,10/7/2024 11:00
6733,90,430,9,10/7/2024 12:00
6734,115,301,10,10/7/2024 13:00
6735,75,380,17,10/7/2024 14:00
6736,156,282,1,10/7/2024 15:00
6737,194,102,14,10/7/2024 16:00
6738,123,51,4,10/7/2024 17:00
6739,136,420,2,10/7/2024 18:00
6740,157,52,3,10/7/2024 19:00
6741,139,209,7,10/7/2024 20:00
6742,18,307,14,10/7/2024 21:00
6743,183,131,12,10/7/2024 22:00
6744,50,270,19,10/7/2024 23:00
6745,142,433,18,10/8/2024 0:00
6746,118,205,15,10/8/2024 1:00
6747,137,489,1,10/8/2024 2:00
6748,139,219,3,10/8/2024 3:00
6749,191,257,15,10/8/2024 4:00
6750,108,185,4,10/8/2024 5:00
6751,67,145,15,10/8/2024 6:00
6752,181,496,10,10/8/2024 7:00
6753,167,178,6,10/8/2024 8:00
6754,78,482,13,10/8/2024 9:00
6755,184,14,7,10/8/2024 10:00
6756,156,246,1,10/8/2024 11:00
6757,75,187,11,10/8/2024 12:00
6758,39,337,14,10/8/2024 13:00
6759,25,259,6,10/8/2024 14:00
6760,21,354,5,10/8/2024 15:00
6761,138,40,19,10/8/2024 16:00
6762,171,89,19,10/8/2024 17:00
6763,15,125,13,10/8/2024 18:00
6764,48,450,7,10/8/2024 19:00
6765,86,418,8,10/8/2024 20:00
6766,149,474,14,10/8/2024 21:00
6767,188,351,19,10/8/2024 22:00
6768,116,9,19,10/8/2024 23:00
6769,50,350,12,10/9/2024 0:00
6770,151,84,9,10/9/2024 1:00
6771,141,21,14,10/9/2024 2:00
6772,69,477,6,10/9/2024 3:00
6773,4,281,15,10/9/2024 4:00
6774,78,358,13,10/9/2024 5:00
6775,200,378,7,10/9/2024 6:00
6776,9,172,11,10/9/2024 7:00
6777,121,25,10,10/9/2024 8:00
6778,115,393,1,10/9/2024 9:00
6779,163,103,7,10/9/2024 10:00
6780,101,190,18,10/9/2024 11:00
6781,149,236,3,10/9/2024 12:00
6782,186,410,9,10/9/2024 13:00
6783,146,313,5,10/9/2024 14:00
6784,97,37,13,10/9/2024 15:00
6785,200,272,16,10/9/2024 16:00
6786,81,293,16,10/9/2024 17:00
6787,43,332,12,10/9/2024 18:00
6788,95,152,18,10/9/2024 19:00
6789,6,282,11,10/9/2024 20:00
6790,67,20,17,10/9/2024 21:00
6791,140,137,7,10/9/2024 22:00
6792,100,471,15,10/9/2024 23:00
6793,12,359,6,10/10/2024 0:00
6794,66,29,6,10/10/2024 1:00
6795,2,31,18,10/10/2024 2:00
6796,143,19,19,10/10/2024 3:00
6797,151,148,19,10/10/2024 4:00
6798,157,471,2,10/10/2024 5:00
6799,81,491,3,10/10/2024 6:00
6800,135,283,14,10/10/2024 7:00
6801,156,350,4,10/10/2024 8:00
6802,142,341,17,10/10/2024 9:00
6803,172,300,6,10/10/2024 10:00
6804,158,163,19,10/10/2024 11:00
6805,160,113,9,10/10/2024 12:00
6806,70,455,4,10/10/2024 13:00
6807,115,150,7,10/10/2024 14:00
6808,88,330,4,10/10/2024 15:00
6809,6,255,11,10/10/2024 16:00
6810,27,87,2,10/10/2024 17:00
6811,82,399,10,10/10/2024 18:00
6812,88,350,6,10/10/2024 19:00
6813,120,98,8,10/10/2024 20:00
6814,24,397,15,10/10/2024 21:00
6815,102,132,13,10/10/2024 22:00
6816,34,466,2,10/10/2024 23:00
6817,168,312,1,10/11/2024 0:00
6818,47,407,15,10/11/2024 1:00
6819,24,97,7,10/11/2024 2:00
6820,65,98,18,10/11/2024 3:00
6821,18,290,10,10/11/2024 4:00
6822,44,356,15,10/11/2024 5:00
6823,76,227,5,10/11/2024 6:00
6824,57,145,11,10/11/2024 7:00
6825,107,156,8,10/11/2024 8:00
6826,156,270,8,10/11/2024 9:00
6827,124,162,6,10/11/2024 10:00
6828,199,112,15,10/11/2024 11:00
6829,151,331,15,10/11/2024 12:00
6830,162,185,5,10/11/2024 13:00
6831,139,205,13,10/11/2024 14:00
6832,163,97,14,10/11/2024 15:00
6833,116,377,11,10/11/2024 16:00
6834,93,55,12,10/11/2024 17:00
6835,42,450,1,10/11/2024 18:00
6836,28,482,3,10/11/2024 19:00
6837,123,117,8,10/11/2024 20:00
6838,24,93,12,10/11/2024 21:00
6839,136,293,15,10/11/2024 22:00
6840,106,452,3,10/11/2024 23:00
6841,118,204,8,10/12/2024 0:00
6842,53,282,19,10/12/2024 1:00
6843,200,189,6,10/12/2024 2:00
6844,132,476,18,10/12/2024 3:00
6845,100,323,11,10/12/2024 4:00
6846,5,84,12,10/12/2024 5:00
6847,49,458,2,10/12/2024 6:00
6848,98,180,5,10/12/2024 7:00
6849,30,274,4,10/12/2024 8:00
6850,72,181,9,10/12/2024 9:00
6851,103,447,13,10/12/2024 10:00
6852,63,181,13,10/12/2024 11:00
6853,175,283,15,10/12/2024 12:00
6854,26,287,2,10/12/2024 13:00
6855,185,475,13,10/12/2024 14:00
6856,37,106,7,10/12/2024 15:00
6857,7,129,17,10/12/2024 16:00
6858,127,262,8,10/12/2024 17:00
6859,168,11,18,10/12/2024 18:00
6860,92,162,15,10/12/2024 19:00
6861,167,487,15,10/12/2024 20:00
6862,190,468,5,10/12/2024 21:00
6863,103,447,2,10/12/2024 22:00
6864,53,181,16,10/12/2024 23:00
6865,132,213,5,10/13/2024 0:00
6866,108,469,6,10/13/2024 1:00
6867,112,274,12,10/13/2024 2:00
6868,153,21,5,10/13/2024 3:00
6869,7,275,8,10/13/2024 4:00
6870,156,260,11,10/13/2024 5:00
6871,197,333,14,10/13/2024 6:00
6872,67,466,17,10/13/2024 7:00
6873,108,116,10,10/13/2024 8:00
6874,111,413,2,10/13/2024 9:00
6875,148,25,3,10/13/2024 10:00
6876,83,440,13,10/13/2024 11:00
6877,124,333,17,10/13/2024 12:00
6878,139,254,3,10/13/2024 13:00
6879,104,447,10,10/13/2024 14:00
6880,67,411,8,10/13/2024 15:00
6881,7,444,4,10/13/2024 16:00
6882,151,211,13,10/13/2024 17:00
6883,189,305,7,10/13/2024 18:00
6884,199,321,7,10/13/2024 19:00
6885,110,422,16,10/13/2024 20:00
6886,34,339,5,10/13/2024 21:00
6887,106,436,17,10/13/2024 22:00
6888,147,257,10,10/13/2024 23:00
6889,58,168,4,10/14/2024 0:00
6890,9,337,14,10/14/2024 1:00
6891,48,21,5,10/14/2024 2:00
6892,115,86,2,10/14/2024 3:00
6893,41,15,14,10/14/2024 4:00
6894,48,50,18,10/14/2024 5:00
6895,173,487,11,10/14/2024 6:00
6896,25,304,16,10/14/2024 7:00
6897,116,487,18,10/14/2024 8:00
6898,78,416,16,10/14/2024 9:00
6899,108,305,4,10/14/2024 10:00
6900,25,196,1,10/14/2024 11:00
6901,147,364,14,10/14/2024 12:00
6902,39,301,12,10/14/2024 13:00
6903,119,288,10,10/14/2024 14:00
6904,79,388,19,10/14/2024 15:00
6905,80,245,4,10/14/2024 16:00
6906,27,449,3,10/14/2024 17:00
6907,104,353,4,10/14/2024 18:00
6908,74,455,15,10/14/2024 19:00
6909,191,201,11,10/14/2024 20:00
6910,68,193,16,10/14/2024 21:00
6911,147,336,4,10/14/2024 22:00
6912,28,146,6,10/14/2024 23:00
6913,123,310,8,10/15/2024 0:00
6914,161,127,13,10/15/2024 1:00
6915,138,175,4,10/15/2024 2:00
6916,83,134,5,10/15/2024 3:00
6917,30,66,10,10/15/2024 4:00
6918,22,393,5,10/15/2024 5:00
6919,3,452,12,10/15/2024 6:00
6920,101,365,1,10/15/2024 7:00
6921,105,279,10,10/15/2024 8:00
6922,176,246,5,10/15/2024 9:00
6923,2,363,19,10/15/2024 10:00
6924,54,237,19,10/15/2024 11:00
6925,6,171,12,10/15/2024 12:00
6926,107,51,16,10/15/2024 13:00
6927,168,328,5,10/15/2024 14:00
6928,123,359,17,10/15/2024 15:00
6929,2,153,14,10/15/2024 16:00
6930,111,80,12,10/15/2024 17:00
6931,2,419,13,10/15/2024 18:00
6932,93,145,14,10/15/2024 19:00
6933,183,274,5,10/15/2024 20:00
6934,200,155,5,10/15/2024 21:00
6935,101,399,18,10/15/2024 22:00
6936,188,337,14,10/15/2024 23:00
6937,97,363,18,10/16/2024 0:00
6938,111,325,1,10/16/2024 1:00
6939,6,336,7,10/16/2024 2:00
6940,127,143,17,10/16/2024 3:00
6941,104,298,3,10/16/2024 4:00
6942,147,494,10,10/16/2024 5:00
6943,155,34,7,10/16/2024 6:00
6944,1,304,12,10/16/2024 7:00
6945,33,467,15,10/16/2024 8:00
6946,40,392,16,10/16/2024 9:00
6947,32,239,8,10/16/2024 10:00
6948,197,138,6,10/16/2024 11:00
6949,17,254,4,10/16/2024 12:00
6950,126,5,11,10/16/2024 13:00
6951,8,372,17,10/16/2024 14:00
6952,57,176,2,10/16/2024 15:00
6953,42,373,6,10/16/2024 16:00
6954,98,410,4,10/16/2024 17:00
6955,137,214,3,10/16/2024 18:00
6956,120,364,7,10/16/2024 19:00
6957,87,23,7,10/16/2024 20:00
6958,163,318,16,10/16/2024 21:00
6959,199,13,2,10/16/2024 22:00
6960,181,393,8,10/16/2024 23:00
6961,54,241,15,10/17/2024 0:00
6962,84,276,16,10/17/2024 1:00
6963,25,92,1,10/17/2024 2:00
6964,67,108,10,10/17/2024 3:00
6965,190,441,7,10/17/2024 4:00
6966,183,229,16,10/17/2024 5:00
6967,174,152,10,10/17/2024 6:00
6968,152,108,12,10/17/2024 7:00
6969,46,289,17,10/17/2024 8:00
6970,22,404,13,10/17/2024 9:00
6971,139,444,12,10/17/2024 10:00
6972,176,176,15,10/17/2024 11:00
6973,8,320,14,10/17/2024 12:00
6974,39,286,19,10/17/2024 13:00
6975,163,364,19,10/17/2024 14:00
6976,49,329,14,10/17/2024 15:00
6977,46,365,18,10/17/2024 16:00
6978,38,241,5,10/17/2024 17:00
6979,136,145,6,10/17/2024 18:00
6980,54,356,18,10/17/2024 19:00
6981,165,14,14,10/17/2024 20:00
6982,92,275,4,10/17/2024 21:00
6983,40,71,1,10/17/2024 22:00
6984,34,315,13,10/17/2024 23:00
6985,96,195,11,10/18/2024 0:00
6986,79,353,3,10/18/2024 1:00
6987,127,300,17,10/18/2024 2:00
6988,17,416,18,10/18/2024 3:00
6989,161,367,10,10/18/2024 4:00
6990,175,11,16,10/18/2024 5:00
6991,110,106,13,10/18/2024 6:00
6992,52,258,12,10/18/2024 7:00
6993,118,474,4,10/18/2024 8:00
6994,9,381,8,10/18/2024 9:00
6995,33,196,12,10/18/2024 10:00
6996,188,145,19,10/18/2024 11:00
6997,113,465,15,10/18/2024 12:00
6998,149,220,16,10/18/2024 13:00
6999,186,350,12,10/18/2024 14:00
7000,85,424,18,10/18/2024 15:00
7001,197,471,12,10/18/2024 16:00
7002,10,174,16,10/18/2024 17:00
7003,6,216,11,10/18/2024 18:00
7004,115,93,14,10/18/2024 19:00
7005,121,260,2,10/18/2024 20:00
7006,141,422,13,10/18/2024 21:00
7007,65,63,14,10/18/2024 22:00
7008,20,29,6,10/18/2024 23:00
7009,57,275,12,10/19/2024 0:00
7010,46,347,7,10/19/2024 1:00
7011,136,285,4,10/19/2024 2:00
7012,10,484,7,10/19/2024 3:00
7013,113,419,13,10/19/2024 4:00
7014,195,372,11,10/19/2024 5:00
7015,139,70,8,10/19/2024 6:00
7016,12,379,19,10/19/2024 7:00
7017,138,279,2,10/19/2024 8:00
7018,153,231,18,10/19/2024 9:00
7019,177,302,10,10/19/2024 10:00
7020,177,255,6,10/19/2024 11:00
7021,11,172,4,10/19/2024 12:00
7022,190,432,19,10/19/2024 13:00
7023,118,180,14,10/19/2024 14:00
7024,164,264,14,10/19/2024 15:00
7025,39,183,18,10/19/2024 16:00
7026,53,322,17,10/19/2024 17:00
7027,56,205,18,10/19/2024 18:00
7028,104,424,18,10/19/2024 19:00
7029,129,249,5,10/19/2024 20:00
7030,56,213,9,10/19/2024 21:00
7031,118,159,1,10/19/2024 22:00
7032,132,500,4,10/19/2024 23:00
7033,30,432,7,10/20/2024 0:00
7034,12,100,11,10/20/2024 1:00
7035,35,317,14,10/20/2024 2:00
7036,77,112,10,10/20/2024 3:00
7037,180,308,19,10/20/2024 4:00
7038,159,166,8,10/20/2024 5:00
7039,102,475,3,10/20/2024 6:00
7040,87,36,8,10/20/2024 7:00
7041,196,112,18,10/20/2024 8:00
7042,52,87,5,10/20/2024 9:00
7043,80,183,11,10/20/2024 10:00
7044,135,85,9,10/20/2024 11:00
7045,22,269,19,10/20/2024 12:00
7046,75,165,12,10/20/2024 13:00
7047,184,303,5,10/20/2024 14:00
7048,58,90,16,10/20/2024 15:00
7049,93,488,13,10/20/2024 16:00
7050,192,455,6,10/20/2024 17:00
7051,103,238,16,10/20/2024 18:00
7052,140,487,18,10/20/2024 19:00
7053,7,22,17,10/20/2024 20:00
7054,128,167,12,10/20/2024 21:00
7055,55,215,1,10/20/2024 22:00
7056,106,58,7,10/20/2024 23:00
7057,62,30,14,10/21/2024 0:00
7058,90,402,18,10/21/2024 1:00
7059,98,106,1,10/21/2024 2:00
7060,77,402,10,10/21/2024 3:00
7061,183,494,15,10/21/2024 4:00
7062,119,330,11,10/21/2024 5:00
7063,36,167,4,10/21/2024 6:00
7064,89,350,15,10/21/2024 7:00
7065,152,154,16,10/21/2024 8:00
7066,172,327,15,10/21/2024 9:00
7067,145,7,17,10/21/2024 10:00
7068,130,197,11,10/21/2024 11:00
7069,141,321,18,10/21/2024 12:00
7070,159,46,16,10/21/2024 13:00
7071,93,18,15,10/21/2024 14:00
7072,114,397,11,10/21/2024 15:00
7073,28,153,13,10/21/2024 16:00
7074,188,488,18,10/21/2024 17:00
7075,155,264,8,10/21/2024 18:00
7076,143,74,9,10/21/2024 19:00
7077,33,416,11,10/21/2024 20:00
7078,20,145,17,10/21/2024 21:00
7079,170,102,1,10/21/2024 22:00
7080,140,335,11,10/21/2024 23:00
7081,101,335,7,10/22/2024 0:00
7082,23,121,8,10/22/2024 1:00
7083,200,176,19,10/22/2024 2:00
7084,112,63,4,10/22/2024 3:00
7085,14,296,4,10/22/2024 4:00
7086,91,499,19,10/22/2024 5:00
7087,153,84,9,10/22/2024 6:00
7088,77,15,17,10/22/2024 7:00
7089,85,355,18,10/22/2024 8:00
7090,109,134,1,10/22/2024 9:00
7091,31,478,14,10/22/2024 10:00
7092,122,121,4,10/22/2024 11:00
7093,107,319,10,10/22/2024 12:00
7094,54,392,14,10/22/2024 13:00
7095,133,479,7,10/22/2024 14:00
7096,141,128,12,10/22/2024 15:00
7097,156,368,16,10/22/2024 16:00
7098,43,367,5,10/22/2024 17:00
7099,89,288,11,10/22/2024 18:00
7100,115,301,4,10/22/2024 19:00
7101,99,378,13,10/22/2024 20:00
7102,47,180,8,10/22/2024 21:00
7103,71,463,7,10/22/2024 22:00
7104,166,82,11,10/22/2024 23:00
7105,67,13,11,10/23/2024 0:00
7106,62,24,17,10/23/2024 1:00
7107,109,168,14,10/23/2024 2:00
7108,167,270,2,10/23/2024 3:00
7109,37,476,8,10/23/2024 4:00
7110,119,459,2,10/23/2024 5:00
7111,86,70,15,10/23/2024 6:00
7112,126,318,5,10/23/2024 7:00
7113,136,376,6,10/23/2024 8:00
7114,52,89,17,10/23/2024 9:00
7115,91,189,8,10/23/2024 10:00
7116,33,257,19,10/23/2024 11:00
7117,81,217,5,10/23/2024 12:00
7118,42,450,19,10/23/2024 13:00
7119,112,382,14,10/23/2024 14:00
7120,126,32,10,10/23/2024 15:00
7121,155,141,13,10/23/2024 16:00
7122,136,161,5,10/23/2024 17:00
7123,151,32,7,10/23/2024 18:00
7124,106,312,10,10/23/2024 19:00
7125,125,152,11,10/23/2024 20:00
7126,113,347,3,10/23/2024 21:00
7127,64,260,13,10/23/2024 22:00
7128,123,216,2,10/23/2024 23:00
7129,114,279,4,10/24/2024 0:00
7130,20,285,3,10/24/2024 1:00
7131,16,98,15,10/24/2024 2:00
7132,145,405,4,10/24/2024 3:00
7133,19,30,4,10/24/2024 4:00
7134,120,90,15,10/24/2024 5:00
7135,136,148,6,10/24/2024 6:00
7136,166,144,5,10/24/2024 7:00
7137,38,67,12,10/24/2024 8:00
7138,181,433,7,10/24/2024 9:00
7139,93,357,3,10/24/2024 10:00
7140,105,58,7,10/24/2024 11:00
7141,100,488,12,10/24/2024 12:00
7142,90,428,15,10/24/2024 13:00
7143,159,281,19,10/24/2024 14:00
7144,44,279,6,10/24/2024 15:00
7145,188,236,8,10/24/2024 16:00
7146,76,443,6,10/24/2024 17:00
7147,145,385,3,10/24/2024 18:00
7148,79,353,5,10/24/2024 19:00
7149,73,399,9,10/24/2024 20:00
7150,167,128,16,10/24/2024 21:00
7151,170,337,16,10/24/2024 22:00
7152,176,482,9,10/24/2024 23:00
7153,140,209,18,10/25/2024 0:00
7154,96,436,13,10/25/2024 1:00
7155,89,186,11,10/25/2024 2:00
7156,103,169,10,10/25/2024 3:00
7157,146,172,10,10/25/2024 4:00
7158,6,260,6,10/25/2024 5:00
7159,122,205,16,10/25/2024 6:00
7160,171,452,12,10/25/2024 7:00
7161,116,135,4,10/25/2024 8:00
7162,163,46,5,10/25/2024 9:00
7163,182,9,2,10/25/2024 10:00
7164,62,471,19,10/25/2024 11:00
7165,197,161,1,10/25/2024 12:00
7166,144,289,4,10/25/2024 13:00
7167,136,340,12,10/25/2024 14:00
7168,89,388,2,10/25/2024 15:00
7169,96,321,12,10/25/2024 16:00
7170,126,106,16,10/25/2024 17:00
7171,90,290,2,10/25/2024 18:00
7172,86,475,17,10/25/2024 19:00
7173,159,341,2,10/25/2024 20:00
7174,138,88,4,10/25/2024 21:00
7175,184,463,6,10/25/2024 22:00
7176,121,483,7,10/25/2024 23:00
7177,76,192,15,10/26/2024 0:00
7178,92,153,12,10/26/2024 1:00
7179,70,311,5,10/26/2024 2:00
7180,148,137,14,10/26/2024 3:00
7181,133,273,16,10/26/2024 4:00
7182,23,149,11,10/26/2024 5:00
7183,137,188,12,10/26/2024 6:00
7184,58,141,19,10/26/2024 7:00
7185,187,131,17,10/26/2024 8:00
7186,182,452,7,10/26/2024 9:00
7187,46,4,9,10/26/2024 10:00
7188,22,491,14,10/26/2024 11:00
7189,192,476,12,10/26/2024 12:00
7190,8,263,15,10/26/2024 13:00
7191,123,26,12,10/26/2024 14:00
7192,20,459,13,10/26/2024 15:00
7193,179,24,9,10/26/2024 16:00
7194,78,491,7,10/26/2024 17:00
7195,39,266,1,10/26/2024 18:00
7196,37,229,10,10/26/2024 19:00
7197,178,269,6,10/26/2024 20:00
7198,162,125,15,10/26/2024 21:00
7199,75,172,15,10/26/2024 22:00
7200,118,234,9,10/26/2024 23:00
7201,104,295,13,10/27/2024 0:00
7202,161,403,1,10/27/2024 1:00
7203,31,435,9,10/27/2024 2:00
7204,123,275,3,10/27/2024 3:00
7205,54,76,9,10/27/2024 4:00
7206,172,308,15,10/27/2024 5:00
7207,34,214,7,10/27/2024 6:00
7208,199,431,4,10/27/2024 7:00
7209,122,485,17,10/27/2024 8:00
7210,113,376,4,10/27/2024 9:00
7211,62,158,19,10/27/2024 10:00
7212,23,302,5,10/27/2024 11:00
7213,46,204,16,10/27/2024 12:00
7214,56,477,3,10/27/2024 13:00
7215,135,149,11,10/27/2024 14:00
7216,118,75,15,10/27/2024 15:00
7217,189,380,19,10/27/2024 16:00
7218,131,229,14,10/27/2024 17:00
7219,166,304,16,10/27/2024 18:00
7220,162,62,6,10/27/2024 19:00
7221,113,58,5,10/27/2024 20:00
7222,44,274,17,10/27/2024 21:00
7223,128,108,16,10/27/2024 22:00
7224,108,187,2,10/27/2024 23:00
7225,158,475,11,10/28/2024 0:00
7226,17,229,4,10/28/2024 1:00
7227,59,48,6,10/28/2024 2:00
7228,138,319,7,10/28/2024 3:00
7229,99,268,17,10/28/2024 4:00
7230,84,215,8,10/28/2024 5:00
7231,146,290,1,10/28/2024 6:00
7232,45,254,15,10/28/2024 7:00
7233,108,445,12,10/28/2024 8:00
7234,187,358,15,10/28/2024 9:00
7235,62,87,15,10/28/2024 10:00
7236,59,181,9,10/28/2024 11:00
7237,177,25,16,10/28/2024 12:00
7238,191,446,2,10/28/2024 13:00
7239,160,388,15,10/28/2024 14:00
7240,138,222,15,10/28/2024 15:00
7241,11,478,7,10/28/2024 16:00
7242,102,397,13,10/28/2024 17:00
7243,70,426,17,10/28/2024 18:00
7244,123,49,11,10/28/2024 19:00
7245,190,334,10,10/28/2024 20:00
7246,175,440,1,10/28/2024 21:00
7247,34,175,14,10/28/2024 22:00
7248,101,392,5,10/28/2024 23:00
7249,145,311,8,10/29/2024 0:00
7250,104,472,1,10/29/2024 1:00
7251,182,274,7,10/29/2024 2:00
7252,40,35,2,10/29/2024 3:00
7253,19,217,7,10/29/2024 4:00
7254,67,209,7,10/29/2024 5:00
7255,82,160,9,10/29/2024 6:00
7256,181,408,4,10/29/2024 7:00
7257,64,7,7,10/29/2024 8:00
7258,83,269,18,10/29/2024 9:00
7259,47,126,13,10/29/2024 10:00
7260,6,475,11,10/29/2024 11:00
7261,16,368,9,10/29/2024 12:00
7262,200,325,14,10/29/2024 13:00
7263,146,356,8,10/29/2024 14:00
7264,180,90,14,10/29/2024 15:00
7265,176,42,17,10/29/2024 16:00
7266,171,365,14,10/29/2024 17:00
7267,39,159,5,10/29/2024 18:00
7268,177,202,10,10/29/2024 19:00
7269,113,366,6,10/29/2024 20:00
7270,140,282,10,10/29/2024 21:00
7271,138,470,11,10/29/2024 22:00
7272,71,332,6,10/29/2024 23:00
7273,110,288,10,10/30/2024 0:00
7274,55,91,14,10/30/2024 1:00
7275,129,481,3,10/30/2024 2:00
7276,49,125,7,10/30/2024 3:00
7277,164,126,2,10/30/2024 4:00
7278,21,52,7,10/30/2024 5:00
7279,37,404,17,10/30/2024 6:00
7280,116,103,13,10/30/2024 7:00
7281,24,361,9,10/30/2024 8:00
7282,55,424,13,10/30/2024 9:00
7283,25,187,15,10/30/2024 10:00
7284,135,205,13,10/30/2024 11:00
7285,127,14,17,10/30/2024 12:00
7286,93,428,8,10/30/2024 13:00
7287,94,104,9,10/30/2024 14:00
7288,71,117,9,10/30/2024 15:00
7289,199,470,8,10/30/2024 16:00
7290,122,466,16,10/30/2024 17:00
7291,24,304,7,10/30/2024 18:00
7292,11,93,17,10/30/2024 19:00
7293,73,427,7,10/30/2024 20:00
7294,12,144,6,10/30/2024 21:00
7295,35,110,5,10/30/2024 22:00
7296,191,163,17,10/30/2024 23:00
7297,196,53,8,10/31/2024 0:00
7298,185,418,1,10/31/2024 1:00
7299,141,3,16,10/31/2024 2:00
7300,23,68,17,10/31/2024 3:00
7301,83,246,3,10/31/2024 4:00
7302,167,389,13,10/31/2024 5:00
7303,88,138,8,10/31/2024 6:00
7304,80,308,16,10/31/2024 7:00
7305,97,413,7,10/31/2024 8:00
7306,140,352,15,10/31/2024 9:00
7307,34,287,2,10/31/2024 10:00
7308,199,66,2,10/31/2024 11:00
7309,75,460,10,10/31/2024 12:00
7310,159,347,5,10/31/2024 13:00
7311,128,325,4,10/31/2024 14:00
7312,190,421,15,10/31/2024 15:00
7313,141,155,13,10/31/2024 16:00
7314,31,87,17,10/31/2024 17:00
7315,130,33,1,10/31/2024 18:00
7316,103,68,18,10/31/2024 19:00
7317,15,187,15,10/31/2024 20:00
7318,57,192,14,10/31/2024 21:00
7319,75,213,9,10/31/2024 22:00
7320,34,88,12,10/31/2024 23:00
7321,103,428,5,11/1/2024 0:00
7322,196,351,2,11/1/2024 1:00
7323,75,108,7,11/1/2024 2:00
7324,29,240,9,11/1/2024 3:00
7325,194,216,18,11/1/2024 4:00
7326,16,177,4,11/1/2024 5:00
7327,167,53,2,11/1/2024 6:00
7328,77,330,1,11/1/2024 7:00
7329,37,49,12,11/1/2024 8:00
7330,81,369,13,11/1/2024 9:00
7331,149,114,14,11/1/2024 10:00
7332,172,450,5,11/1/2024 11:00
7333,124,95,3,11/1/2024 12:00
7334,19,447,4,11/1/2024 13:00
7335,199,25,17,11/1/2024 14:00
7336,102,132,19,11/1/2024 15:00
7337,136,179,11,11/1/2024 16:00
7338,77,395,8,11/1/2024 17:00
7339,194,145,12,11/1/2024 18:00
7340,41,364,18,11/1/2024 19:00
7341,198,450,18,11/1/2024 20:00
7342,61,198,9,11/1/2024 21:00
7343,26,457,5,11/1/2024 22:00
7344,71,325,17,11/1/2024 23:00
7345,103,84,13,11/2/2024 0:00
7346,70,157,6,11/2/2024 1:00
7347,107,85,14,11/2/2024 2:00
7348,157,457,15,11/2/2024 3:00
7349,107,476,14,11/2/2024 4:00
7350,103,253,4,11/2/2024 5:00
7351,194,375,18,11/2/2024 6:00
7352,19,72,1,11/2/2024 7:00
7353,68,223,12,11/2/2024 8:00
7354,186,276,9,11/2/2024 9:00
7355,70,283,10,11/2/2024 10:00
7356,113,264,18,11/2/2024 11:00
7357,57,246,17,11/2/2024 12:00
7358,165,341,19,11/2/2024 13:00
7359,61,61,4,11/2/2024 14:00
7360,92,412,16,11/2/2024 15:00
7361,30,471,7,11/2/2024 16:00
7362,199,454,9,11/2/2024 17:00
7363,153,259,8,11/2/2024 18:00
7364,127,453,7,11/2/2024 19:00
7365,193,457,10,11/2/2024 20:00
7366,115,7,8,11/2/2024 21:00
7367,6,188,17,11/2/2024 22:00
7368,18,4,12,11/2/2024 23:00
7369,10,231,14,11/3/2024 0:00
7370,92,133,12,11/3/2024 1:00
7371,139,395,2,11/3/2024 2:00
7372,193,125,12,11/3/2024 3:00
7373,77,15,14,11/3/2024 4:00
7374,101,448,7,11/3/2024 5:00
7375,84,482,13,11/3/2024 6:00
7376,193,13,4,11/3/2024 7:00
7377,52,118,1,11/3/2024 8:00
7378,195,240,17,11/3/2024 9:00
7379,31,263,3,11/3/2024 10:00
7380,145,360,17,11/3/2024 11:00
7381,183,6,8,11/3/2024 12:00
7382,110,440,3,11/3/2024 13:00
7383,93,320,10,11/3/2024 14:00
7384,164,231,2,11/3/2024 15:00
7385,154,434,4,11/3/2024 16:00
7386,53,30,14,11/3/2024 17:00
7387,145,22,11,11/3/2024 18:00
7388,86,409,14,11/3/2024 19:00
7389,153,156,13,11/3/2024 20:00
7390,2,118,4,11/3/2024 21:00
7391,86,340,2,11/3/2024 22:00
7392,133,423,2,11/3/2024 23:00
7393,4,451,11,11/4/2024 0:00
7394,164,389,5,11/4/2024 1:00
7395,6,193,9,11/4/2024 2:00
7396,149,399,17,11/4/2024 3:00
7397,118,346,12,11/4/2024 4:00
7398,89,195,18,11/4/2024 5:00
7399,154,168,3,11/4/2024 6:00
7400,183,377,5,11/4/2024 7:00
7401,167,489,14,11/4/2024 8:00
7402,161,239,16,11/4/2024 9:00
7403,14,362,19,11/4/2024 10:00
7404,56,482,9,11/4/2024 11:00
7405,81,244,17,11/4/2024 12:00
7406,149,69,7,11/4/2024 13:00
7407,46,95,10,11/4/2024 14:00
7408,144,499,4,11/4/2024 15:00
7409,16,77,10,11/4/2024 16:00
7410,120,171,3,11/4/2024 17:00
7411,84,1,9,11/4/2024 18:00
7412,157,406,13,11/4/2024 19:00
7413,8,62,1,11/4/2024 20:00
7414,88,207,15,11/4/2024 21:00
7415,131,154,15,11/4/2024 22:00
7416,19,274,11,11/4/2024 23:00
7417,97,48,10,11/5/2024 0:00
7418,66,137,7,11/5/2024 1:00
7419,79,1,1,11/5/2024 2:00
7420,86,235,7,11/5/2024 3:00
7421,124,393,5,11/5/2024 4:00
7422,150,256,16,11/5/2024 5:00
7423,46,407,8,11/5/2024 6:00
7424,113,107,2,11/5/2024 7:00
7425,91,173,8,11/5/2024 8:00
7426,141,130,14,11/5/2024 9:00
7427,33,398,4,11/5/2024 10:00
7428,133,294,15,11/5/2024 11:00
7429,77,40,7,11/5/2024 12:00
7430,155,447,8,11/5/2024 13:00
7431,121,338,11,11/5/2024 14:00
7432,128,16,2,11/5/2024 15:00
7433,78,127,9,11/5/2024 16:00
7434,152,373,6,11/5/2024 17:00
7435,67,349,1,11/5/2024 18:00
7436,115,492,3,11/5/2024 19:00
7437,63,203,10,11/5/2024 20:00
7438,113,134,5,11/5/2024 21:00
7439,94,259,12,11/5/2024 22:00
7440,48,14,1,11/5/2024 23:00
7441,191,66,9,11/6/2024 0:00
7442,12,480,13,11/6/2024 1:00
7443,156,351,19,11/6/2024 2:00
7444,172,459,7,11/6/2024 3:00
7445,171,342,16,11/6/2024 4:00
7446,145,195,8,11/6/2024 5:00
7447,40,114,19,11/6/2024 6:00
7448,177,159,7,11/6/2024 7:00
7449,85,161,4,11/6/2024 8:00
7450,57,254,10,11/6/2024 9:00
7451,87,472,1,11/6/2024 10:00
7452,84,385,17,11/6/2024 11:00
7453,192,428,13,11/6/2024 12:00
7454,185,15,19,11/6/2024 13:00
7455,121,37,13,11/6/2024 14:00
7456,74,155,9,11/6/2024 15:00
7457,107,486,5,11/6/2024 16:00
7458,124,432,1,11/6/2024 17:00
7459,198,27,2,11/6/2024 18:00
7460,100,492,11,11/6/2024 19:00
7461,43,12,4,11/6/2024 20:00
7462,119,67,9,11/6/2024 21:00
7463,23,30,5,11/6/2024 22:00
7464,155,96,5,11/6/2024 23:00
7465,186,215,8,11/7/2024 0:00
7466,37,194,2,11/7/2024 1:00
7467,134,135,7,11/7/2024 2:00
7468,65,290,17,11/7/2024 3:00
7469,134,32,11,11/7/2024 4:00
7470,178,373,15,11/7/2024 5:00
7471,22,39,3,11/7/2024 6:00
7472,105,352,13,11/7/2024 7:00
7473,88,427,18,11/7/2024 8:00
7474,153,427,3,11/7/2024 9:00
7475,125,206,2,11/7/2024 10:00
7476,79,387,5,11/7/2024 11:00
7477,90,430,5,11/7/2024 12:00
7478,200,416,13,11/7/2024 13:00
7479,51,43,8,11/7/2024 14:00
7480,176,484,16,11/7/2024 15:00
7481,102,337,18,11/7/2024 16:00
7482,198,496,16,11/7/2024 17:00
7483,106,259,1,11/7/2024 18:00
7484,193,249,8,11/7/2024 19:00
7485,60,74,2,11/7/2024 20:00
7486,46,373,5,11/7/2024 21:00
7487,36,319,15,11/7/2024 22:00
7488,186,367,14,11/7/2024 23:00
7489,166,296,3,11/8/2024 0:00
7490,11,274,7,11/8/2024 1:00
7491,12,323,4,11/8/2024 2:00
7492,170,359,11,11/8/2024 3:00
7493,39,190,12,11/8/2024 4:00
7494,199,138,15,11/8/2024 5:00
7495,139,436,6,11/8/2024 6:00
7496,36,457,1,11/8/2024 7:00
7497,52,302,18,11/8/2024 8:00
7498,31,311,14,11/8/2024 9:00
7499,33,430,7,11/8/2024 10:00
7500,141,331,10,11/8/2024 11:00
7501,146,444,9,11/8/2024 12:00
7502,169,353,2,11/8/2024 13:00
7503,58,484,8,11/8/2024 14:00
7504,184,282,1,11/8/2024 15:00
7505,152,411,2,11/8/2024 16:00
7506,128,166,7,11/8/2024 17:00
7507,31,278,16,11/8/2024 18:00
7508,55,26,4,11/8/2024 19:00
7509,10,470,17,11/8/2024 20:00
7510,188,453,4,11/8/2024 21:00
7511,130,419,3,11/8/2024 22:00
7512,15,450,9,11/8/2024 23:00
7513,3,483,15,11/9/2024 0:00
7514,43,73,3,11/9/2024 1:00
7515,159,115,12,11/9/2024 2:00
7516,198,51,15,11/9/2024 3:00
7517,67,369,8,11/9/2024 4:00
7518,56,402,12,11/9/2024 5:00
7519,63,171,13,11/9/2024 6:00
7520,15,268,15,11/9/2024 7:00
7521,109,3,11,11/9/2024 8:00
7522,116,210,17,11/9/2024 9:00
7523,92,376,12,11/9/2024 10:00
7524,138,486,18,11/9/2024 11:00
7525,166,391,16,11/9/2024 12:00
7526,47,481,3,11/9/2024 13:00
7527,57,390,9,11/9/2024 14:00
7528,50,338,7,11/9/2024 15:00
7529,71,301,19,11/9/2024 16:00
7530,143,383,5,11/9/2024 17:00
7531,146,342,19,11/9/2024 18:00
7532,82,115,10,11/9/2024 19:00
7533,116,167,12,11/9/2024 20:00
7534,105,435,8,11/9/2024 21:00
7535,88,265,3,11/9/2024 22:00
7536,2,227,19,11/9/2024 23:00
7537,104,151,11,11/10/2024 0:00
7538,84,268,8,11/10/2024 1:00
7539,43,116,13,11/10/2024 2:00
7540,154,88,10,11/10/2024 3:00
7541,71,318,18,11/10/2024 4:00
7542,166,242,12,11/10/2024 5:00
7543,94,360,7,11/10/2024 6:00
7544,42,329,11,11/10/2024 7:00
7545,133,333,10,11/10/2024 8:00
7546,139,40,3,11/10/2024 9:00
7547,65,182,7,11/10/2024 10:00
7548,34,490,4,11/10/2024 11:00
7549,120,209,8,11/10/2024 12:00
7550,1,391,8,11/10/2024 13:00
7551,130,273,6,11/10/2024 14:00
7552,148,119,13,11/10/2024 15:00
7553,61,382,12,11/10/2024 16:00
7554,149,434,3,11/10/2024 17:00
7555,88,24,6,11/10/2024 18:00
7556,68,258,19,11/10/2024 19:00
7557,127,483,11,11/10/2024 20:00
7558,140,92,4,11/10/2024 21:00
7559,22,467,15,11/10/2024 22:00
7560,148,161,2,11/10/2024 23:00
7561,82,149,15,11/11/2024 0:00
7562,129,117,17,11/11/2024 1:00
7563,30,458,2,11/11/2024 2:00
7564,126,53,7,11/11/2024 3:00
7565,97,302,16,11/11/2024 4:00
7566,24,45,5,11/11/2024 5:00
7567,14,265,16,11/11/2024 6:00
7568,36,486,19,11/11/2024 7:00
7569,197,262,2,11/11/2024 8:00
7570,24,307,15,11/11/2024 9:00
7571,188,234,4,11/11/2024 10:00
7572,95,375,2,11/11/2024 11:00
7573,55,35,10,11/11/2024 12:00
7574,24,338,5,11/11/2024 13:00
7575,152,437,18,11/11/2024 14:00
7576,182,403,4,11/11/2024 15:00
7577,26,197,1,11/11/2024 16:00
7578,194,25,18,11/11/2024 17:00
7579,80,395,6,11/11/2024 18:00
7580,166,202,14,11/11/2024 19:00
7581,65,273,10,11/11/2024 20:00
7582,75,36,18,11/11/2024 21:00
7583,179,474,9,11/11/2024 22:00
7584,163,223,12,11/11/2024 23:00
7585,43,352,10,11/12/2024 0:00
7586,29,277,19,11/12/2024 1:00
7587,165,18,6,11/12/2024 2:00
7588,81,188,14,11/12/2024 3:00
7589,186,402,8,11/12/2024 4:00
7590,54,257,14,11/12/2024 5:00
7591,39,142,11,11/12/2024 6:00
7592,42,136,16,11/12/2024 7:00
7593,156,450,6,11/12/2024 8:00
7594,29,307,15,11/12/2024 9:00
7595,171,79,15,11/12/2024 10:00
7596,131,444,14,11/12/2024 11:00
7597,138,418,12,11/12/2024 12:00
7598,187,292,2,11/12/2024 13:00
7599,142,62,8,11/12/2024 14:00
7600,175,129,19,11/12/2024 15:00
7601,42,499,14,11/12/2024 16:00
7602,94,341,5,11/12/2024 17:00
7603,160,298,9,11/12/2024 18:00
7604,32,257,13,11/12/2024 19:00
7605,170,480,9,11/12/2024 20:00
7606,160,212,14,11/12/2024 21:00
7607,26,54,5,11/12/2024 22:00
7608,115,175,2,11/12/2024 23:00
7609,129,100,7,11/13/2024 0:00
7610,56,39,16,11/13/2024 1:00
7611,122,414,11,11/13/2024 2:00
7612,106,263,11,11/13/2024 3:00
7613,130,150,12,11/13/2024 4:00
7614,81,121,13,11/13/2024 5:00
7615,158,178,8,11/13/2024 6:00
7616,120,301,16,11/13/2024 7:00
7617,199,330,1,11/13/2024 8:00
7618,52,120,13,11/13/2024 9:00
7619,91,72,11,11/13/2024 10:00
7620,137,219,4,11/13/2024 11:00
7621,22,394,4,11/13/2024 12:00
7622,34,398,15,11/13/2024 13:00
7623,110,302,3,11/13/2024 14:00
7624,49,123,19,11/13/2024 15:00
7625,129,244,2,11/13/2024 16:00
7626,73,374,6,11/13/2024 17:00
7627,84,75,8,11/13/2024 18:00
7628,53,6,17,11/13/2024 19:00
7629,100,21,5,11/13/2024 20:00
7630,124,190,2,11/13/2024 21:00
7631,168,225,12,11/13/2024 22:00
7632,45,403,5,11/13/2024 23:00
7633,196,103,10,11/14/2024 0:00
7634,137,344,9,11/14/2024 1:00
7635,105,466,8,11/14/2024 2:00
7636,150,99,1,11/14/2024 3:00
7637,146,500,6,11/14/2024 4:00
7638,106,318,11,11/14/2024 5:00
7639,43,363,3,11/14/2024 6:00
7640,167,485,15,11/14/2024 7:00
7641,134,83,11,11/14/2024 8:00
7642,48,181,5,11/14/2024 9:00
7643,126,152,16,11/14/2024 10:00
7644,7,56,7,11/14/2024 11:00
7645,197,190,6,11/14/2024 12:00
7646,16,418,9,11/14/2024 13:00
7647,129,22,7,11/14/2024 14:00
7648,115,68,3,11/14/2024 15:00
7649,37,185,11,11/14/2024 16:00
7650,165,10,12,11/14/2024 17:00
7651,125,66,11,11/14/2024 18:00
7652,81,264,2,11/14/2024 19:00
7653,192,225,1,11/14/2024 20:00
7654,62,123,2,11/14/2024 21:00
7655,72,38,14,11/14/2024 22:00
7656,189,491,13,11/14/2024 23:00
7657,125,123,5,11/15/2024 0:00
7658,161,318,2,11/15/2024 1:00
7659,66,156,19,11/15/2024 2:00
7660,30,394,17,11/15/2024 3:00
7661,20,301,11,11/15/2024 4:00
7662,188,321,16,11/15/2024 5:00
7663,82,482,18,11/15/2024 6:00
7664,107,67,8,11/15/2024 7:00
7665,152,393,2,11/15/2024 8:00
7666,132,133,17,11/15/2024 9:00
7667,37,362,11,11/15/2024 10:00
7668,132,394,14,11/15/2024 11:00
7669,77,140,16,11/15/2024 12:00
7670,89,82,15,11/15/2024 13:00
7671,146,58,15,11/15/2024 14:00
7672,88,149,3,11/15/2024 15:00
7673,194,405,7,11/15/2024 16:00
7674,176,449,12,11/15/2024 17:00
7675,33,131,3,11/15/2024 18:00
7676,58,69,19,11/15/2024 19:00
7677,28,345,10,11/15/2024 20:00
7678,35,250,8,11/15/2024 21:00
7679,125,320,16,11/15/2024 22:00
7680,138,177,16,11/15/2024 23:00
7681,65,72,12,11/16/2024 0:00
7682,42,17,5,11/16/2024 1:00
7683,85,329,6,11/16/2024 2:00
7684,137,160,6,11/16/2024 3:00
7685,188,70,8,11/16/2024 4:00
7686,111,113,17,11/16/2024 5:00
7687,15,232,12,11/16/2024 6:00
7688,185,21,14,11/16/2024 7:00
7689,69,135,2,11/16/2024 8:00
7690,105,263,19,11/16/2024 9:00
7691,150,111,6,11/16/2024 10:00
7692,64,487,18,11/16/2024 11:00
7693,41,246,4,11/16/2024 12:00
7694,71,283,5,11/16/2024 13:00
7695,56,8,6,11/16/2024 14:00
7696,151,457,15,11/16/2024 15:00
7697,25,284,6,11/16/2024 16:00
7698,105,207,8,11/16/2024 17:00
7699,134,194,9,11/16/2024 18:00
7700,119,455,6,11/16/2024 19:00
7701,162,47,2,11/16/2024 20:00
7702,191,466,16,11/16/2024 21:00
7703,9,342,1,11/16/2024 22:00
7704,60,242,16,11/16/2024 23:00
7705,125,10,1,11/17/2024 0:00
7706,49,370,1,11/17/2024 1:00
7707,51,289,7,11/17/2024 2:00
7708,188,391,16,11/17/2024 3:00
7709,70,131,17,11/17/2024 4:00
7710,37,270,16,11/17/2024 5:00
7711,31,428,16,11/17/2024 6:00
7712,169,302,6,11/17/2024 7:00
7713,62,61,18,11/17/2024 8:00
7714,93,164,3,11/17/2024 9:00
7715,186,13,8,11/17/2024 10:00
7716,14,272,4,11/17/2024 11:00
7717,164,208,4,11/17/2024 12:00
7718,164,246,17,11/17/2024 13:00
7719,79,133,5,11/17/2024 14:00
7720,8,244,14,11/17/2024 15:00
7721,154,473,15,11/17/2024 16:00
7722,36,294,12,11/17/2024 17:00
7723,48,486,13,11/17/2024 18:00
7724,85,434,18,11/17/2024 19:00
7725,28,38,14,11/17/2024 20:00
7726,196,359,19,11/17/2024 21:00
7727,190,56,7,11/17/2024 22:00
7728,51,319,6,11/17/2024 23:00
7729,104,376,5,11/18/2024 0:00
7730,170,48,4,11/18/2024 1:00
7731,101,105,18,11/18/2024 2:00
7732,29,474,14,11/18/2024 3:00
7733,127,59,16,11/18/2024 4:00
7734,82,77,14,11/18/2024 5:00
7735,10,428,5,11/18/2024 6:00
7736,106,499,11,11/18/2024 7:00
7737,167,218,12,11/18/2024 8:00
7738,1,383,18,11/18/2024 9:00
7739,39,55,4,11/18/2024 10:00
7740,21,55,13,11/18/2024 11:00
7741,65,129,13,11/18/2024 12:00
7742,15,392,4,11/18/2024 13:00
7743,132,383,7,11/18/2024 14:00
7744,188,388,2,11/18/2024 15:00
7745,61,85,18,11/18/2024 16:00
7746,148,214,6,11/18/2024 17:00
7747,138,115,16,11/18/2024 18:00
7748,87,437,3,11/18/2024 19:00
7749,105,314,15,11/18/2024 20:00
7750,34,293,10,11/18/2024 21:00
7751,124,49,9,11/18/2024 22:00
7752,110,67,11,11/18/2024 23:00
7753,176,275,14,11/19/2024 0:00
7754,33,129,12,11/19/2024 1:00
7755,98,29,7,11/19/2024 2:00
7756,61,343,11,11/19/2024 3:00
7757,10,33,17,11/19/2024 4:00
7758,182,119,9,11/19/2024 5:00
7759,84,180,13,11/19/2024 6:00
7760,65,425,16,11/19/2024 7:00
7761,77,151,3,11/19/2024 8:00
7762,1,133,5,11/19/2024 9:00
7763,133,327,17,11/19/2024 10:00
7764,80,185,1,11/19/2024 11:00
7765,15,134,9,11/19/2024 12:00
7766,28,177,17,11/19/2024 13:00
7767,23,22,13,11/19/2024 14:00
7768,109,241,15,11/19/2024 15:00
7769,107,77,8,11/19/2024 16:00
7770,145,204,8,11/19/2024 17:00
7771,113,4,2,11/19/2024 18:00
7772,98,328,10,11/19/2024 19:00
7773,141,448,5,11/19/2024 20:00
7774,142,165,16,11/19/2024 21:00
7775,139,415,19,11/19/2024 22:00
7776,28,421,1,11/19/2024 23:00
7777,42,128,13,11/20/2024 0:00
7778,99,45,4,11/20/2024 1:00
7779,61,218,7,11/20/2024 2:00
7780,123,235,1,11/20/2024 3:00
7781,64,136,2,11/20/2024 4:00
7782,31,168,16,11/20/2024 5:00
7783,81,481,14,11/20/2024 6:00
7784,10,237,5,11/20/2024 7:00
7785,8,93,14,11/20/2024 8:00
7786,149,5,17,11/20/2024 9:00
7787,59,156,12,11/20/2024 10:00
7788,178,245,12,11/20/2024 11:00
7789,197,360,3,11/20/2024 12:00
7790,198,81,2,11/20/2024 13:00
7791,30,247,15,11/20/2024 14:00
7792,145,343,11,11/20/2024 15:00
7793,20,493,10,11/20/2024 16:00
7794,48,137,18,11/20/2024 17:00
7795,130,386,2,11/20/2024 18:00
7796,37,63,7,11/20/2024 19:00
7797,129,480,7,11/20/2024 20:00
7798,132,307,7,11/20/2024 21:00
7799,100,116,14,11/20/2024 22:00
7800,54,113,2,11/20/2024 23:00
7801,122,31,2,11/21/2024 0:00
7802,25,7,15,11/21/2024 1:00
7803,131,414,11,11/21/2024 2:00
7804,9,442,10,11/21/2024 3:00
7805,34,3,3,11/21/2024 4:00
7806,43,307,17,11/21/2024 5:00
7807,74,243,9,11/21/2024 6:00
7808,94,56,15,11/21/2024 7:00
7809,22,73,14,11/21/2024 8:00
7810,70,10,19,11/21/2024 9:00
7811,130,61,17,11/21/2024 10:00
7812,94,494,17,11/21/2024 11:00
7813,194,50,16,11/21/2024 12:00
7814,32,122,8,11/21/2024 13:00
7815,106,175,7,11/21/2024 14:00
7816,144,474,12,11/21/2024 15:00
7817,1,1,1,11/21/2024 16:00
7818,72,478,12,11/21/2024 17:00
7819,176,441,6,11/21/2024 18:00
7820,50,38,16,11/21/2024 19:00
7821,141,190,18,11/21/2024 20:00
7822,15,79,19,11/21/2024 21:00
7823,53,345,3,11/21/2024 22:00
7824,172,454,3,11/21/2024 23:00
7825,8,338,5,11/22/2024 0:00
7826,74,449,3,11/22/2024 1:00
7827,46,190,19,11/22/2024 2:00
7828,69,184,5,11/22/2024 3:00
7829,114,67,14,11/22/2024 4:00
7830,147,17,16,11/22/2024 5:00
7831,166,383,1,11/22/2024 6:00
7832,123,368,17,11/22/2024 7:00
7833,139,392,11,11/22/2024 8:00
7834,117,316,9,11/22/2024 9:00
7835,43,497,4,11/22/2024 10:00
7836,20,296,2,11/22/2024 11:00
7837,148,209,9,11/22/2024 12:00
7838,21,345,5,11/22/2024 13:00
7839,82,446,4,11/22/2024 14:00
7840,57,41,5,11/22/2024 15:00
7841,178,396,18,11/22/2024 16:00
7842,74,477,13,11/22/2024 17:00
7843,98,473,5,11/22/2024 18:00
7844,154,115,19,11/22/2024 19:00
7845,158,100,3,11/22/2024 20:00
7846,110,373,18,11/22/2024 21:00
7847,115,438,6,11/22/2024 22:00
7848,159,345,6,11/22/2024 23:00
7849,42,349,5,11/23/2024 0:00
7850,68,139,1,11/23/2024 1:00
7851,189,316,8,11/23/2024 2:00
7852,189,324,1,11/23/2024 3:00
7853,70,334,6,11/23/2024 4:00
7854,78,302,14,11/23/2024 5:00
7855,196,294,11,11/23/2024 6:00
7856,90,445,2,11/23/2024 7:00
7857,111,17,4,11/23/2024 8:00
7858,112,322,13,11/23/2024 9:00
7859,103,456,7,11/23/2024 10:00
7860,145,292,6,11/23/2024 11:00
7861,19,74,3,11/23/2024 12:00
7862,179,263,9,11/23/2024 13:00
7863,70,484,14,11/23/2024 14:00
7864,63,16,11,11/23/2024 15:00
7865,75,14,5,11/23/2024 16:00
7866,158,336,14,11/23/2024 17:00
7867,153,281,19,11/23/2024 18:00
7868,104,361,8,11/23/2024 19:00
7869,75,4,7,11/23/2024 20:00
7870,128,413,7,11/23/2024 21:00
7871,199,127,3,11/23/2024 22:00
7872,154,312,3,11/23/2024 23:00
7873,56,6,18,11/24/2024 0:00
7874,22,129,13,11/24/2024 1:00
7875,89,423,1,11/24/2024 2:00
7876,19,385,5,11/24/2024 3:00
7877,159,371,4,11/24/2024 4:00
7878,26,232,16,11/24/2024 5:00
7879,170,447,15,11/24/2024 6:00
7880,169,313,18,11/24/2024 7:00
7881,23,195,17,11/24/2024 8:00
7882,47,65,14,11/24/2024 9:00
7883,13,321,14,11/24/2024 10:00
7884,66,103,19,11/24/2024 11:00
7885,194,277,6,11/24/2024 12:00
7886,144,493,13,11/24/2024 13:00
7887,73,158,18,11/24/2024 14:00
7888,156,224,15,11/24/2024 15:00
7889,77,289,7,11/24/2024 16:00
7890,163,432,19,11/24/2024 17:00
7891,169,278,17,11/24/2024 18:00
7892,31,478,9,11/24/2024 19:00
7893,85,182,11,11/24/2024 20:00
7894,160,366,5,11/24/2024 21:00
7895,182,4,2,11/24/2024 22:00
7896,200,215,15,11/24/2024 23:00
7897,59,439,12,11/25/2024 0:00
7898,41,428,10,11/25/2024 1:00
7899,112,217,10,11/25/2024 2:00
7900,194,396,11,11/25/2024 3:00
7901,96,209,10,11/25/2024 4:00
7902,182,463,7,11/25/2024 5:00
7903,168,74,14,11/25/2024 6:00
7904,122,227,13,11/25/2024 7:00
7905,156,375,5,11/25/2024 8:00
7906,165,500,19,11/25/2024 9:00
7907,105,436,10,11/25/2024 10:00
7908,193,93,8,11/25/2024 11:00
7909,74,460,18,11/25/2024 12:00
7910,183,65,1,11/25/2024 13:00
7911,132,321,5,11/25/2024 14:00
7912,99,10,11,11/25/2024 15:00
7913,126,402,11,11/25/2024 16:00
7914,138,303,16,11/25/2024 17:00
7915,175,322,10,11/25/2024 18:00
7916,75,305,15,11/25/2024 19:00
7917,14,456,7,11/25/2024 20:00
7918,38,278,15,11/25/2024 21:00
7919,140,86,16,11/25/2024 22:00
7920,45,26,6,11/25/2024 23:00
7921,145,218,11,11/26/2024 0:00
7922,163,393,17,11/26/2024 1:00
7923,194,405,15,11/26/2024 2:00
7924,75,95,16,11/26/2024 3:00
7925,169,244,2,11/26/2024 4:00
7926,195,447,4,11/26/2024 5:00
7927,29,107,19,11/26/2024 6:00
7928,18,390,6,11/26/2024 7:00
7929,20,248,18,11/26/2024 8:00
7930,14,14,11,11/26/2024 9:00
7931,162,161,9,11/26/2024 10:00
7932,177,71,3,11/26/2024 11:00
7933,54,152,2,11/26/2024 12:00
7934,31,457,18,11/26/2024 13:00
7935,58,75,15,11/26/2024 14:00
7936,104,376,18,11/26/2024 15:00
7937,170,215,19,11/26/2024 16:00
7938,186,368,15,11/26/2024 17:00
7939,128,51,17,11/26/2024 18:00
7940,158,386,18,11/26/2024 19:00
7941,25,143,18,11/26/2024 20:00
7942,191,419,11,11/26/2024 21:00
7943,19,36,18,11/26/2024 22:00
7944,200,500,3,11/26/2024 23:00
7945,136,374,13,11/27/2024 0:00
7946,3,476,14,11/27/2024 1:00
7947,195,167,4,11/27/2024 2:00
7948,86,236,18,11/27/2024 3:00
7949,145,260,5,11/27/2024 4:00
7950,142,192,14,11/27/2024 5:00
7951,9,202,12,11/27/2024 6:00
7952,190,262,7,11/27/2024 7:00
7953,94,185,12,11/27/2024 8:00
7954,149,158,8,11/27/2024 9:00
7955,165,246,3,11/27/2024 10:00
7956,139,110,1,11/27/2024 11:00
7957,20,99,3,11/27/2024 12:00
7958,35,241,11,11/27/2024 13:00
7959,53,491,18,11/27/2024 14:00
7960,175,202,7,11/27/2024 15:00
7961,110,122,9,11/27/2024 16:00
7962,180,117,4,11/27/2024 17:00
7963,136,96,10,11/27/2024 18:00
7964,4,234,18,11/27/2024 19:00
7965,155,490,16,11/27/2024 20:00
7966,172,67,12,11/27/2024 21:00
7967,168,376,19,11/27/2024 22:00
7968,102,218,3,11/27/2024 23:00
7969,47,15,8,11/28/2024 0:00
7970,94,273,19,11/28/2024 1:00
7971,172,219,9,11/28/2024 2:00
7972,48,274,19,11/28/2024 3:00
7973,91,371,17,11/28/2024 4:00
7974,180,147,13,11/28/2024 5:00
7975,84,332,2,11/28/2024 6:00
7976,68,344,4,11/28/2024 7:00
7977,139,453,11,11/28/2024 8:00
7978,125,152,2,11/28/2024 9:00
7979,73,347,4,11/28/2024 10:00
7980,4,304,4,11/28/2024 11:00
7981,76,414,1,11/28/2024 12:00
7982,73,15,11,11/28/2024 13:00
7983,77,431,2,11/28/2024 14:00
7984,48,379,19,11/28/2024 15:00
7985,154,486,8,11/28/2024 16:00
7986,102,383,4,11/28/2024 17:00
7987,106,428,16,11/28/2024 18:00
7988,77,354,15,11/28/2024 19:00
7989,39,411,5,11/28/2024 20:00
7990,58,84,5,11/28/2024 21:00
7991,19,192,15,11/28/2024 22:00
7992,88,41,17,11/28/2024 23:00
7993,113,352,3,11/29/2024 0:00
7994,77,324,18,11/29/2024 1:00
7995,77,261,11,11/29/2024 2:00
7996,186,309,6,11/29/2024 3:00
7997,28,378,12,11/29/2024 4:00
7998,66,136,17,11/29/2024 5:00
7999,10,278,14,11/29/2024 6:00
8000,126,106,6,11/29/2024 7:00
8001,58,7,10,11/29/2024 8:00
8002,142,406,16,11/29/2024 9:00
8003,125,302,18,11/29/2024 10:00
8004,112,30,6,11/29/2024 11:00
8005,84,126,19,11/29/2024 12:00
8006,143,357,3,11/29/2024 13:00
8007,96,400,12,11/29/2024 14:00
8008,33,79,16,11/29/2024 15:00
8009,145,389,3,11/29/2024 16:00
8010,152,67,16,11/29/2024 17:00
8011,158,23,4,11/29/2024 18:00
8012,190,189,13,11/29/2024 19:00
8013,141,74,4,11/29/2024 20:00
8014,190,5,4,11/29/2024 21:00
8015,47,407,7,11/29/2024 22:00
8016,112,463,12,11/29/2024 23:00
8017,144,82,2,11/30/2024 0:00
8018,194,25,16,11/30/2024 1:00
8019,43,264,7,11/30/2024 2:00
8020,8,479,19,11/30/2024 3:00
8021,3,405,11,11/30/2024 4:00
8022,125,2,1,11/30/2024 5:00
8023,12,278,9,11/30/2024 6:00
8024,84,328,5,11/30/2024 7:00
8025,16,343,17,11/30/2024 8:00
8026,78,224,1,11/30/2024 9:00
8027,59,72,17,11/30/2024 10:00
8028,177,68,12,11/30/2024 11:00
8029,63,320,13,11/30/2024 12:00
8030,190,94,11,11/30/2024 13:00
8031,49,19,13,11/30/2024 14:00
8032,51,128,13,11/30/2024 15:00
8033,33,343,6,11/30/2024 16:00
8034,30,82,6,11/30/2024 17:00
8035,187,254,10,11/30/2024 18:00
8036,76,437,19,11/30/2024 19:00
8037,15,221,3,11/30/2024 20:00
8038,82,343,7,11/30/2024 21:00
8039,92,97,5,11/30/2024 22:00
8040,23,52,8,11/30/2024 23:00
8041,94,175,5,12/1/2024 0:00
8042,45,338,12,12/1/2024 1:00
8043,62,182,4,12/1/2024 2:00
8044,199,428,19,12/1/2024 3:00
8045,15,353,18,12/1/2024 4:00
8046,46,391,3,12/1/2024 5:00
8047,64,115,7,12/1/2024 6:00
8048,174,348,8,12/1/2024 7:00
8049,184,1,15,12/1/2024 8:00
8050,172,63,17,12/1/2024 9:00
8051,75,248,19,12/1/2024 10:00
8052,157,231,4,12/1/2024 11:00
8053,190,226,16,12/1/2024 12:00
8054,52,423,13,12/1/2024 13:00
8055,182,19,12,12/1/2024 14:00
8056,88,31,4,12/1/2024 15:00
8057,57,333,12,12/1/2024 16:00
8058,83,121,17,12/1/2024 17:00
8059,66,24,9,12/1/2024 18:00
8060,150,325,12,12/1/2024 19:00
8061,20,471,15,12/1/2024 20:00
8062,33,211,2,12/1/2024 21:00
8063,72,449,9,12/1/2024 22:00
8064,25,161,14,12/1/2024 23:00
8065,46,255,4,12/2/2024 0:00
8066,73,59,4,12/2/2024 1:00
8067,98,114,6,12/2/2024 2:00
8068,57,417,5,12/2/2024 3:00
8069,87,160,17,12/2/2024 4:00
8070,133,443,13,12/2/2024 5:00
8071,55,220,17,12/2/2024 6:00
8072,61,357,19,12/2/2024 7:00
8073,89,169,1,12/2/2024 8:00
8074,8,12,17,12/2/2024 9:00
8075,16,457,3,12/2/2024 10:00
8076,176,242,14,12/2/2024 11:00
8077,116,375,12,12/2/2024 12:00
8078,61,139,15,12/2/2024 13:00
8079,15,97,6,12/2/2024 14:00
8080,193,147,2,12/2/2024 15:00
8081,150,182,4,12/2/2024 16:00
8082,131,57,13,12/2/2024 17:00
8083,102,42,13,12/2/2024 18:00
8084,54,354,17,12/2/2024 19:00
8085,14,199,6,12/2/2024 20:00
8086,36,31,11,12/2/2024 21:00
8087,105,180,19,12/2/2024 22:00
8088,82,2,16,12/2/2024 23:00
8089,67,467,8,12/3/2024 0:00
8090,10,422,1,12/3/2024 1:00
8091,49,288,10,12/3/2024 2:00
8092,111,138,2,12/3/2024 3:00
8093,65,105,19,12/3/2024 4:00
8094,57,392,14,12/3/2024 5:00
8095,27,218,3,12/3/2024 6:00
8096,113,222,9,12/3/2024 7:00
8097,133,331,8,12/3/2024 8:00
8098,71,105,11,12/3/2024 9:00
8099,83,404,15,12/3/2024 10:00
8100,57,404,6,12/3/2024 11:00
8101,120,127,2,12/3/2024 12:00
8102,93,265,1,12/3/2024 13:00
8103,15,200,3,12/3/2024 14:00
8104,111,252,18,12/3/2024 15:00
8105,101,15,14,12/3/2024 16:00
8106,119,226,17,12/3/2024 17:00
8107,76,472,2,12/3/2024 18:00
8108,158,353,19,12/3/2024 19:00
8109,20,105,9,12/3/2024 20:00
8110,165,233,8,12/3/2024 21:00
8111,131,493,10,12/3/2024 22:00
8112,73,319,9,12/3/2024 23:00
8113,122,488,8,12/4/2024 0:00
8114,41,219,7,12/4/2024 1:00
8115,167,277,6,12/4/2024 2:00
8116,154,261,2,12/4/2024 3:00
8117,130,381,9,12/4/2024 4:00
8118,23,419,9,12/4/2024 5:00
8119,23,341,19,12/4/2024 6:00
8120,144,452,9,12/4/2024 7:00
8121,9,369,2,12/4/2024 8:00
8122,13,432,19,12/4/2024 9:00
8123,156,336,16,12/4/2024 10:00
8124,155,479,14,12/4/2024 11:00
8125,51,474,1,12/4/2024 12:00
8126,64,190,13,12/4/2024 13:00
8127,52,372,2,12/4/2024 14:00
8128,38,419,14,12/4/2024 15:00
8129,100,198,1,12/4/2024 16:00
8130,193,353,15,12/4/2024 17:00
8131,146,277,18,12/4/2024 18:00
8132,191,336,9,12/4/2024 19:00
8133,51,495,8,12/4/2024 20:00
8134,137,39,7,12/4/2024 21:00
8135,141,162,9,12/4/2024 22:00
8136,168,490,9,12/4/2024 23:00
8137,55,121,11,12/5/2024 0:00
8138,109,380,4,12/5/2024 1:00
8139,171,399,7,12/5/2024 2:00
8140,44,262,7,12/5/2024 3:00
8141,110,450,4,12/5/2024 4:00
8142,196,216,12,12/5/2024 5:00
8143,161,312,17,12/5/2024 6:00
8144,152,49,3,12/5/2024 7:00
8145,164,92,9,12/5/2024 8:00
8146,128,129,5,12/5/2024 9:00
8147,105,321,16,12/5/2024 10:00
8148,10,28,8,12/5/2024 11:00
8149,100,356,16,12/5/2024 12:00
8150,148,148,19,12/5/2024 13:00
8151,109,432,16,12/5/2024 14:00
8152,108,328,18,12/5/2024 15:00
8153,140,65,15,12/5/2024 16:00
8154,190,218,18,12/5/2024 17:00
8155,146,51,14,12/5/2024 18:00
8156,94,427,16,12/5/2024 19:00
8157,63,305,5,12/5/2024 20:00
8158,84,409,8,12/5/2024 21:00
8159,25,74,16,12/5/2024 22:00
8160,12,460,1,12/5/2024 23:00
8161,149,425,11,12/6/2024 0:00
8162,25,199,11,12/6/2024 1:00
8163,11,192,2,12/6/2024 2:00
8164,64,189,19,12/6/2024 3:00
8165,126,12,5,12/6/2024 4:00
8166,50,239,3,12/6/2024 5:00
8167,190,360,8,12/6/2024 6:00
8168,89,81,4,12/6/2024 7:00
8169,99,453,13,12/6/2024 8:00
8170,116,383,14,12/6/2024 9:00
8171,96,270,1,12/6/2024 10:00
8172,177,290,5,12/6/2024 11:00
8173,14,48,7,12/6/2024 12:00
8174,1,317,6,12/6/2024 13:00
8175,25,209,15,12/6/2024 14:00
8176,187,35,15,12/6/2024 15:00
8177,72,119,8,12/6/2024 16:00
8178,69,65,2,12/6/2024 17:00
8179,133,315,14,12/6/2024 18:00
8180,105,242,16,12/6/2024 19:00
8181,147,498,10,12/6/2024 20:00
8182,23,36,15,12/6/2024 21:00
8183,9,463,4,12/6/2024 22:00
8184,118,252,12,12/6/2024 23:00
8185,94,403,10,12/7/2024 0:00
8186,178,243,2,12/7/2024 1:00
8187,144,42,4,12/7/2024 2:00
8188,33,69,6,12/7/2024 3:00
8189,130,403,14,12/7/2024 4:00
8190,14,107,3,12/7/2024 5:00
8191,1,39,15,12/7/2024 6:00
8192,90,69,1,12/7/2024 7:00
8193,186,180,19,12/7/2024 8:00
8194,89,12,1,12/7/2024 9:00
8195,144,339,13,12/7/2024 10:00
8196,90,431,8,12/7/2024 11:00
8197,175,204,18,12/7/2024 12:00
8198,172,36,3,12/7/2024 13:00
8199,14,126,18,12/7/2024 14:00
8200,152,63,9,12/7/2024 15:00
8201,111,332,6,12/7/2024 16:00
8202,183,82,2,12/7/2024 17:00
8203,143,497,4,12/7/2024 18:00
8204,83,307,18,12/7/2024 19:00
8205,72,496,7,12/7/2024 20:00
8206,162,299,11,12/7/2024 21:00
8207,130,34,5,12/7/2024 22:00
8208,27,240,8,12/7/2024 23:00
8209,74,97,11,12/8/2024 0:00
8210,99,49,15,12/8/2024 1:00
8211,72,146,3,12/8/2024 2:00
8212,23,125,7,12/8/2024 3:00
8213,68,189,8,12/8/2024 4:00
8214,142,57,11,12/8/2024 5:00
8215,191,349,10,12/8/2024 6:00
8216,117,109,9,12/8/2024 7:00
8217,106,5,15,12/8/2024 8:00
8218,93,473,5,12/8/2024 9:00
8219,65,24,15,12/8/2024 10:00
8220,68,221,4,12/8/2024 11:00
8221,128,448,5,12/8/2024 12:00
8222,63,315,15,12/8/2024 13:00
8223,113,294,17,12/8/2024 14:00
8224,90,417,8,12/8/2024 15:00
8225,81,10,19,12/8/2024 16:00
8226,103,165,9,12/8/2024 17:00
8227,192,481,10,12/8/2024 18:00
8228,160,215,5,12/8/2024 19:00
8229,116,126,10,12/8/2024 20:00
8230,13,267,1,12/8/2024 21:00
8231,194,280,4,12/8/2024 22:00
8232,124,88,5,12/8/2024 23:00
8233,147,455,7,12/9/2024 0:00
8234,152,114,5,12/9/2024 1:00
8235,88,21,8,12/9/2024 2:00
8236,11,148,17,12/9/2024 3:00
8237,187,245,1,12/9/2024 4:00
8238,15,266,18,12/9/2024 5:00
8239,10,217,12,12/9/2024 6:00
8240,41,431,3,12/9/2024 7:00
8241,155,484,14,12/9/2024 8:00
8242,188,240,16,12/9/2024 9:00
8243,73,431,18,12/9/2024 10:00
8244,52,399,10,12/9/2024 11:00
8245,128,428,15,12/9/2024 12:00
8246,28,232,10,12/9/2024 13:00
8247,65,232,1,12/9/2024 14:00
8248,17,242,19,12/9/2024 15:00
8249,95,190,2,12/9/2024 16:00
8250,172,390,13,12/9/2024 17:00
8251,138,229,16,12/9/2024 18:00
8252,63,66,8,12/9/2024 19:00
8253,175,460,3,12/9/2024 20:00
8254,38,378,19,12/9/2024 21:00
8255,70,388,14,12/9/2024 22:00
8256,104,279,11,12/9/2024 23:00
8257,53,269,12,12/10/2024 0:00
8258,172,209,11,12/10/2024 1:00
8259,119,415,11,12/10/2024 2:00
8260,74,16,18,12/10/2024 3:00
8261,54,297,10,12/10/2024 4:00
8262,20,474,16,12/10/2024 5:00
8263,79,220,8,12/10/2024 6:00
8264,31,257,6,12/10/2024 7:00
8265,135,367,19,12/10/2024 8:00
8266,58,268,13,12/10/2024 9:00
8267,105,229,15,12/10/2024 10:00
8268,10,119,13,12/10/2024 11:00
8269,10,440,1,12/10/2024 12:00
8270,39,178,2,12/10/2024 13:00
8271,156,20,13,12/10/2024 14:00
8272,158,450,2,12/10/2024 15:00
8273,37,36,11,12/10/2024 16:00
8274,119,335,13,12/10/2024 17:00
8275,67,422,10,12/10/2024 18:00
8276,43,406,15,12/10/2024 19:00
8277,52,108,1,12/10/2024 20:00
8278,101,189,14,12/10/2024 21:00
8279,56,178,10,12/10/2024 22:00
8280,76,96,18,12/10/2024 23:00
8281,68,315,11,12/11/2024 0:00
8282,137,20,7,12/11/2024 1:00
8283,106,164,15,12/11/2024 2:00
8284,125,382,3,12/11/2024 3:00
8285,92,97,2,12/11/2024 4:00
8286,23,143,8,12/11/2024 5:00
8287,191,62,8,12/11/2024 6:00
8288,109,242,11,12/11/2024 7:00
8289,61,238,16,12/11/2024 8:00
8290,168,131,2,12/11/2024 9:00
8291,44,93,5,12/11/2024 10:00
8292,152,495,7,12/11/2024 11:00
8293,179,91,13,12/11/2024 12:00
8294,186,133,2,12/11/2024 13:00
8295,161,123,3,12/11/2024 14:00
8296,16,440,9,12/11/2024 15:00
8297,22,415,10,12/11/2024 16:00
8298,57,342,13,12/11/2024 17:00
8299,62,419,13,12/11/2024 18:00
8300,107,118,5,12/11/2024 19:00
8301,71,455,7,12/11/2024 20:00
8302,90,198,17,12/11/2024 21:00
8303,72,282,15,12/11/2024 22:00
8304,70,374,5,12/11/2024 23:00
8305,30,1,7,12/12/2024 0:00
8306,103,211,2,12/12/2024 1:00
8307,151,263,18,12/12/2024 2:00
8308,32,420,10,12/12/2024 3:00
8309,86,332,1,12/12/2024 4:00
8310,57,212,14,12/12/2024 5:00
8311,109,87,19,12/12/2024 6:00
8312,9,153,16,12/12/2024 7:00
8313,31,350,19,12/12/2024 8:00
8314,71,187,6,12/12/2024 9:00
8315,137,61,12,12/12/2024 10:00
8316,13,285,3,12/12/2024 11:00
8317,186,95,7,12/12/2024 12:00
8318,131,274,3,12/12/2024 13:00
8319,35,41,17,12/12/2024 14:00
8320,21,147,15,12/12/2024 15:00
8321,64,246,19,12/12/2024 16:00
8322,95,132,19,12/12/2024 17:00
8323,180,449,11,12/12/2024 18:00
8324,34,297,2,12/12/2024 19:00
8325,121,123,7,12/12/2024 20:00
8326,163,143,19,12/12/2024 21:00
8327,15,182,7,12/12/2024 22:00
8328,120,192,10,12/12/2024 23:00
8329,96,456,12,12/13/2024 0:00
8330,6,399,18,12/13/2024 1:00
8331,109,207,6,12/13/2024 2:00
8332,97,434,8,12/13/2024 3:00
8333,32,231,5,12/13/2024 4:00
8334,180,22,3,12/13/2024 5:00
8335,83,402,2,12/13/2024 6:00
8336,156,80,6,12/13/2024 7:00
8337,118,130,7,12/13/2024 8:00
8338,192,292,8,12/13/2024 9:00
8339,79,276,4,12/13/2024 10:00
8340,78,400,12,12/13/2024 11:00
8341,147,323,12,12/13/2024 12:00
8342,107,376,17,12/13/2024 13:00
8343,126,414,19,12/13/2024 14:00
8344,15,55,9,12/13/2024 15:00
8345,134,66,12,12/13/2024 16:00
8346,73,227,17,12/13/2024 17:00
8347,101,26,10,12/13/2024 18:00
8348,98,441,19,12/13/2024 19:00
8349,166,253,11,12/13/2024 20:00
8350,26,197,13,12/13/2024 21:00
8351,92,130,4,12/13/2024 22:00
8352,125,243,15,12/13/2024 23:00
8353,179,312,12,12/14/2024 0:00
8354,73,212,10,12/14/2024 1:00
8355,123,190,7,12/14/2024 2:00
8356,53,290,2,12/14/2024 3:00
8357,184,226,7,12/14/2024 4:00
8358,187,246,8,12/14/2024 5:00
8359,198,56,19,12/14/2024 6:00
8360,78,55,6,12/14/2024 7:00
8361,92,276,8,12/14/2024 8:00
8362,186,306,4,12/14/2024 9:00
8363,88,409,9,12/14/2024 10:00
8364,13,340,5,12/14/2024 11:00
8365,43,153,6,12/14/2024 12:00
8366,76,53,19,12/14/2024 13:00
8367,51,398,12,12/14/2024 14:00
8368,19,444,5,12/14/2024 15:00
8369,149,111,5,12/14/2024 16:00
8370,122,492,18,12/14/2024 17:00
8371,24,427,6,12/14/2024 18:00
8372,26,491,9,12/14/2024 19:00
8373,173,446,11,12/14/2024 20:00
8374,156,487,14,12/14/2024 21:00
8375,120,204,2,12/14/2024 22:00
8376,82,112,14,12/14/2024 23:00
8377,100,325,19,12/15/2024 0:00
8378,157,447,10,12/15/2024 1:00
8379,17,258,5,12/15/2024 2:00
8380,68,438,4,12/15/2024 3:00
8381,44,16,7,12/15/2024 4:00
8382,61,439,13,12/15/2024 5:00
8383,123,350,10,12/15/2024 6:00
8384,93,495,10,12/15/2024 7:00
8385,196,427,4,12/15/2024 8:00
8386,74,445,16,12/15/2024 9:00
8387,153,166,15,12/15/2024 10:00
8388,67,301,11,12/15/2024 11:00
8389,111,382,19,12/15/2024 12:00
8390,2,435,3,12/15/2024 13:00
8391,89,426,15,12/15/2024 14:00
8392,177,280,16,12/15/2024 15:00
8393,198,371,14,12/15/2024 16:00
8394,26,158,5,12/15/2024 17:00
8395,200,421,17,12/15/2024 18:00
8396,99,249,18,12/15/2024 19:00
8397,27,379,19,12/15/2024 20:00
8398,89,181,1,12/15/2024 21:00
8399,146,191,9,12/15/2024 22:00
8400,182,487,14,12/15/2024 23:00
8401,1,139,11,12/16/2024 0:00
8402,189,78,2,12/16/2024 1:00
8403,103,407,5,12/16/2024 2:00
8404,131,373,15,12/16/2024 3:00
8405,196,336,12,12/16/2024 4:00
8406,41,50,14,12/16/2024 5:00
8407,165,85,11,12/16/2024 6:00
8408,51,183,9,12/16/2024 7:00
8409,15,183,8,12/16/2024 8:00
8410,8,4,12,12/16/2024 9:00
8411,38,481,3,12/16/2024 10:00
8412,114,438,15,12/16/2024 11:00
8413,83,317,8,12/16/2024 12:00
8414,56,111,7,12/16/2024 13:00
8415,175,334,17,12/16/2024 14:00
8416,103,339,12,12/16/2024 15:00
8417,138,251,18,12/16/2024 16:00
8418,102,133,18,12/16/2024 17:00
8419,78,100,15,12/16/2024 18:00
8420,177,479,3,12/16/2024 19:00
8421,169,493,19,12/16/2024 20:00
8422,83,402,15,12/16/2024 21:00
8423,30,172,16,12/16/2024 22:00
8424,5,287,17,12/16/2024 23:00
8425,119,119,1,12/17/2024 0:00
8426,199,350,11,12/17/2024 1:00
8427,31,405,6,12/17/2024 2:00
8428,180,175,9,12/17/2024 3:00
8429,23,30,16,12/17/2024 4:00
8430,48,55,6,12/17/2024 5:00
8431,109,361,12,12/17/2024 6:00
8432,40,196,19,12/17/2024 7:00
8433,6,453,13,12/17/2024 8:00
8434,38,41,13,12/17/2024 9:00
8435,169,173,4,12/17/2024 10:00
8436,100,330,9,12/17/2024 11:00
8437,27,219,14,12/17/2024 12:00
8438,69,208,14,12/17/2024 13:00
8439,57,158,17,12/17/2024 14:00
8440,17,333,5,12/17/2024 15:00
8441,71,228,19,12/17/2024 16:00
8442,47,85,2,12/17/2024 17:00
8443,79,173,13,12/17/2024 18:00
8444,110,245,11,12/17/2024 19:00
8445,13,360,2,12/17/2024 20:00
8446,139,173,1,12/17/2024 21:00
8447,124,335,3,12/17/2024 22:00
8448,109,212,12,12/17/2024 23:00
8449,90,84,7,12/18/2024 0:00
8450,86,173,1,12/18/2024 1:00
8451,92,183,9,12/18/2024 2:00
8452,24,443,18,12/18/2024 3:00
8453,73,133,6,12/18/2024 4:00
8454,4,380,9,12/18/2024 5:00
8455,113,288,8,12/18/2024 6:00
8456,46,262,18,12/18/2024 7:00
8457,18,350,15,12/18/2024 8:00
8458,43,282,1,12/18/2024 9:00
8459,161,293,14,12/18/2024 10:00
8460,93,269,18,12/18/2024 11:00
8461,103,349,19,12/18/2024 12:00
8462,124,197,19,12/18/2024 13:00
8463,10,25,10,12/18/2024 14:00
8464,73,141,6,12/18/2024 15:00
8465,187,472,17,12/18/2024 16:00
8466,31,223,14,12/18/2024 17:00
8467,156,20,13,12/18/2024 18:00
8468,60,247,8,12/18/2024 19:00
8469,131,328,10,12/18/2024 20:00
8470,118,444,9,12/18/2024 21:00
8471,183,201,5,12/18/2024 22:00
8472,14,405,4,12/18/2024 23:00
8473,186,115,6,12/19/2024 0:00
8474,143,383,6,12/19/2024 1:00
8475,2,189,13,12/19/2024 2:00
8476,24,468,4,12/19/2024 3:00
8477,64,463,8,12/19/2024 4:00
8478,199,26,5,12/19/2024 5:00
8479,100,54,2,12/19/2024 6:00
8480,114,170,9,12/19/2024 7:00
8481,24,395,11,12/19/2024 8:00
8482,155,421,11,12/19/2024 9:00
8483,165,489,7,12/19/2024 10:00
8484,91,381,14,12/19/2024 11:00
8485,167,11,6,12/19/2024 12:00
8486,191,27,4,12/19/2024 13:00
8487,26,350,6,12/19/2024 14:00
8488,65,83,3,12/19/2024 15:00
8489,120,290,6,12/19/2024 16:00
8490,4,38,3,12/19/2024 17:00
8491,157,445,1,12/19/2024 18:00
8492,1,87,18,12/19/2024 19:00
8493,50,437,4,12/19/2024 20:00
8494,110,321,6,12/19/2024 21:00
8495,139,387,17,12/19/2024 22:00
8496,74,451,18,12/19/2024 23:00
8497,187,156,6,12/20/2024 0:00
8498,62,398,2,12/20/2024 1:00
8499,81,308,12,12/20/2024 2:00
8500,164,286,12,12/20/2024 3:00
8501,56,186,4,12/20/2024 4:00
8502,111,182,16,12/20/2024 5:00
8503,21,453,10,12/20/2024 6:00
8504,141,369,10,12/20/2024 7:00
8505,9,143,7,12/20/2024 8:00
8506,139,422,14,12/20/2024 9:00
8507,70,206,7,12/20/2024 10:00
8508,129,142,12,12/20/2024 11:00
8509,118,185,11,12/20/2024 12:00
8510,198,443,17,12/20/2024 13:00
8511,56,241,11,12/20/2024 14:00
8512,31,8,3,12/20/2024 15:00
8513,37,72,19,12/20/2024 16:00
8514,175,403,4,12/20/2024 17:00
8515,91,288,8,12/20/2024 18:00
8516,114,95,14,12/20/2024 19:00
8517,128,157,14,12/20/2024 20:00
8518,175,41,16,12/20/2024 21:00
8519,122,331,15,12/20/2024 22:00
8520,69,301,12,12/20/2024 23:00
8521,186,269,16,12/21/2024 0:00
8522,36,155,19,12/21/2024 1:00
8523,32,275,5,12/21/2024 2:00
8524,64,154,12,12/21/2024 3:00
8525,199,53,5,12/21/2024 4:00
8526,170,179,10,12/21/2024 5:00
8527,48,421,17,12/21/2024 6:00
8528,81,240,15,12/21/2024 7:00
8529,158,137,8,12/21/2024 8:00
8530,149,255,8,12/21/2024 9:00
8531,60,476,8,12/21/2024 10:00
8532,141,224,10,12/21/2024 11:00
8533,1,180,13,12/21/2024 12:00
8534,65,182,16,12/21/2024 13:00
8535,33,259,9,12/21/2024 14:00
8536,38,243,16,12/21/2024 15:00
8537,25,96,10,12/21/2024 16:00
8538,154,197,3,12/21/2024 17:00
8539,59,392,14,12/21/2024 18:00
8540,161,14,13,12/21/2024 19:00
8541,101,120,4,12/21/2024 20:00
8542,127,387,4,12/21/2024 21:00
8543,41,408,6,12/21/2024 22:00
8544,158,269,19,12/21/2024 23:00
8545,57,171,11,12/22/2024 0:00
8546,177,413,8,12/22/2024 1:00
8547,48,72,14,12/22/2024 2:00
8548,72,179,8,12/22/2024 3:00
8549,177,170,14,12/22/2024 4:00
8550,175,159,7,12/22/2024 5:00
8551,56,447,18,12/22/2024 6:00
8552,65,154,12,12/22/2024 7:00
8553,12,402,14,12/22/2024 8:00
8554,69,82,15,12/22/2024 9:00
8555,134,57,18,12/22/2024 10:00
8556,89,7,12,12/22/2024 11:00
8557,193,112,10,12/22/2024 12:00
8558,25,486,12,12/22/2024 13:00
8559,1,48,8,12/22/2024 14:00
8560,160,80,6,12/22/2024 15:00
8561,131,375,19,12/22/2024 16:00
8562,49,376,1,12/22/2024 17:00
8563,147,316,13,12/22/2024 18:00
8564,60,33,16,12/22/2024 19:00
8565,157,115,18,12/22/2024 20:00
8566,178,384,12,12/22/2024 21:00
8567,2,3,5,12/22/2024 22:00
8568,73,486,13,12/22/2024 23:00
8569,184,4,8,12/23/2024 0:00
8570,145,356,6,12/23/2024 1:00
8571,188,260,3,12/23/2024 2:00
8572,110,42,4,12/23/2024 3:00
8573,164,9,12,12/23/2024 4:00
8574,61,488,13,12/23/2024 5:00
8575,17,307,2,12/23/2024 6:00
8576,49,145,19,12/23/2024 7:00
8577,76,401,4,12/23/2024 8:00
8578,188,97,13,12/23/2024 9:00
8579,148,276,19,12/23/2024 10:00
8580,178,142,8,12/23/2024 11:00
8581,131,278,8,12/23/2024 12:00
8582,43,436,16,12/23/2024 13:00
8583,57,27,11,12/23/2024 14:00
8584,50,43,18,12/23/2024 15:00
8585,196,131,4,12/23/2024 16:00
8586,178,216,1,12/23/2024 17:00
8587,37,94,1,12/23/2024 18:00
8588,46,8,14,12/23/2024 19:00
8589,170,86,4,12/23/2024 20:00
8590,15,345,11,12/23/2024 21:00
8591,161,138,18,12/23/2024 22:00
8592,80,369,16,12/23/2024 23:00
8593,139,413,17,12/24/2024 0:00
8594,148,424,2,12/24/2024 1:00
8595,24,246,4,12/24/2024 2:00
8596,125,449,3,12/24/2024 3:00
8597,192,500,15,12/24/2024 4:00
8598,118,21,2,12/24/2024 5:00
8599,80,487,19,12/24/2024 6:00
8600,94,408,9,12/24/2024 7:00
8601,65,457,10,12/24/2024 8:00
8602,88,444,19,12/24/2024 9:00
8603,88,492,5,12/24/2024 10:00
8604,145,410,14,12/24/2024 11:00
8605,126,265,10,12/24/2024 12:00
8606,89,148,16,12/24/2024 13:00
8607,61,184,6,12/24/2024 14:00
8608,15,227,8,12/24/2024 15:00
8609,94,292,2,12/24/2024 16:00
8610,51,490,18,12/24/2024 17:00
8611,27,36,8,12/24/2024 18:00
8612,74,246,5,12/24/2024 19:00
8613,61,73,17,12/24/2024 20:00
8614,186,150,16,12/24/2024 21:00
8615,31,1,5,12/24/2024 22:00
8616,12,69,17,12/24/2024 23:00
8617,46,457,4,12/25/2024 0:00
8618,159,293,1,12/25/2024 1:00
8619,32,230,6,12/25/2024 2:00
8620,160,211,1,12/25/2024 3:00
8621,181,72,4,12/25/2024 4:00
8622,61,490,2,12/25/2024 5:00
8623,46,363,13,12/25/2024 6:00
8624,85,96,14,12/25/2024 7:00
8625,80,397,17,12/25/2024 8:00
8626,135,84,11,12/25/2024 9:00
8627,4,228,3,12/25/2024 10:00
8628,52,299,7,12/25/2024 11:00
8629,159,236,10,12/25/2024 12:00
8630,112,293,11,12/25/2024 13:00
8631,36,222,10,12/25/2024 14:00
8632,182,458,8,12/25/2024 15:00
8633,54,223,5,12/25/2024 16:00
8634,119,281,2,12/25/2024 17:00
8635,127,221,15,12/25/2024 18:00
8636,17,216,16,12/25/2024 19:00
8637,75,231,4,12/25/2024 20:00
8638,158,405,16,12/25/2024 21:00
8639,105,169,12,12/25/2024 22:00
8640,150,329,14,12/25/2024 23:00
8641,117,426,12,12/26/2024 0:00
8642,43,42,16,12/26/2024 1:00
8643,112,258,16,12/26/2024 2:00
8644,115,196,12,12/26/2024 3:00
8645,27,392,2,12/26/2024 4:00
8646,37,96,14,12/26/2024 5:00
8647,46,317,11,12/26/2024 6:00
8648,113,14,9,12/26/2024 7:00
8649,35,113,7,12/26/2024 8:00
8650,132,77,12,12/26/2024 9:00
8651,80,277,17,12/26/2024 10:00
8652,80,408,9,12/26/2024 11:00
8653,154,434,6,12/26/2024 12:00
8654,121,466,12,12/26/2024 13:00
8655,147,429,10,12/26/2024 14:00
8656,122,448,9,12/26/2024 15:00
8657,81,320,12,12/26/2024 16:00
8658,173,488,1,12/26/2024 17:00
8659,154,410,2,12/26/2024 18:00
8660,150,160,19,12/26/2024 19:00
8661,119,492,1,12/26/2024 20:00
8662,58,313,16,12/26/2024 21:00
8663,63,119,16,12/26/2024 22:00
8664,156,437,18,12/26/2024 23:00
8665,193,161,18,12/27/2024 0:00
8666,172,308,13,12/27/2024 1:00
8667,100,351,12,12/27/2024 2:00
8668,171,146,9,12/27/2024 3:00
8669,165,163,5,12/27/2024 4:00
8670,66,396,9,12/27/2024 5:00
8671,145,179,13,12/27/2024 6:00
8672,168,89,16,12/27/2024 7:00
8673,166,493,10,12/27/2024 8:00
8674,85,223,16,12/27/2024 9:00
8675,189,266,14,12/27/2024 10:00
8676,137,239,2,12/27/2024 11:00
8677,189,308,19,12/27/2024 12:00
8678,144,34,11,12/27/2024 13:00
8679,123,371,19,12/27/2024 14:00
8680,2,451,11,12/27/2024 15:00
8681,106,494,14,12/27/2024 16:00
8682,108,167,15,12/27/2024 17:00
8683,72,392,7,12/27/2024 18:00
8684,171,125,15,12/27/2024 19:00
8685,126,224,8,12/27/2024 20:00
8686,170,491,4,12/27/2024 21:00
8687,57,413,18,12/27/2024 22:00
8688,81,150,14,12/27/2024 23:00
8689,195,468,18,12/28/2024 0:00
8690,158,454,4,12/28/2024 1:00
8691,141,189,2,12/28/2024 2:00
8692,19,43,6,12/28/2024 3:00
8693,7,433,11,12/28/2024 4:00
8694,137,29,1,12/28/2024 5:00
8695,54,362,15,12/28/2024 6:00
8696,104,120,12,12/28/2024 7:00
8697,86,337,18,12/28/2024 8:00
8698,82,31,5,12/28/2024 9:00
8699,61,181,11,12/28/2024 10:00
8700,87,162,19,12/28/2024 11:00
8701,2,128,1,12/28/2024 12:00
8702,178,255,17,12/28/2024 13:00
8703,31,294,8,12/28/2024 14:00
8704,33,441,16,12/28/2024 15:00
8705,80,357,11,12/28/2024 16:00
8706,11,388,19,12/28/2024 17:00
8707,161,254,11,12/28/2024 18:00
8708,128,130,15,12/28/2024 19:00
8709,135,12,8,12/28/2024 20:00
8710,128,35,14,12/28/2024 21:00
8711,31,198,1,12/28/2024 22:00
8712,176,248,10,12/28/2024 23:00
8713,126,110,7,12/29/2024 0:00
8714,47,328,18,12/29/2024 1:00
8715,181,405,12,12/29/2024 2:00
8716,107,245,2,12/29/2024 3:00
8717,19,250,18,12/29/2024 4:00
8718,81,366,7,12/29/2024 5:00
8719,123,317,12,12/29/2024 6:00
8720,134,163,14,12/29/2024 7:00
8721,107,48,10,12/29/2024 8:00
8722,49,399,9,12/29/2024 9:00
8723,73,71,15,12/29/2024 10:00
8724,50,399,10,12/29/2024 11:00
8725,81,493,19,12/29/2024 12:00
8726,95,134,19,12/29/2024 13:00
8727,12,239,12,12/29/2024 14:00
8728,23,465,12,12/29/2024 15:00
8729,54,68,9,12/29/2024 16:00
8730,118,278,4,12/29/2024 17:00
8731,197,32,1,12/29/2024 18:00
8732,59,123,16,12/29/2024 19:00
8733,164,22,1,12/29/2024 20:00
8734,3,155,13,12/29/2024 21:00
8735,58,110,3,12/29/2024 22:00
8736,183,271,12,12/29/2024 23:00
8737,57,380,9,12/30/2024 0:00
8738,145,300,4,12/30/2024 1:00
8739,167,115,2,12/30/2024 2:00
8740,90,470,9,12/30/2024 3:00
8741,196,220,13,12/30/2024 4:00
8742,55,490,14,12/30/2024 5:00
8743,45,230,3,12/30/2024 6:00
8744,1,252,18,12/30/2024 7:00
8745,21,249,9,12/30/2024 8:00
8746,21,9,15,12/30/2024 9:00
8747,52,34,10,12/30/2024 10:00
8748,82,228,17,12/30/2024 11:00
8749,171,73,13,12/30/2024 12:00
8750,180,399,1,12/30/2024 13:00
8751,67,446,11,12/30/2024 14:00
8752,113,301,5,12/30/2024 15:00
8753,44,212,9,12/30/2024 16:00
8754,160,72,7,12/30/2024 17:00
8755,10,58,7,12/30/2024 18:00
8756,64,220,2,12/30/2024 19:00
8757,69,371,19,12/30/2024 20:00
8758,68,275,18,12/30/2024 21:00
8759,28,249,10,12/30/2024 22:00
8760,181,16,5,12/30/2024 23:00
8761,116,75,16,12/31/2024 0:00
8762,51,106,5,12/31/2024 1:00
8763,181,136,15,12/31/2024 2:00
8764,4,417,16,12/31/2024 3:00
8765,79,74,4,12/31/2024 4:00
8766,17,254,14,12/31/2024 5:00
8767,108,18,17,12/31/2024 6:00
8768,195,419,17,12/31/2024 7:00
8769,74,43,16,12/31/2024 8:00
8770,175,50,9,12/31/2024 9:00
8771,184,3,2,12/31/2024 10:00
8772,23,232,11,12/31/2024 11:00
8773,18,219,15,12/31/2024 12:00
8774,129,59,3,12/31/2024 13:00
8775,35,284,16,12/31/2024 14:00
8776,64,302,19,12/31/2024 15:00
8777,186,64,6,12/31/2024 16:00
8778,59,70,14,12/31/2024 17:00
8779,1,303,5,12/31/2024 18:00
8780,131,142,5,12/31/2024 19:00
8781,67,391,6,12/31/2024 20:00
8782,37,202,18,12/31/2024 21:00
8783,29,207,18,12/31/2024 22:00
8784,89,415,19,12/31/2024 23:00
8785,161,221,2,1/1/2025 0:00
8786,100,362,17,1/1/2025 1:00
8787,189,246,1,1/1/2025 2:00
8788,122,81,9,1/1/2025 3:00
8789,90,251,13,1/1/2025 4:00
8790,132,51,4,1/1/2025 5:00
8791,14,285,5,1/1/2025 6:00
8792,161,369,18,1/1/2025 7:00
8793,150,492,10,1/1/2025 8:00
8794,176,399,4,1/1/2025 9:00
8795,131,384,13,1/1/2025 10:00
8796,85,346,13,1/1/2025 11:00
8797,151,204,17,1/1/2025 12:00
8798,196,25,8,1/1/2025 13:00
8799,21,445,4,1/1/2025 14:00
8800,171,41,3,1/1/2025 15:00
8801,26,69,11,1/1/2025 16:00
8802,41,4,12,1/1/2025 17:00
8803,122,492,9,1/1/2025 18:00
8804,38,240,15,1/1/2025 19:00
8805,88,361,13,1/1/2025 20:00
8806,11,441,5,1/1/2025 21:00
8807,29,31,5,1/1/2025 22:00
8808,60,387,19,1/1/2025 23:00
8809,195,117,11,1/2/2025 0:00
8810,193,195,9,1/2/2025 1:00
8811,61,90,3,1/2/2025 2:00
8812,147,178,18,1/2/2025 3:00
8813,174,145,13,1/2/2025 4:00
8814,177,444,12,1/2/2025 5:00
8815,22,202,9,1/2/2025 6:00
8816,78,322,10,1/2/2025 7:00
8817,113,344,13,1/2/2025 8:00
8818,185,203,13,1/2/2025 9:00
8819,123,24,9,1/2/2025 10:00
8820,142,355,10,1/2/2025 11:00
8821,44,471,19,1/2/2025 12:00
8822,144,416,6,1/2/2025 13:00
8823,97,471,7,1/2/2025 14:00
8824,77,482,15,1/2/2025 15:00
8825,140,105,19,1/2/2025 16:00
8826,55,275,14,1/2/2025 17:00
8827,51,322,16,1/2/2025 18:00
8828,102,60,14,1/2/2025 19:00
8829,167,371,2,1/2/2025 20:00
8830,161,450,9,1/2/2025 21:00
8831,161,15,3,1/2/2025 22:00
8832,29,85,6,1/2/2025 23:00
8833,69,419,5,1/3/2025 0:00
8834,198,197,14,1/3/2025 1:00
8835,159,235,15,1/3/2025 2:00
8836,80,411,18,1/3/2025 3:00
8837,31,344,17,1/3/2025 4:00
8838,112,263,9,1/3/2025 5:00
8839,46,6,19,1/3/2025 6:00
8840,97,494,9,1/3/2025 7:00
8841,52,381,16,1/3/2025 8:00
8842,138,289,6,1/3/2025 9:00
8843,74,58,8,1/3/2025 10:00
8844,41,433,3,1/3/2025 11:00
8845,77,145,5,1/3/2025 12:00
8846,131,366,7,1/3/2025 13:00
8847,187,42,1,1/3/2025 14:00
8848,114,350,4,1/3/2025 15:00
8849,52,200,16,1/3/2025 16:00
8850,162,424,14,1/3/2025 17:00
8851,177,174,1,1/3/2025 18:00
8852,156,455,4,1/3/2025 19:00
8853,87,454,10,1/3/2025 20:00
8854,109,452,11,1/3/2025 21:00
8855,141,385,7,1/3/2025 22:00
8856,69,335,4,1/3/2025 23:00
8857,120,95,1,1/4/2025 0:00
8858,67,217,1,1/4/2025 1:00
8859,61,111,17,1/4/2025 2:00
8860,188,353,10,1/4/2025 3:00
8861,71,180,5,1/4/2025 4:00
8862,152,163,7,1/4/2025 5:00
8863,191,119,8,1/4/2025 6:00
8864,189,325,2,1/4/2025 7:00
8865,151,389,9,1/4/2025 8:00
8866,30,228,4,1/4/2025 9:00
8867,188,145,12,1/4/2025 10:00
8868,146,437,11,1/4/2025 11:00
8869,96,308,5,1/4/2025 12:00
8870,56,142,12,1/4/2025 13:00
8871,53,122,4,1/4/2025 14:00
8872,7,285,13,1/4/2025 15:00
8873,97,392,1,1/4/2025 16:00
8874,197,226,18,1/4/2025 17:00
8875,113,360,4,1/4/2025 18:00
8876,125,257,4,1/4/2025 19:00
8877,200,285,8,1/4/2025 20:00
8878,180,420,6,1/4/2025 21:00
8879,132,435,4,1/4/2025 22:00
8880,162,165,4,1/4/2025 23:00
8881,197,221,11,1/5/2025 0:00
8882,161,69,9,1/5/2025 1:00
8883,121,309,14,1/5/2025 2:00
8884,197,224,4,1/5/2025 3:00
8885,38,124,13,1/5/2025 4:00
8886,122,436,6,1/5/2025 5:00
8887,26,344,13,1/5/2025 6:00
8888,129,339,3,1/5/2025 7:00
8889,4,12,7,1/5/2025 8:00
8890,39,52,1,1/5/2025 9:00
8891,54,129,11,1/5/2025 10:00
8892,161,135,2,1/5/2025 11:00
8893,33,145,5,1/5/2025 12:00
8894,200,127,14,1/5/2025 13:00
8895,20,226,13,1/5/2025 14:00
8896,16,427,16,1/5/2025 15:00
8897,149,71,15,1/5/2025 16:00
8898,173,273,3,1/5/2025 17:00
8899,127,187,6,1/5/2025 18:00
8900,87,3,9,1/5/2025 19:00
8901,82,285,3,1/5/2025 20:00
8902,62,22,13,1/5/2025 21:00
8903,31,166,13,1/5/2025 22:00
8904,42,310,7,1/5/2025 23:00
8905,12,363,5,1/6/2025 0:00
8906,65,477,8,1/6/2025 1:00
8907,73,498,8,1/6/2025 2:00
8908,131,434,7,1/6/2025 3:00
8909,115,246,19,1/6/2025 4:00
8910,137,234,7,1/6/2025 5:00
8911,106,325,4,1/6/2025 6:00
8912,179,158,10,1/6/2025 7:00
8913,16,151,13,1/6/2025 8:00
8914,78,213,4,1/6/2025 9:00
8915,125,376,19,1/6/2025 10:00
8916,131,218,10,1/6/2025 11:00
8917,152,246,7,1/6/2025 12:00
8918,141,303,5,1/6/2025 13:00
8919,130,405,3,1/6/2025 14:00
8920,199,276,2,1/6/2025 15:00
8921,112,151,11,1/6/2025 16:00
8922,127,196,10,1/6/2025 17:00
8923,21,405,13,1/6/2025 18:00
8924,147,21,7,1/6/2025 19:00
8925,89,257,10,1/6/2025 20:00
8926,47,399,4,1/6/2025 21:00
8927,150,17,16,1/6/2025 22:00
8928,161,51,6,1/6/2025 23:00
8929,160,447,9,1/7/2025 0:00
8930,192,270,13,1/7/2025 1:00
8931,85,315,7,1/7/2025 2:00
8932,167,83,18,1/7/2025 3:00
8933,128,306,14,1/7/2025 4:00
8934,72,124,5,1/7/2025 5:00
8935,42,290,13,1/7/2025 6:00
8936,9,262,8,1/7/2025 7:00
8937,25,365,15,1/7/2025 8:00
8938,2,49,19,1/7/2025 9:00
8939,19,6,9,1/7/2025 10:00
8940,20,117,6,1/7/2025 11:00
8941,70,118,14,1/7/2025 12:00
8942,17,453,10,1/7/2025 13:00
8943,124,263,9,1/7/2025 14:00
8944,89,353,17,1/7/2025 15:00
8945,196,461,13,1/7/2025 16:00
8946,94,435,17,1/7/2025 17:00
8947,84,374,19,1/7/2025 18:00
8948,131,129,13,1/7/2025 19:00
8949,87,397,9,1/7/2025 20:00
8950,51,171,1,1/7/2025 21:00
8951,82,27,1,1/7/2025 22:00
8952,154,199,5,1/7/2025 23:00
8953,184,372,8,1/8/2025 0:00
8954,192,387,18,1/8/2025 1:00
8955,8,314,4,1/8/2025 2:00
8956,165,345,1,1/8/2025 3:00
8957,121,97,15,1/8/2025 4:00
8958,155,488,4,1/8/2025 5:00
8959,173,17,9,1/8/2025 6:00
8960,4,173,10,1/8/2025 7:00
8961,86,462,15,1/8/2025 8:00
8962,128,101,3,1/8/2025 9:00
8963,110,186,2,1/8/2025 10:00
8964,99,184,5,1/8/2025 11:00
8965,37,438,1,1/8/2025 12:00
8966,71,215,11,1/8/2025 13:00
8967,33,251,12,1/8/2025 14:00
8968,31,216,3,1/8/2025 15:00
8969,183,29,16,1/8/2025 16:00
8970,125,102,14,1/8/2025 17:00
8971,12,123,12,1/8/2025 18:00
8972,11,54,16,1/8/2025 19:00
8973,88,283,8,1/8/2025 20:00
8974,72,102,17,1/8/2025 21:00
8975,32,117,17,1/8/2025 22:00
8976,57,104,7,1/8/2025 23:00
8977,166,45,15,1/9/2025 0:00
8978,188,114,9,1/9/2025 1:00
8979,86,343,4,1/9/2025 2:00
8980,19,31,8,1/9/2025 3:00
8981,116,164,10,1/9/2025 4:00
8982,184,465,15,1/9/2025 5:00
8983,14,189,18,1/9/2025 6:00
8984,33,293,14,1/9/2025 7:00
8985,10,195,5,1/9/2025 8:00
8986,80,292,9,1/9/2025 9:00
8987,192,375,13,1/9/2025 10:00
8988,64,261,19,1/9/2025 11:00
8989,190,430,11,1/9/2025 12:00
8990,68,207,12,1/9/2025 13:00
8991,92,52,3,1/9/2025 14:00
8992,125,49,2,1/9/2025 15:00
8993,171,6,15,1/9/2025 16:00
8994,80,379,5,1/9/2025 17:00
8995,59,394,7,1/9/2025 18:00
8996,180,374,4,1/9/2025 19:00
8997,97,224,5,1/9/2025 20:00
8998,19,23,16,1/9/2025 21:00
8999,149,496,15,1/9/2025 22:00
9000,22,145,16,1/9/2025 23:00
9001,9,110,4,1/10/2025 0:00
9002,9,212,6,1/10/2025 1:00
9003,27,300,18,1/10/2025 2:00
9004,17,41,3,1/10/2025 3:00
9005,172,399,5,1/10/2025 4:00
9006,45,172,2,1/10/2025 5:00
9007,8,494,16,1/10/2025 6:00
9008,146,186,6,1/10/2025 7:00
9009,125,214,15,1/10/2025 8:00
9010,123,306,18,1/10/2025 9:00
9011,33,52,6,1/10/2025 10:00
9012,1,70,13,1/10/2025 11:00
9013,6,196,13,1/10/2025 12:00
9014,41,447,1,1/10/2025 13:00
9015,183,442,16,1/10/2025 14:00
9016,5,151,4,1/10/2025 15:00
9017,187,428,17,1/10/2025 16:00
9018,80,109,18,1/10/2025 17:00
9019,18,467,16,1/10/2025 18:00
9020,177,118,1,1/10/2025 19:00
9021,82,365,6,1/10/2025 20:00
9022,65,95,11,1/10/2025 21:00
9023,83,256,6,1/10/2025 22:00
9024,182,44,17,1/10/2025 23:00
9025,189,436,4,1/11/2025 0:00
9026,136,67,14,1/11/2025 1:00
9027,131,156,14,1/11/2025 2:00
9028,25,323,8,1/11/2025 3:00
9029,69,206,2,1/11/2025 4:00
9030,183,274,5,1/11/2025 5:00
9031,168,155,4,1/11/2025 6:00
9032,82,179,10,1/11/2025 7:00
9033,178,60,3,1/11/2025 8:00
9034,117,74,16,1/11/2025 9:00
9035,95,49,10,1/11/2025 10:00
9036,33,271,15,1/11/2025 11:00
9037,111,467,4,1/11/2025 12:00
9038,146,73,1,1/11/2025 13:00
9039,125,196,15,1/11/2025 14:00
9040,185,399,10,1/11/2025 15:00
9041,16,179,18,1/11/2025 16:00
9042,80,48,16,1/11/2025 17:00
9043,38,72,9,1/11/2025 18:00
9044,169,113,19,1/11/2025 19:00
9045,135,245,17,1/11/2025 20:00
9046,78,385,10,1/11/2025 21:00
9047,181,391,19,1/11/2025 22:00
9048,63,309,8,1/11/2025 23:00
9049,112,159,19,1/12/2025 0:00
9050,89,274,5,1/12/2025 1:00
9051,160,268,2,1/12/2025 2:00
9052,38,304,15,1/12/2025 3:00
9053,150,30,17,1/12/2025 4:00
9054,144,97,10,1/12/2025 5:00
9055,52,251,2,1/12/2025 6:00
9056,29,495,9,1/12/2025 7:00
9057,144,7,2,1/12/2025 8:00
9058,76,92,18,1/12/2025 9:00
9059,145,113,12,1/12/2025 10:00
9060,64,259,15,1/12/2025 11:00
9061,91,107,6,1/12/2025 12:00
9062,89,63,18,1/12/2025 13:00
9063,13,390,13,1/12/2025 14:00
9064,72,479,4,1/12/2025 15:00
9065,184,358,12,1/12/2025 16:00
9066,5,271,9,1/12/2025 17:00
9067,12,199,2,1/12/2025 18:00
9068,169,427,16,1/12/2025 19:00
9069,3,478,1,1/12/2025 20:00
9070,33,347,4,1/12/2025 21:00
9071,121,337,15,1/12/2025 22:00
9072,50,146,1,1/12/2025 23:00
9073,184,406,15,1/13/2025 0:00
9074,137,61,3,1/13/2025 1:00
9075,178,120,13,1/13/2025 2:00
9076,29,61,18,1/13/2025 3:00
9077,39,309,13,1/13/2025 4:00
9078,91,26,10,1/13/2025 5:00
9079,100,115,7,1/13/2025 6:00
9080,173,475,8,1/13/2025 7:00
9081,17,40,1,1/13/2025 8:00
9082,56,344,18,1/13/2025 9:00
9083,46,116,12,1/13/2025 10:00
9084,67,136,18,1/13/2025 11:00
9085,197,277,12,1/13/2025 12:00
9086,142,477,9,1/13/2025 13:00
9087,67,299,2,1/13/2025 14:00
9088,23,21,14,1/13/2025 15:00
9089,94,387,4,1/13/2025 16:00
9090,189,31,15,1/13/2025 17:00
9091,151,247,17,1/13/2025 18:00
9092,155,411,19,1/13/2025 19:00
9093,54,494,6,1/13/2025 20:00
9094,138,27,9,1/13/2025 21:00
9095,77,73,17,1/13/2025 22:00
9096,16,441,15,1/13/2025 23:00
9097,41,97,5,1/14/2025 0:00
9098,98,161,18,1/14/2025 1:00
9099,183,346,4,1/14/2025 2:00
9100,128,476,2,1/14/2025 3:00
9101,61,300,19,1/14/2025 4:00
9102,86,299,5,1/14/2025 5:00
9103,118,287,4,1/14/2025 6:00
9104,100,373,5,1/14/2025 7:00
9105,49,449,19,1/14/2025 8:00
9106,180,212,13,1/14/2025 9:00
9107,2,76,16,1/14/2025 10:00
9108,120,401,12,1/14/2025 11:00
9109,178,143,9,1/14/2025 12:00
9110,123,34,16,1/14/2025 13:00
9111,86,498,14,1/14/2025 14:00
9112,171,336,1,1/14/2025 15:00
9113,77,4,4,1/14/2025 16:00
9114,136,328,9,1/14/2025 17:00
9115,59,98,19,1/14/2025 18:00
9116,193,366,14,1/14/2025 19:00
9117,12,217,12,1/14/2025 20:00
9118,4,463,4,1/14/2025 21:00
9119,117,28,7,1/14/2025 22:00
9120,95,201,17,1/14/2025 23:00
9121,125,386,1,1/15/2025 0:00
9122,41,273,14,1/15/2025 1:00
9123,123,314,15,1/15/2025 2:00
9124,7,127,12,1/15/2025 3:00
9125,69,202,12,1/15/2025 4:00
9126,69,9,6,1/15/2025 5:00
9127,81,287,13,1/15/2025 6:00
9128,30,450,16,1/15/2025 7:00
9129,73,88,14,1/15/2025 8:00
9130,6,318,7,1/15/2025 9:00
9131,89,19,16,1/15/2025 10:00
9132,147,81,9,1/15/2025 11:00
9133,66,107,14,1/15/2025 12:00
9134,10,497,7,1/15/2025 13:00
9135,144,458,12,1/15/2025 14:00
9136,37,498,3,1/15/2025 15:00
9137,77,311,14,1/15/2025 16:00
9138,77,412,19,1/15/2025 17:00
9139,32,230,11,1/15/2025 18:00
9140,47,112,5,1/15/2025 19:00
9141,110,220,13,1/15/2025 20:00
9142,200,123,10,1/15/2025 21:00
9143,171,498,7,1/15/2025 22:00
9144,120,244,17,1/15/2025 23:00
9145,164,178,16,1/16/2025 0:00
9146,154,65,8,1/16/2025 1:00
9147,10,380,17,1/16/2025 2:00
9148,159,3,13,1/16/2025 3:00
9149,97,207,11,1/16/2025 4:00
9150,157,436,18,1/16/2025 5:00
9151,5,394,5,1/16/2025 6:00
9152,77,21,6,1/16/2025 7:00
9153,1,293,14,1/16/2025 8:00
9154,131,15,12,1/16/2025 9:00
9155,67,343,4,1/16/2025 10:00
9156,199,206,7,1/16/2025 11:00
9157,163,463,11,1/16/2025 12:00
9158,15,202,2,1/16/2025 13:00
9159,195,120,4,1/16/2025 14:00
9160,93,137,7,1/16/2025 15:00
9161,30,300,1,1/16/2025 16:00
9162,103,295,15,1/16/2025 17:00
9163,82,389,8,1/16/2025 18:00
9164,75,25,5,1/16/2025 19:00
9165,171,312,14,1/16/2025 20:00
9166,60,234,18,1/16/2025 21:00
9167,40,121,3,1/16/2025 22:00
9168,193,90,2,1/16/2025 23:00
9169,157,320,16,1/17/2025 0:00
9170,74,200,14,1/17/2025 1:00
9171,121,470,16,1/17/2025 2:00
9172,147,180,11,1/17/2025 3:00
9173,3,345,17,1/17/2025 4:00
9174,36,368,3,1/17/2025 5:00
9175,43,76,5,1/17/2025 6:00
9176,143,137,3,1/17/2025 7:00
9177,169,138,15,1/17/2025 8:00
9178,115,496,5,1/17/2025 9:00
9179,109,10,3,1/17/2025 10:00
9180,90,201,6,1/17/2025 11:00
9181,164,318,14,1/17/2025 12:00
9182,84,346,2,1/17/2025 13:00
9183,77,483,18,1/17/2025 14:00
9184,161,219,6,1/17/2025 15:00
9185,5,60,5,1/17/2025 16:00
9186,78,479,14,1/17/2025 17:00
9187,91,147,17,1/17/2025 18:00
9188,87,107,11,1/17/2025 19:00
9189,14,38,1,1/17/2025 20:00
9190,104,134,10,1/17/2025 21:00
9191,196,399,9,1/17/2025 22:00
9192,83,221,12,1/17/2025 23:00
9193,175,303,1,1/18/2025 0:00
9194,54,429,18,1/18/2025 1:00
9195,132,133,12,1/18/2025 2:00
9196,95,334,2,1/18/2025 3:00
9197,9,53,1,1/18/2025 4:00
9198,53,450,1,1/18/2025 5:00
9199,77,62,1,1/18/2025 6:00
9200,60,23,12,1/18/2025 7:00
9201,46,44,7,1/18/2025 8:00
9202,54,308,4,1/18/2025 9:00
9203,74,46,4,1/18/2025 10:00
9204,112,147,15,1/18/2025 11:00
9205,95,216,1,1/18/2025 12:00
9206,165,340,6,1/18/2025 13:00
9207,23,47,14,1/18/2025 14:00
9208,27,347,14,1/18/2025 15:00
9209,70,308,10,1/18/2025 16:00
9210,194,24,7,1/18/2025 17:00
9211,109,145,12,1/18/2025 18:00
9212,189,89,19,1/18/2025 19:00
9213,77,174,9,1/18/2025 20:00
9214,179,64,3,1/18/2025 21:00
9215,50,119,4,1/18/2025 22:00
9216,124,223,13,1/18/2025 23:00
9217,19,156,10,1/19/2025 0:00
9218,1,178,14,1/19/2025 1:00
9219,40,320,6,1/19/2025 2:00
9220,160,412,8,1/19/2025 3:00
9221,22,342,19,1/19/2025 4:00
9222,112,56,10,1/19/2025 5:00
9223,194,59,5,1/19/2025 6:00
9224,40,389,5,1/19/2025 7:00
9225,38,438,5,1/19/2025 8:00
9226,48,428,9,1/19/2025 9:00
9227,183,426,9,1/19/2025 10:00
9228,75,456,15,1/19/2025 11:00
9229,183,381,9,1/19/2025 12:00
9230,179,486,14,1/19/2025 13:00
9231,107,220,6,1/19/2025 14:00
9232,188,185,8,1/19/2025 15:00
9233,8,47,2,1/19/2025 16:00
9234,86,460,5,1/19/2025 17:00
9235,68,377,17,1/19/2025 18:00
9236,75,409,10,1/19/2025 19:00
9237,200,102,14,1/19/2025 20:00
9238,137,44,18,1/19/2025 21:00
9239,90,15,1,1/19/2025 22:00
9240,130,236,2,1/19/2025 23:00
9241,80,361,4,1/20/2025 0:00
9242,95,51,13,1/20/2025 1:00
9243,70,309,16,1/20/2025 2:00
9244,90,34,5,1/20/2025 3:00
9245,59,124,10,1/20/2025 4:00
9246,147,493,17,1/20/2025 5:00
9247,28,77,11,1/20/2025 6:00
9248,72,392,5,1/20/2025 7:00
9249,14,123,15,1/20/2025 8:00
9250,24,205,4,1/20/2025 9:00
9251,112,228,7,1/20/2025 10:00
9252,44,70,10,1/20/2025 11:00
9253,56,230,4,1/20/2025 12:00
9254,120,480,5,1/20/2025 13:00
9255,179,21,5,1/20/2025 14:00
9256,32,108,11,1/20/2025 15:00
9257,178,364,19,1/20/2025 16:00
9258,169,241,5,1/20/2025 17:00
9259,194,251,8,1/20/2025 18:00
9260,25,135,7,1/20/2025 19:00
9261,116,90,8,1/20/2025 20:00
9262,189,79,13,1/20/2025 21:00
9263,66,440,5,1/20/2025 22:00
9264,42,177,18,1/20/2025 23:00
9265,193,298,9,1/21/2025 0:00
9266,164,407,2,1/21/2025 1:00
9267,76,308,16,1/21/2025 2:00
9268,137,102,14,1/21/2025 3:00
9269,164,361,17,1/21/2025 4:00
9270,38,335,6,1/21/2025 5:00
9271,161,112,3,1/21/2025 6:00
9272,170,181,17,1/21/2025 7:00
9273,61,104,13,1/21/2025 8:00
9274,174,16,6,1/21/2025 9:00
9275,89,96,8,1/21/2025 10:00
9276,189,293,6,1/21/2025 11:00
9277,18,146,16,1/21/2025 12:00
9278,70,404,6,1/21/2025 13:00
9279,82,302,17,1/21/2025 14:00
9280,116,2,3,1/21/2025 15:00
9281,80,119,12,1/21/2025 16:00
9282,15,343,6,1/21/2025 17:00
9283,176,94,7,1/21/2025 18:00
9284,200,191,11,1/21/2025 19:00
9285,13,3,9,1/21/2025 20:00
9286,119,430,16,1/21/2025 21:00
9287,43,487,5,1/21/2025 22:00
9288,188,111,15,1/21/2025 23:00
9289,57,177,4,1/22/2025 0:00
9290,199,257,5,1/22/2025 1:00
9291,17,361,7,1/22/2025 2:00
9292,178,22,3,1/22/2025 3:00
9293,32,477,4,1/22/2025 4:00
9294,150,398,15,1/22/2025 5:00
9295,55,496,2,1/22/2025 6:00
9296,185,220,5,1/22/2025 7:00
9297,13,469,7,1/22/2025 8:00
9298,47,173,17,1/22/2025 9:00
9299,87,224,8,1/22/2025 10:00
9300,62,390,9,1/22/2025 11:00
9301,182,65,10,1/22/2025 12:00
9302,29,277,11,1/22/2025 13:00
9303,22,249,1,1/22/2025 14:00
9304,65,260,15,1/22/2025 15:00
9305,29,131,8,1/22/2025 16:00
9306,48,113,19,1/22/2025 17:00
9307,5,286,12,1/22/2025 18:00
9308,163,287,6,1/22/2025 19:00
9309,101,418,10,1/22/2025 20:00
9310,71,211,5,1/22/2025 21:00
9311,174,20,7,1/22/2025 22:00
9312,163,215,7,1/22/2025 23:00
9313,173,310,9,1/23/2025 0:00
9314,141,251,15,1/23/2025 1:00
9315,138,488,6,1/23/2025 2:00
9316,66,382,16,1/23/2025 3:00
9317,198,409,7,1/23/2025 4:00
9318,72,271,15,1/23/2025 5:00
9319,25,422,2,1/23/2025 6:00
9320,172,407,8,1/23/2025 7:00
9321,60,180,12,1/23/2025 8:00
9322,175,194,11,1/23/2025 9:00
9323,40,441,6,1/23/2025 10:00
9324,7,313,13,1/23/2025 11:00
9325,174,79,16,1/23/2025 12:00
9326,151,180,8,1/23/2025 13:00
9327,46,492,17,1/23/2025 14:00
9328,86,163,13,1/23/2025 15:00
9329,141,202,4,1/23/2025 16:00
9330,21,14,10,1/23/2025 17:00
9331,1,347,16,1/23/2025 18:00
9332,123,246,17,1/23/2025 19:00
9333,147,14,8,1/23/2025 20:00
9334,125,99,11,1/23/2025 21:00
9335,188,33,5,1/23/2025 22:00
9336,33,436,16,1/23/2025 23:00
9337,4,257,8,1/24/2025 0:00
9338,3,34,16,1/24/2025 1:00
9339,91,19,4,1/24/2025 2:00
9340,52,152,6,1/24/2025 3:00
9341,28,490,8,1/24/2025 4:00
9342,70,260,9,1/24/2025 5:00
9343,198,164,13,1/24/2025 6:00
9344,183,77,17,1/24/2025 7:00
9345,57,314,9,1/24/2025 8:00
9346,108,416,13,1/24/2025 9:00
9347,144,137,9,1/24/2025 10:00
9348,24,359,6,1/24/2025 11:00
9349,197,208,10,1/24/2025 12:00
9350,169,242,5,1/24/2025 13:00
9351,77,67,7,1/24/2025 14:00
9352,175,116,11,1/24/2025 15:00
9353,76,404,9,1/24/2025 16:00
9354,69,202,10,1/24/2025 17:00
9355,101,376,11,1/24/2025 18:00
9356,159,250,3,1/24/2025 19:00
9357,92,446,8,1/24/2025 20:00
9358,92,442,17,1/24/2025 21:00
9359,30,278,7,1/24/2025 22:00
9360,18,112,12,1/24/2025 23:00
9361,44,451,16,1/25/2025 0:00
9362,155,331,15,1/25/2025 1:00
9363,99,473,13,1/25/2025 2:00
9364,154,234,18,1/25/2025 3:00
9365,121,176,18,1/25/2025 4:00
9366,115,392,5,1/25/2025 5:00
9367,60,457,14,1/25/2025 6:00
9368,146,143,11,1/25/2025 7:00
9369,56,32,3,1/25/2025 8:00
9370,31,181,17,1/25/2025 9:00
9371,101,67,12,1/25/2025 10:00
9372,59,4,3,1/25/2025 11:00
9373,124,286,2,1/25/2025 12:00
9374,130,269,4,1/25/2025 13:00
9375,97,236,18,1/25/2025 14:00
9376,167,277,14,1/25/2025 15:00
9377,189,41,8,1/25/2025 16:00
9378,107,121,2,1/25/2025 17:00
9379,191,494,19,1/25/2025 18:00
9380,18,275,10,1/25/2025 19:00
9381,145,231,5,1/25/2025 20:00
9382,167,304,11,1/25/2025 21:00
9383,71,86,9,1/25/2025 22:00
9384,106,63,16,1/25/2025 23:00
9385,54,404,5,1/26/2025 0:00
9386,94,192,15,1/26/2025 1:00
9387,76,293,14,1/26/2025 2:00
9388,35,31,9,1/26/2025 3:00
9389,11,330,5,1/26/2025 4:00
9390,61,146,15,1/26/2025 5:00
9391,44,107,9,1/26/2025 6:00
9392,121,359,4,1/26/2025 7:00
9393,68,110,4,1/26/2025 8:00
9394,25,276,7,1/26/2025 9:00
9395,176,210,15,1/26/2025 10:00
9396,160,139,17,1/26/2025 11:00
9397,84,86,18,1/26/2025 12:00
9398,114,44,7,1/26/2025 13:00
9399,132,82,19,1/26/2025 14:00
9400,166,64,10,1/26/2025 15:00
9401,191,378,13,1/26/2025 16:00
9402,175,418,2,1/26/2025 17:00
9403,1,343,11,1/26/2025 18:00
9404,131,321,5,1/26/2025 19:00
9405,86,55,6,1/26/2025 20:00
9406,62,74,3,1/26/2025 21:00
9407,64,373,1,1/26/2025 22:00
9408,145,129,3,1/26/2025 23:00
9409,126,256,3,1/27/2025 0:00
9410,105,422,4,1/27/2025 1:00
9411,62,231,7,1/27/2025 2:00
9412,35,497,15,1/27/2025 3:00
9413,13,137,11,1/27/2025 4:00
9414,163,351,18,1/27/2025 5:00
9415,43,455,12,1/27/2025 6:00
9416,130,401,4,1/27/2025 7:00
9417,184,355,11,1/27/2025 8:00
9418,111,112,6,1/27/2025 9:00
9419,128,485,19,1/27/2025 10:00
9420,51,308,18,1/27/2025 11:00
9421,182,146,15,1/27/2025 12:00
9422,144,447,3,1/27/2025 13:00
9423,146,33,17,1/27/2025 14:00
9424,135,260,1,1/27/2025 15:00
9425,45,87,2,1/27/2025 16:00
9426,164,331,19,1/27/2025 17:00
9427,169,436,9,1/27/2025 18:00
9428,42,265,8,1/27/2025 19:00
9429,135,320,12,1/27/2025 20:00
9430,15,30,15,1/27/2025 21:00
9431,60,392,7,1/27/2025 22:00
9432,40,232,16,1/27/2025 23:00
9433,165,389,7,1/28/2025 0:00
9434,194,76,12,1/28/2025 1:00
9435,112,447,17,1/28/2025 2:00
9436,183,129,11,1/28/2025 3:00
9437,77,271,4,1/28/2025 4:00
9438,105,89,19,1/28/2025 5:00
9439,107,466,2,1/28/2025 6:00
9440,122,422,2,1/28/2025 7:00
9441,80,170,17,1/28/2025 8:00
9442,125,128,9,1/28/2025 9:00
9443,184,174,1,1/28/2025 10:00
9444,172,437,10,1/28/2025 11:00
9445,185,26,15,1/28/2025 12:00
9446,134,61,15,1/28/2025 13:00
9447,32,488,2,1/28/2025 14:00
9448,108,379,14,1/28/2025 15:00
9449,114,67,4,1/28/2025 16:00
9450,146,438,18,1/28/2025 17:00
9451,68,406,9,1/28/2025 18:00
9452,127,26,2,1/28/2025 19:00
9453,135,83,2,1/28/2025 20:00
9454,114,492,18,1/28/2025 21:00
9455,8,364,17,1/28/2025 22:00
9456,64,367,9,1/28/2025 23:00
9457,135,60,8,1/29/2025 0:00
9458,41,39,2,1/29/2025 1:00
9459,40,123,2,1/29/2025 2:00
9460,3,292,5,1/29/2025 3:00
9461,145,277,12,1/29/2025 4:00
9462,194,425,16,1/29/2025 5:00
9463,110,374,14,1/29/2025 6:00
9464,114,304,2,1/29/2025 7:00
9465,112,282,8,1/29/2025 8:00
9466,180,191,4,1/29/2025 9:00
9467,150,461,9,1/29/2025 10:00
9468,4,292,19,1/29/2025 11:00
9469,134,152,2,1/29/2025 12:00
9470,166,384,16,1/29/2025 13:00
9471,26,233,11,1/29/2025 14:00
9472,139,474,8,1/29/2025 15:00
9473,17,405,12,1/29/2025 16:00
9474,92,146,3,1/29/2025 17:00
9475,31,271,13,1/29/2025 18:00
9476,163,335,2,1/29/2025 19:00
9477,144,134,13,1/29/2025 20:00
9478,107,171,8,1/29/2025 21:00
9479,146,415,15,1/29/2025 22:00
9480,111,28,9,1/29/2025 23:00
9481,101,136,11,1/30/2025 0:00
9482,112,413,3,1/30/2025 1:00
9483,62,405,7,1/30/2025 2:00
9484,112,465,14,1/30/2025 3:00
9485,155,376,15,1/30/2025 4:00
9486,163,241,9,1/30/2025 5:00
9487,116,344,11,1/30/2025 6:00
9488,173,442,7,1/30/2025 7:00
9489,35,444,12,1/30/2025 8:00
9490,28,434,19,1/30/2025 9:00
9491,103,228,18,1/30/2025 10:00
9492,125,287,13,1/30/2025 11:00
9493,102,303,11,1/30/2025 12:00
9494,137,34,1,1/30/2025 13:00
9495,143,2,6,1/30/2025 14:00
9496,21,362,2,1/30/2025 15:00
9497,52,195,13,1/30/2025 16:00
9498,163,94,13,1/30/2025 17:00
9499,97,328,19,1/30/2025 18:00
9500,51,308,9,1/30/2025 19:00
9501,83,135,19,1/30/2025 20:00
9502,55,204,1,1/30/2025 21:00
9503,77,250,8,1/30/2025 22:00
9504,127,147,14,1/30/2025 23:00
9505,172,346,16,1/31/2025 0:00
9506,193,348,4,1/31/2025 1:00
9507,93,254,18,1/31/2025 2:00
9508,88,399,14,1/31/2025 3:00
9509,80,334,9,1/31/2025 4:00
9510,153,176,15,1/31/2025 5:00
9511,92,125,3,1/31/2025 6:00
9512,47,251,4,1/31/2025 7:00
9513,184,398,18,1/31/2025 8:00
9514,38,131,14,1/31/2025 9:00
9515,139,50,15,1/31/2025 10:00
9516,195,93,8,1/31/2025 11:00
9517,15,380,10,1/31/2025 12:00
9518,1,310,12,1/31/2025 13:00
9519,135,390,9,1/31/2025 14:00
9520,1,433,8,1/31/2025 15:00
9521,49,407,17,1/31/2025 16:00
9522,96,220,9,1/31/2025 17:00
9523,157,334,13,1/31/2025 18:00
9524,26,334,14,1/31/2025 19:00
9525,87,20,5,1/31/2025 20:00
9526,173,205,9,1/31/2025 21:00
9527,93,91,16,1/31/2025 22:00
9528,102,444,19,1/31/2025 23:00
9529,71,355,7,2/1/2025 0:00
9530,140,173,12,2/1/2025 1:00
9531,95,189,2,2/1/2025 2:00
9532,160,312,18,2/1/2025 3:00
9533,118,2,18,2/1/2025 4:00
9534,148,361,16,2/1/2025 5:00
9535,119,429,11,2/1/2025 6:00
9536,51,168,2,2/1/2025 7:00
9537,81,368,14,2/1/2025 8:00
9538,36,24,4,2/1/2025 9:00
9539,67,413,7,2/1/2025 10:00
9540,129,451,2,2/1/2025 11:00
9541,114,365,14,2/1/2025 12:00
9542,155,68,7,2/1/2025 13:00
9543,111,370,9,2/1/2025 14:00
9544,168,194,8,2/1/2025 15:00
9545,142,84,9,2/1/2025 16:00
9546,100,438,7,2/1/2025 17:00
9547,197,437,19,2/1/2025 18:00
9548,109,207,17,2/1/2025 19:00
9549,120,49,13,2/1/2025 20:00
9550,79,32,11,2/1/2025 21:00
9551,134,317,18,2/1/2025 22:00
9552,161,170,17,2/1/2025 23:00
9553,183,129,16,2/2/2025 0:00
9554,19,447,10,2/2/2025 1:00
9555,127,102,4,2/2/2025 2:00
9556,29,35,4,2/2/2025 3:00
9557,189,307,11,2/2/2025 4:00
9558,198,199,8,2/2/2025 5:00
9559,24,301,9,2/2/2025 6:00
9560,151,77,16,2/2/2025 7:00
9561,10,369,10,2/2/2025 8:00
9562,182,321,9,2/2/2025 9:00
9563,105,14,3,2/2/2025 10:00
9564,169,349,2,2/2/2025 11:00
9565,177,131,9,2/2/2025 12:00
9566,145,238,13,2/2/2025 13:00
9567,184,280,6,2/2/2025 14:00
9568,173,65,4,2/2/2025 15:00
9569,158,432,14,2/2/2025 16:00
9570,172,138,11,2/2/2025 17:00
9571,55,269,2,2/2/2025 18:00
9572,147,228,3,2/2/2025 19:00
9573,157,201,5,2/2/2025 20:00
9574,2,142,7,2/2/2025 21:00
9575,164,100,11,2/2/2025 22:00
9576,147,138,12,2/2/2025 23:00
9577,135,168,11,2/3/2025 0:00
9578,154,407,19,2/3/2025 1:00
9579,111,99,13,2/3/2025 2:00
9580,38,311,4,2/3/2025 3:00
9581,131,319,14,2/3/2025 4:00
9582,102,327,12,2/3/2025 5:00
9583,194,426,2,2/3/2025 6:00
9584,95,355,8,2/3/2025 7:00
9585,92,66,19,2/3/2025 8:00
9586,71,335,13,2/3/2025 9:00
9587,171,329,1,2/3/2025 10:00
9588,190,47,5,2/3/2025 11:00
9589,199,337,11,2/3/2025 12:00
9590,24,382,11,2/3/2025 13:00
9591,167,231,13,2/3/2025 14:00
9592,68,308,2,2/3/2025 15:00
9593,128,146,19,2/3/2025 16:00
9594,93,207,16,2/3/2025 17:00
9595,44,146,5,2/3/2025 18:00
9596,133,152,14,2/3/2025 19:00
9597,55,279,19,2/3/2025 20:00
9598,158,140,5,2/3/2025 21:00
9599,29,151,9,2/3/2025 22:00
9600,154,21,12,2/3/2025 23:00
9601,154,254,16,2/4/2025 0:00
9602,37,64,19,2/4/2025 1:00
9603,115,218,15,2/4/2025 2:00
9604,181,72,17,2/4/2025 3:00
9605,158,478,15,2/4/2025 4:00
9606,3,162,3,2/4/2025 5:00
9607,122,130,17,2/4/2025 6:00
9608,43,69,13,2/4/2025 7:00
9609,7,415,9,2/4/2025 8:00
9610,125,225,13,2/4/2025 9:00
9611,49,246,16,2/4/2025 10:00
9612,121,68,19,2/4/2025 11:00
9613,73,454,14,2/4/2025 12:00
9614,41,471,8,2/4/2025 13:00
9615,106,493,19,2/4/2025 14:00
9616,77,403,3,2/4/2025 15:00
9617,182,384,18,2/4/2025 16:00
9618,127,107,16,2/4/2025 17:00
9619,197,109,14,2/4/2025 18:00
9620,91,328,16,2/4/2025 19:00
9621,155,103,17,2/4/2025 20:00
9622,8,141,11,2/4/2025 21:00
9623,32,65,13,2/4/2025 22:00
9624,64,134,11,2/4/2025 23:00
9625,138,199,4,2/5/2025 0:00
9626,13,368,14,2/5/2025 1:00
9627,191,155,5,2/5/2025 2:00
9628,93,79,4,2/5/2025 3:00
9629,163,436,1,2/5/2025 4:00
9630,61,382,14,2/5/2025 5:00
9631,182,482,7,2/5/2025 6:00
9632,8,250,10,2/5/2025 7:00
9633,29,377,2,2/5/2025 8:00
9634,95,87,10,2/5/2025 9:00
9635,41,304,3,2/5/2025 10:00
9636,158,241,8,2/5/2025 11:00
9637,149,88,10,2/5/2025 12:00
9638,11,463,8,2/5/2025 13:00
9639,2,483,14,2/5/2025 14:00
9640,178,324,18,2/5/2025 15:00
9641,169,172,9,2/5/2025 16:00
9642,194,357,9,2/5/2025 17:00
9643,131,17,4,2/5/2025 18:00
9644,80,223,3,2/5/2025 19:00
9645,179,294,14,2/5/2025 20:00
9646,196,394,14,2/5/2025 21:00
9647,87,310,16,2/5/2025 22:00
9648,153,498,5,2/5/2025 23:00
9649,158,219,15,2/6/2025 0:00
9650,106,234,9,2/6/2025 1:00
9651,139,390,7,2/6/2025 2:00
9652,17,248,13,2/6/2025 3:00
9653,154,390,8,2/6/2025 4:00
9654,23,52,12,2/6/2025 5:00
9655,184,15,4,2/6/2025 6:00
9656,180,324,16,2/6/2025 7:00
9657,48,441,6,2/6/2025 8:00
9658,20,112,5,2/6/2025 9:00
9659,2,184,1,2/6/2025 10:00
9660,88,360,14,2/6/2025 11:00
9661,31,7,9,2/6/2025 12:00
9662,155,51,18,2/6/2025 13:00
9663,130,314,6,2/6/2025 14:00
9664,78,241,15,2/6/2025 15:00
9665,4,245,16,2/6/2025 16:00
9666,141,448,8,2/6/2025 17:00
9667,163,365,19,2/6/2025 18:00
9668,128,367,5,2/6/2025 19:00
9669,200,410,14,2/6/2025 20:00
9670,194,186,7,2/6/2025 21:00
9671,134,287,4,2/6/2025 22:00
9672,31,450,1,2/6/2025 23:00
9673,138,92,4,2/7/2025 0:00
9674,21,106,14,2/7/2025 1:00
9675,23,13,16,2/7/2025 2:00
9676,131,146,7,2/7/2025 3:00
9677,160,478,10,2/7/2025 4:00
9678,148,119,10,2/7/2025 5:00
9679,29,203,4,2/7/2025 6:00
9680,105,141,12,2/7/2025 7:00
9681,52,115,6,2/7/2025 8:00
9682,115,152,13,2/7/2025 9:00
9683,174,57,1,2/7/2025 10:00
9684,162,382,8,2/7/2025 11:00
9685,101,157,16,2/7/2025 12:00
9686,84,440,5,2/7/2025 13:00
9687,61,310,7,2/7/2025 14:00
9688,125,133,3,2/7/2025 15:00
9689,200,163,2,2/7/2025 16:00
9690,71,275,2,2/7/2025 17:00
9691,70,183,10,2/7/2025 18:00
9692,139,77,9,2/7/2025 19:00
9693,108,325,18,2/7/2025 20:00
9694,191,44,6,2/7/2025 21:00
9695,21,206,6,2/7/2025 22:00
9696,131,38,10,2/7/2025 23:00
9697,82,318,9,2/8/2025 0:00
9698,88,22,9,2/8/2025 1:00
9699,111,73,3,2/8/2025 2:00
9700,10,241,12,2/8/2025 3:00
9701,155,424,11,2/8/2025 4:00
9702,12,154,14,2/8/2025 5:00
9703,7,237,19,2/8/2025 6:00
9704,145,381,10,2/8/2025 7:00
9705,193,5,19,2/8/2025 8:00
9706,192,221,5,2/8/2025 9:00
9707,114,310,9,2/8/2025 10:00
9708,26,86,1,2/8/2025 11:00
9709,15,177,15,2/8/2025 12:00
9710,33,259,4,2/8/2025 13:00
9711,62,220,7,2/8/2025 14:00
9712,47,38,6,2/8/2025 15:00
9713,95,142,15,2/8/2025 16:00
9714,35,431,6,2/8/2025 17:00
9715,193,398,7,2/8/2025 18:00
9716,200,235,3,2/8/2025 19:00
9717,76,203,13,2/8/2025 20:00
9718,123,329,2,2/8/2025 21:00
9719,83,294,3,2/8/2025 22:00
9720,25,448,13,2/8/2025 23:00
9721,57,495,9,2/9/2025 0:00
9722,32,172,19,2/9/2025 1:00
9723,63,125,18,2/9/2025 2:00
9724,12,326,5,2/9/2025 3:00
9725,63,65,10,2/9/2025 4:00
9726,77,281,14,2/9/2025 5:00
9727,92,272,17,2/9/2025 6:00
9728,1,244,3,2/9/2025 7:00
9729,179,15,7,2/9/2025 8:00
9730,70,226,9,2/9/2025 9:00
9731,136,465,5,2/9/2025 10:00
9732,196,131,4,2/9/2025 11:00
9733,133,195,3,2/9/2025 12:00
9734,86,293,13,2/9/2025 13:00
9735,39,209,9,2/9/2025 14:00
9736,23,439,7,2/9/2025 15:00
9737,68,381,8,2/9/2025 16:00
9738,180,113,10,2/9/2025 17:00
9739,4,244,1,2/9/2025 18:00
9740,126,166,1,2/9/2025 19:00
9741,175,191,19,2/9/2025 20:00
9742,21,257,2,2/9/2025 21:00
9743,184,327,12,2/9/2025 22:00
9744,105,218,13,2/9/2025 23:00
9745,66,495,14,2/10/2025 0:00
9746,187,359,5,2/10/2025 1:00
9747,7,275,3,2/10/2025 2:00
9748,49,52,17,2/10/2025 3:00
9749,16,374,1,2/10/2025 4:00
9750,145,158,14,2/10/2025 5:00
9751,84,363,6,2/10/2025 6:00
9752,87,55,17,2/10/2025 7:00
9753,98,14,4,2/10/2025 8:00
9754,75,269,6,2/10/2025 9:00
9755,34,340,1,2/10/2025 10:00
9756,161,90,9,2/10/2025 11:00
9757,26,27,4,2/10/2025 12:00
9758,66,89,9,2/10/2025 13:00
9759,125,393,9,2/10/2025 14:00
9760,63,41,13,2/10/2025 15:00
9761,87,304,17,2/10/2025 16:00
9762,41,268,3,2/10/2025 17:00
9763,186,138,6,2/10/2025 18:00
9764,98,6,15,2/10/2025 19:00
9765,124,242,14,2/10/2025 20:00
9766,79,162,13,2/10/2025 21:00
9767,10,180,9,2/10/2025 22:00
9768,15,297,15,2/10/2025 23:00
9769,42,467,14,2/11/2025 0:00
9770,93,6,4,2/11/2025 1:00
9771,185,386,11,2/11/2025 2:00
9772,17,271,2,2/11/2025 3:00
9773,188,401,16,2/11/2025 4:00
9774,9,272,19,2/11/2025 5:00
9775,114,156,16,2/11/2025 6:00
9776,36,85,7,2/11/2025 7:00
9777,36,200,11,2/11/2025 8:00
9778,48,10,12,2/11/2025 9:00
9779,51,138,4,2/11/2025 10:00
9780,97,242,16,2/11/2025 11:00
9781,119,394,16,2/11/2025 12:00
9782,95,201,7,2/11/2025 13:00
9783,70,156,13,2/11/2025 14:00
9784,74,408,5,2/11/2025 15:00
9785,80,275,1,2/11/2025 16:00
9786,68,225,5,2/11/2025 17:00
9787,150,68,14,2/11/2025 18:00
9788,77,184,11,2/11/2025 19:00
9789,116,195,2,2/11/2025 20:00
9790,6,42,18,2/11/2025 21:00
9791,154,396,15,2/11/2025 22:00
9792,75,402,14,2/11/2025 23:00
9793,88,151,13,2/12/2025 0:00
9794,3,84,2,2/12/2025 1:00
9795,52,134,19,2/12/2025 2:00
9796,74,309,8,2/12/2025 3:00
9797,125,354,17,2/12/2025 4:00
9798,188,298,15,2/12/2025 5:00
9799,191,450,14,2/12/2025 6:00
9800,65,30,3,2/12/2025 7:00
9801,52,9,17,2/12/2025 8:00
9802,76,475,3,2/12/2025 9:00
9803,142,170,13,2/12/2025 10:00
9804,89,290,18,2/12/2025 11:00
9805,72,168,1,2/12/2025 12:00
9806,68,344,7,2/12/2025 13:00
9807,156,497,5,2/12/2025 14:00
9808,199,145,2,2/12/2025 15:00
9809,138,413,17,2/12/2025 16:00
9810,115,228,10,2/12/2025 17:00
9811,57,306,4,2/12/2025 18:00
9812,66,76,9,2/12/2025 19:00
9813,90,223,11,2/12/2025 20:00
9814,50,177,12,2/12/2025 21:00
9815,14,457,12,2/12/2025 22:00
9816,16,189,18,2/12/2025 23:00
9817,182,467,4,2/13/2025 0:00
9818,171,302,9,2/13/2025 1:00
9819,42,46,8,2/13/2025 2:00
9820,110,382,19,2/13/2025 3:00
9821,22,17,13,2/13/2025 4:00
9822,68,66,2,2/13/2025 5:00
9823,19,360,19,2/13/2025 6:00
9824,66,261,14,2/13/2025 7:00
9825,167,123,5,2/13/2025 8:00
9826,73,231,10,2/13/2025 9:00
9827,147,438,17,2/13/2025 10:00
9828,144,125,16,2/13/2025 11:00
9829,54,112,17,2/13/2025 12:00
9830,153,272,1,2/13/2025 13:00
9831,112,81,15,2/13/2025 14:00
9832,18,246,17,2/13/2025 15:00
9833,151,347,11,2/13/2025 16:00
9834,117,391,5,2/13/2025 17:00
9835,85,500,4,2/13/2025 18:00
9836,139,392,9,2/13/2025 19:00
9837,39,328,16,2/13/2025 20:00
9838,105,215,12,2/13/2025 21:00
9839,68,352,18,2/13/2025 22:00
9840,25,235,3,2/13/2025 23:00
9841,191,367,15,2/14/2025 0:00
9842,158,82,18,2/14/2025 1:00
9843,173,294,12,2/14/2025 2:00
9844,123,310,13,2/14/2025 3:00
9845,121,76,1,2/14/2025 4:00
9846,61,15,4,2/14/2025 5:00
9847,100,220,8,2/14/2025 6:00
9848,51,230,19,2/14/2025 7:00
9849,98,434,5,2/14/2025 8:00
9850,137,440,11,2/14/2025 9:00
9851,2,479,17,2/14/2025 10:00
9852,5,372,17,2/14/2025 11:00
9853,190,265,2,2/14/2025 12:00
9854,197,264,1,2/14/2025 13:00
9855,180,110,4,2/14/2025 14:00
9856,86,403,9,2/14/2025 15:00
9857,133,307,2,2/14/2025 16:00
9858,187,200,3,2/14/2025 17:00
9859,68,226,6,2/14/2025 18:00
9860,9,185,13,2/14/2025 19:00
9861,93,452,15,2/14/2025 20:00
9862,150,31,11,2/14/2025 21:00
9863,155,102,10,2/14/2025 22:00
9864,138,259,3,2/14/2025 23:00
9865,125,99,9,2/15/2025 0:00
9866,61,339,10,2/15/2025 1:00
9867,51,299,12,2/15/2025 2:00
9868,10,285,8,2/15/2025 3:00
9869,134,266,17,2/15/2025 4:00
9870,62,140,5,2/15/2025 5:00
9871,113,302,8,2/15/2025 6:00
9872,133,286,18,2/15/2025 7:00
9873,122,350,11,2/15/2025 8:00
9874,198,466,10,2/15/2025 9:00
9875,191,216,15,2/15/2025 10:00
9876,123,32,6,2/15/2025 11:00
9877,184,457,19,2/15/2025 12:00
9878,187,303,17,2/15/2025 13:00
9879,63,88,10,2/15/2025 14:00
9880,111,63,5,2/15/2025 15:00
9881,89,410,16,2/15/2025 16:00
9882,187,387,12,2/15/2025 17:00
9883,51,279,5,2/15/2025 18:00
9884,178,459,1,2/15/2025 19:00
9885,132,74,2,2/15/2025 20:00
9886,104,306,5,2/15/2025 21:00
9887,123,420,19,2/15/2025 22:00
9888,48,124,15,2/15/2025 23:00
9889,32,269,1,2/16/2025 0:00
9890,120,382,11,2/16/2025 1:00
9891,179,285,18,2/16/2025 2:00
9892,180,422,3,2/16/2025 3:00
9893,99,461,9,2/16/2025 4:00
9894,74,121,4,2/16/2025 5:00
9895,34,346,13,2/16/2025 6:00
9896,164,212,9,2/16/2025 7:00
9897,70,389,3,2/16/2025 8:00
9898,171,148,16,2/16/2025 9:00
9899,110,78,8,2/16/2025 10:00
9900,16,365,7,2/16/2025 11:00
9901,59,14,17,2/16/2025 12:00
9902,181,136,16,2/16/2025 13:00
9903,19,304,18,2/16/2025 14:00
9904,95,397,16,2/16/2025 15:00
9905,113,280,15,2/16/2025 16:00
9906,41,79,2,2/16/2025 17:00
9907,81,243,4,2/16/2025 18:00
9908,175,193,5,2/16/2025 19:00
9909,103,470,7,2/16/2025 20:00
9910,54,418,15,2/16/2025 21:00
9911,183,242,17,2/16/2025 22:00
9912,95,51,10,2/16/2025 23:00
9913,147,232,9,2/17/2025 0:00
9914,62,259,16,2/17/2025 1:00
9915,99,384,3,2/17/2025 2:00
9916,93,375,9,2/17/2025 3:00
9917,187,218,8,2/17/2025 4:00
9918,65,206,7,2/17/2025 5:00
9919,68,314,17,2/17/2025 6:00
9920,28,489,5,2/17/2025 7:00
9921,18,381,7,2/17/2025 8:00
9922,26,456,13,2/17/2025 9:00
9923,104,369,18,2/17/2025 10:00
9924,147,311,14,2/17/2025 11:00
9925,55,375,18,2/17/2025 12:00
9926,119,120,3,2/17/2025 13:00
9927,124,80,17,2/17/2025 14:00
9928,185,42,19,2/17/2025 15:00
9929,134,21,7,2/17/2025 16:00
9930,129,10,4,2/17/2025 17:00
9931,8,313,15,2/17/2025 18:00
9932,51,153,8,2/17/2025 19:00
9933,85,312,16,2/17/2025 20:00
9934,25,294,1,2/17/2025 21:00
9935,175,86,16,2/17/2025 22:00
9936,183,113,2,2/17/2025 23:00
9937,192,189,2,2/18/2025 0:00
9938,83,112,8,2/18/2025 1:00
9939,93,175,12,2/18/2025 2:00
9940,117,310,11,2/18/2025 3:00
9941,138,302,6,2/18/2025 4:00
9942,56,452,19,2/18/2025 5:00
9943,12,4,18,2/18/2025 6:00
9944,161,222,5,2/18/2025 7:00
9945,120,450,15,2/18/2025 8:00
9946,71,221,8,2/18/2025 9:00
9947,17,171,6,2/18/2025 10:00
9948,189,318,12,2/18/2025 11:00
9949,122,484,19,2/18/2025 12:00
9950,124,213,12,2/18/2025 13:00
9951,10,253,12,2/18/2025 14:00
9952,31,124,9,2/18/2025 15:00
9953,60,128,10,2/18/2025 16:00
9954,70,213,17,2/18/2025 17:00
9955,17,112,18,2/18/2025 18:00
9956,50,85,16,2/18/2025 19:00
9957,37,4,4,2/18/2025 20:00
9958,190,65,18,2/18/2025 21:00
9959,118,318,3,2/18/2025 22:00
9960,200,346,16,2/18/2025 23:00
9961,157,120,14,2/19/2025 0:00
9962,160,243,9,2/19/2025 1:00
9963,80,386,6,2/19/2025 2:00
9964,11,137,4,2/19/2025 3:00
9965,134,247,2,2/19/2025 4:00
9966,123,441,10,2/19/2025 5:00
9967,35,45,11,2/19/2025 6:00
9968,33,146,7,2/19/2025 7:00
9969,18,368,5,2/19/2025 8:00
9970,165,176,4,2/19/2025 9:00
9971,13,42,6,2/19/2025 10:00
9972,90,297,2,2/19/2025 11:00
9973,110,459,2,2/19/2025 12:00
9974,192,89,16,2/19/2025 13:00
9975,1,218,13,2/19/2025 14:00
9976,63,442,7,2/19/2025 15:00
9977,34,228,5,2/19/2025 16:00
9978,103,298,17,2/19/2025 17:00
9979,10,291,13,2/19/2025 18:00
9980,128,422,15,2/19/2025 19:00
9981,7,67,3,2/19/2025 20:00
9982,56,251,4,2/19/2025 21:00
9983,80,41,15,2/19/2025 22:00
9984,165,99,18,2/19/2025 23:00
9985,157,306,3,2/20/2025 0:00
9986,12,360,7,2/20/2025 1:00
9987,145,342,8,2/20/2025 2:00
9988,48,456,11,2/20/2025 3:00
9989,26,79,9,2/20/2025 4:00
9990,112,301,12,2/20/2025 5:00
9991,122,199,5,2/20/2025 6:00
9992,12,147,1,2/20/2025 7:00
9993,149,488,14,2/20/2025 8:00
9994,42,106,3,2/20/2025 9:00
9995,61,401,15,2/20/2025 10:00
9996,58,193,10,2/20/2025 11:00
9997,182,493,10,2/20/2025 12:00
9998,34,477,3,2/20/2025 13:00
9999,7,122,6,2/20/2025 14:00
10000,109,77,5,2/20/2025 15:00
